{"noiseKey":{"private":{"type":"Buffer","data":"KHxItgfobW65R/ZVLjG9tybhsTOP36M47kHmvupcG04="},"public":{"type":"Buffer","data":"iGtMNIeVrP5RfQ9Ik9s1xjNTfTIzwcupZILRbI1fBTQ="}},"signedIdentityKey":{"private":{"type":"Buffer","data":"8ADS1ZIFQt/s2tnL6eAu0MY0bYGEkKYIk3jdR5Nm+WM="},"public":{"type":"Buffer","data":"Z0sLHuUxrMMKF9OgYCP/TFGQDQ///H1M0kgBwwGTASs="}},"signedPreKey":{"keyPair":{"private":{"type":"Buffer","data":"6AvqLVDN6HuYLSvJ1SV0vonmnAoQij1scBbAamMlEmc="},"public":{"type":"Buffer","data":"mHLXRq+HLUB9EQY8k5QkrLeH1WrstIYdPynJcx1O3CM="}},"signature":{"type":"Buffer","data":"LeYySfMNqSxdOg2bT7uRS3T/3mXXXIEJx464JVo3AMtdR3W+U/H9tmCsfPxTEXs24TEmqm0AzZlXAp2gS96aig=="},"keyId":1},"registrationId":184,"advSecretKey":"1ow/8NP4q/mdRBXREYK4mqK+pb7dLmsCjpa1yyl+ELg=","processedHistoryMessages":[{"key":{"remoteJid":"6285785449835@s.whatsapp.net","fromMe":true,"id":"8F13F901804CDA390F6B59B98FF96940"},"messageTimestamp":1690504042},{"key":{"remoteJid":"6285785449835@s.whatsapp.net","fromMe":true,"id":"00E9FC96C14B2C8B78CFE055EE245F18"},"messageTimestamp":1690504077},{"key":{"remoteJid":"6285785449835@s.whatsapp.net","fromMe":true,"id":"DEB15333E0E0DF7E25F23875E688D1D5"},"messageTimestamp":1690504095}],"nextPreKeyId":134,"firstUnuploadedPreKeyId":134,"accountSyncCounter":1,"accountSettings":{"unarchiveChats":false},"deviceId":"Y2_kfXE1RimeXr5W12J3yQ","phoneId":"c341b70a-e2a6-49e5-a677-43d93b3e1a45","identityId":{"type":"Buffer","data":"DoI6bdtQiH4wXS20FFZRgIv5+Is="},"registered":false,"backupToken":{"type":"Buffer","data":"erXmT9JLkLhQaxtwJUb11D+iWgY="},"registration":{},"account":{"details":"CPuY3ccCEOCWjKYGGAM=","accountSignatureKey":"AM7Nc7jbVjOJn5mQ3Xyct8kI5wX/Qw0SKCMDbkbwsyo=","accountSignature":"85j5ynCIvRoF7p25DbM6akBgcQFzU6rbslwLby/yYZihSvo/IOkjL7AuUVyP/IWYr+V3Fay1ppmK5lDxXdrDCw==","deviceSignature":"Yl4vxjMkieyyIppu2vppTfNiDLVOPTE2zRP5mMjyyrf2XI8ETzp3mdp3uxGZcUWDo0WdbGpsc3OH2dEvXugKjg=="},"me":{"id":"6285785449835:23@s.whatsapp.net","name":"Bot"},"signalIdentities":[{"identifier":{"name":"6285785449835:23@s.whatsapp.net","deviceId":0},"identifierKey":{"type":"Buffer","data":"BQDOzXO421YziZ+ZkN18nLfJCOcF/0MNEigjA25G8LMq"}}],"platform":"smba","lastAccountSyncTimestamp":1690504604,"myAppStateKeyId":"AAAAAJEn"}