[{"senderKeyId":685561436,"senderChainKey":{"iteration":2,"seed":"JIBkYCEoqoaufD3C0mIiGJ/KmJijVk0qTJp+CSTWGQo="},"senderSigningKey":{"public":"BbsgX8LFlwUCr3iYIrW3IGVB1H3xgVNAzTYYsjJ9KX1v"},"senderMessageKeys":[]},{"senderKeyId":1157257884,"senderChainKey":{"iteration":3,"seed":"63zNU/qwqKlDHd+NK5a/Bxv+MYm5s5agRB6IBUEYdek="},"senderSigningKey":{"public":"BU3kUONOXip9T1Sb8bh9UVogdwm4G/qXojt11+jHemMF"},"senderMessageKeys":[]},{"senderKeyId":1157257884,"senderChainKey":{"iteration":2,"seed":"Fi7V43dRZYvsHpa6crRW2R9VgntAjf/L3wv7LSYRLyI="},"senderSigningKey":{"public":"BU3kUONOXip9T1Sb8bh9UVogdwm4G/qXojt11+jHemMF"},"senderMessageKeys":[]}]