[{"senderKeyId":1683229747,"senderChainKey":{"iteration":131,"seed":"3k4xStqDR5xFkYvB1ZVO82pKwG01QyFb9s7OEKLnyJM="},"senderSigningKey":{"public":"BX9z2WhKQ/mrnc/K3+Pp2uM8dOsRxu0j1wF5GwXR+xc9"},"senderMessageKeys":[{},{},{},{},{},{},{},{},{},{},{},{},{},{},{},{},{},{},{},{},{},{},{},{},{},{},{},{},{},{},{},{},{},{},{},{},{},{},{},{},{},{},{},{},{},{},{},{},{},{},{},{},{},{},{},{},{},{},{}]},{"senderKeyId":1683229747,"senderChainKey":{"iteration":117,"seed":"Mce1OE8vIil/6HU1VlpOR6kONTTvnYDFDtwk5q5fAvA="},"senderSigningKey":{"public":"BX9z2WhKQ/mrnc/K3+Pp2uM8dOsRxu0j1wF5GwXR+xc9"},"senderMessageKeys":[]}]