[{"senderKeyId":886100780,"senderChainKey":{"iteration":26,"seed":"nEoXlWYy69SsCmYr9c9Ilqoo2aTI33djjVMpPDEGC2Q="},"senderSigningKey":{"public":"BT7Qn1q9/T9o+6YDKE0iofDq1iGKh1tGEHG/ip4nDwA+"},"senderMessageKeys":[]},{"senderKeyId":1126914923,"senderChainKey":{"iteration":3,"seed":"xiHnQAwwfCbAhIKog6Tlg5E1t29N5a4Ka9YW6KO4mKU="},"senderSigningKey":{"public":"BRlrZqxKEtD0/eZ076ySP8J3+PfTlLHCRWGUG2qIKB5n"},"senderMessageKeys":[]},{"senderKeyId":1170646741,"senderChainKey":{"iteration":112,"seed":"L58B3n6VwUk/kf15l0QGs5SddU6dZry62OBcmbvofPU="},"senderSigningKey":{"public":"BUpfHcX2dNgfooq1XxTxkgeKRX/B98MQwsHWWSWGCTg+"},"senderMessageKeys":[{},{},{},{},{},{},{},{},{},{},{}]},{"senderKeyId":1170646741,"senderChainKey":{"iteration":31,"seed":"IV6ga2ByDop2LQ0OgZVTOFjvEnFw2snwydnujlfO4J4="},"senderSigningKey":{"public":"BUpfHcX2dNgfooq1XxTxkgeKRX/B98MQwsHWWSWGCTg+"},"senderMessageKeys":[]},{"senderKeyId":323488332,"senderChainKey":{"iteration":28,"seed":"Rqy+cMGwc9UAWm76p2cfH9RH43EJrR73xjCkJvCJBlg="},"senderSigningKey":{"public":"Bdy23DwMzzquaHQt2eGKAuynXUNfieCSSCMy/Na8ZoQ3"},"senderMessageKeys":[]}]