[{"senderKeyId":1426703913,"senderChainKey":{"iteration":1,"seed":"nRScX2hdkfcZY4M6KUYE7MYCoMw1nW6EG9/k1tgSyhc="},"senderSigningKey":{"public":"BWZVVHZSveUV+W0z0BrOc7V+aTPYUvgz+t+KZW7v0sYC"},"senderMessageKeys":[]},{"senderKeyId":390492707,"senderChainKey":{"iteration":1,"seed":"ZD9CydM3MW/2tuzbTkMvv02IQTnYkrsCg8tlQljdvSM="},"senderSigningKey":{"public":"BQFRrBxUQABtib3tVnJtHYTQcRUUfRHFOtxR5QztO28k"},"senderMessageKeys":[]},{"senderKeyId":1241545995,"senderChainKey":{"iteration":1,"seed":"VOfWCsflnmb9V+R2NINNY4AMnB6Zu0dZCNFjAvzfcnM="},"senderSigningKey":{"public":"BYq2i4IVUliTaLYXCiu9lIgAroRvja3McVWn3YI70ZN+"},"senderMessageKeys":[]},{"senderKeyId":376038953,"senderChainKey":{"iteration":1,"seed":"Wk34VCyWnJXrh208fJIFxene6A3Rw3PNrRbmVqH9Omw="},"senderSigningKey":{"public":"BTtsl23B5Mx5w2bb1YaPh6t2f4dWFDrfefh7CsOCDu86"},"senderMessageKeys":[]}]