[{"senderKeyId":575656445,"senderChainKey":{"iteration":13,"seed":"F29Im3LlprkJCUr2lD01FsftAdkNsUjMQ4pxLSTgk7c="},"senderSigningKey":{"public":"BcRaXpxHNv90pll7ihQd+DAwfJLLkfNY01qqv9KGFJhs"},"senderMessageKeys":[]},{"senderKeyId":575656445,"senderChainKey":{"iteration":11,"seed":"VkYoYCCKNsvYpHpqwp3sMnkpYTJuI5246YFkn3SAD+Y="},"senderSigningKey":{"public":"BcRaXpxHNv90pll7ihQd+DAwfJLLkfNY01qqv9KGFJhs"},"senderMessageKeys":[]},{"senderKeyId":575656445,"senderChainKey":{"iteration":12,"seed":"cYPQR3KE9tdKQUCOYMkanGmGM+TucDbmli2T1YIfel0="},"senderSigningKey":{"public":"BcRaXpxHNv90pll7ihQd+DAwfJLLkfNY01qqv9KGFJhs"},"senderMessageKeys":[]}]