[{"senderKeyId":552246739,"senderChainKey":{"iteration":236,"seed":"vDqXQsZ8FHrlKPnTwfluyIFzK+6pcIX0JmUknOjBMbM="},"senderSigningKey":{"public":"BRe0Tagr7G12mtFU+5cpaCkEx2zevo3kqdTob2tjPfdG"},"senderMessageKeys":[{},{},{},{},{},{},{},{},{},{},{},{},{},{},{},{},{},{},{},{},{},{},{},{},{},{},{},{},{},{},{},{},{},{},{},{},{},{},{},{},{},{},{},{},{},{},{},{},{}]},{"senderKeyId":552246739,"senderChainKey":{"iteration":93,"seed":"P32XABpAe2HEMKxQGibxIA4FtKdRJOHDlrsXjTn5gfo="},"senderSigningKey":{"public":"BRe0Tagr7G12mtFU+5cpaCkEx2zevo3kqdTob2tjPfdG"},"senderMessageKeys":[]}]