{"_sessions":{"BVem9WxJUrmPqlBCmj7VgWPTNqflC32hX/xPgH1ZxC8e":{"registrationId":2062431869,"currentRatchet":{"ephemeralKeyPair":{"pubKey":"BcEtgZ2ULT5UgCIGleLZfmhejmVsn4BBTW7ntSkwkwVR","privKey":"eDsqqR3lPkmeXSBKFEG+cyoCBn6NxMPS3HuEVrrztW4="},"lastRemoteEphemeralKey":"Bd9pft6qxHV05npk/3awDYwSewwQ6QUTB5emPHgB1ZQl","previousCounter":0,"rootKey":"nlBxeWtJZaJQoRiFiIWDKe/+AIdgrCFHkt3mbNrvE6w="},"indexInfo":{"baseKey":"BVem9WxJUrmPqlBCmj7VgWPTNqflC32hX/xPgH1ZxC8e","baseKeyType":1,"closed":-1,"used":1690512636663,"created":1690512636663,"remoteIdentityKey":"BYYfK2pZRrWt6eQDp+LbTfJVxiiSSz/nY2L1uX3Df2Vv"},"_chains":{"BcEtgZ2ULT5UgCIGleLZfmhejmVsn4BBTW7ntSkwkwVR":{"chainKey":{"counter":124,"key":"1kENzbOVuI9KLnBn/3WtD0azN/iTT3mL49HgkR6x3I0="},"chainType":1,"messageKeys":{}}},"pendingPreKey":{"signedKeyId":0,"baseKey":"BVem9WxJUrmPqlBCmj7VgWPTNqflC32hX/xPgH1ZxC8e","preKeyId":5511173}}},"version":"v1"}