{"_sessions":{"BXVHCUWeetCpspUXJm8QiN8uPfavGF6FHQtqF2xVIjBZ":{"registrationId":735861264,"currentRatchet":{"ephemeralKeyPair":{"pubKey":"BSwzKMUM5ky3BdWSOmJqMmoToEugjsscEl3teZAGDjhb","privKey":"SFrtCe4hVn6pgQXjJUbSsPSYUEoK9Fw0Vi9Aip31ll8="},"lastRemoteEphemeralKey":"BVDa4Mqg3aSzX4LJ9QaiiwG59geOKFhBqj6j/QsLdAYJ","previousCounter":0,"rootKey":"BPVDQJH9D6hB6bqKxNiuyUj9H8+kDtPMtYxwKTLT+R0="},"indexInfo":{"baseKey":"BXVHCUWeetCpspUXJm8QiN8uPfavGF6FHQtqF2xVIjBZ","baseKeyType":1,"closed":-1,"used":1690523856690,"created":1690523856690,"remoteIdentityKey":"BfnAvnuyyB0SE0aBtyCG97uOejmrN2Hd9Y+W7TKsIdxM"},"_chains":{"BSwzKMUM5ky3BdWSOmJqMmoToEugjsscEl3teZAGDjhb":{"chainKey":{"counter":197,"key":"bPNCwXNVfZz4IMLSnoErsAZRvZ4hWSP/s4/SMJy9PfA="},"chainType":1,"messageKeys":{}}},"pendingPreKey":{"signedKeyId":2,"baseKey":"BXVHCUWeetCpspUXJm8QiN8uPfavGF6FHQtqF2xVIjBZ","preKeyId":7123651}}},"version":"v1"}