{"_sessions":{"BXbLUWOLNns3oqwDqOEMKO7uKJ/WB3xiNaDvcND5mUUj":{"registrationId":1136997868,"currentRatchet":{"ephemeralKeyPair":{"pubKey":"BSTdlfPOy6hCdevW4e10QPI7/mzAj8EJvIGxtfaQAzJY","privKey":"YJQJh/KyuNXCxRjxZpws7/ZrBinazHFKQIaF7Id8Tn0="},"lastRemoteEphemeralKey":"BSgs28wph6ESrh0xN32d5JSh5PjWEGfsXSNJjLt2TvlJ","previousCounter":0,"rootKey":"Rf2H1hfSnfIcQZF78iiQO/Ujai2JKmvJwvleIJ2JFRg="},"indexInfo":{"baseKey":"BXbLUWOLNns3oqwDqOEMKO7uKJ/WB3xiNaDvcND5mUUj","baseKeyType":1,"closed":-1,"used":1690512636484,"created":1690512636484,"remoteIdentityKey":"BXa36J4RjanB1ys9jbfsP/FD9eLY9MyYmjgSJs7VLKhF"},"_chains":{"BSTdlfPOy6hCdevW4e10QPI7/mzAj8EJvIGxtfaQAzJY":{"chainKey":{"counter":127,"key":"FWkcB/7IGg8xddHOBOWI/DCgvZ45noeyno/k5rIyLBI="},"chainType":1,"messageKeys":{}}},"pendingPreKey":{"signedKeyId":21,"baseKey":"BXbLUWOLNns3oqwDqOEMKO7uKJ/WB3xiNaDvcND5mUUj","preKeyId":14409616}}},"version":"v1"}