{"_sessions":{"BVQk316ofC4/QNKvh398gEuHtP0Yqelsh77QBLy/5YFR":{"registrationId":709472181,"currentRatchet":{"ephemeralKeyPair":{"pubKey":"BR9ocLFIOuCMbCRCzpQWvdnbMT7Tjw/nxxBtZ1IxPOBg","privKey":"8MsMxA/Z+oP7L0wqRv0RD5MDOocALIVPkgp/cFaTjlw="},"lastRemoteEphemeralKey":"BQSqPsMtyWaaJZEvAqtIIG90Xo6QtLQ8ry2cOzCTPPNh","previousCounter":0,"rootKey":"1iHe1MiXxT0626uW1g+eb2ytLS6gAHzsWE15z4Qr2AE="},"indexInfo":{"baseKey":"BVQk316ofC4/QNKvh398gEuHtP0Yqelsh77QBLy/5YFR","baseKeyType":1,"closed":-1,"used":1690512636600,"created":1690512636600,"remoteIdentityKey":"BTZ+UzpiYDZuE6iXXokxIqNrRKMnQwak0TUEYTNwvShO"},"_chains":{"BR9ocLFIOuCMbCRCzpQWvdnbMT7Tjw/nxxBtZ1IxPOBg":{"chainKey":{"counter":124,"key":"seEzW29Tlx5kEbHCZqUbyEojQ7wXk03Oq3c6hPr67Q4="},"chainType":1,"messageKeys":{}}},"pendingPreKey":{"signedKeyId":3,"baseKey":"BVQk316ofC4/QNKvh398gEuHtP0Yqelsh77QBLy/5YFR","preKeyId":13780313}}},"version":"v1"}