{"_sessions":{"BWdl/cG4TIzg12mMv8r5rYFMGdjSijw8krYn+jJ6h5I1":{"registrationId":15553,"currentRatchet":{"ephemeralKeyPair":{"pubKey":"BYg5TB4+/OKHGYr8ueqHeSbvrIuIlQvdVmSIV4KX2sRF","privKey":"yFYh9yO3VBswas6H/IGhLiN+1aT7wFnW9owAn5sir1U="},"lastRemoteEphemeralKey":"BRylvho8Muq+l13WcI1nUjV1Re+p2ldhRk2/4rxXJjRe","previousCounter":0,"rootKey":"j+MNFiMH1Dj3/YJFwMWlWn6YX0+R7QujzhpPFx59A/E="},"indexInfo":{"baseKey":"BWdl/cG4TIzg12mMv8r5rYFMGdjSijw8krYn+jJ6h5I1","baseKeyType":1,"closed":-1,"used":1690523854742,"created":1690523854742,"remoteIdentityKey":"BXV7venMXHyiHG5hP3+BA6fCTvu8plCRXFv+9Y6j/KFP"},"_chains":{"BYg5TB4+/OKHGYr8ueqHeSbvrIuIlQvdVmSIV4KX2sRF":{"chainKey":{"counter":197,"key":"pXTEc1AHTHKhhCrmF1QpfMhL+ISbkRTuN9XCCUEbZPk="},"chainType":1,"messageKeys":{}}},"pendingPreKey":{"signedKeyId":1,"baseKey":"BWdl/cG4TIzg12mMv8r5rYFMGdjSijw8krYn+jJ6h5I1"}}},"version":"v1"}