{"_sessions":{"BaCKl7GQ7xKyS0V5AcnLEqzBIyVR7Nlx5QQauBDzkE8T":{"registrationId":181326862,"currentRatchet":{"ephemeralKeyPair":{"pubKey":"BX9chf+h9AW7wJjSfCHklZVZo5zNE/d44gOlzDw1VMxJ","privKey":"QOQaSkFDhFixok+EY56ZMOXXWxDIDYSOyy7ZhcHLnl8="},"lastRemoteEphemeralKey":"BQpBT+RRz5L7CLJ0vMextZWPu84vaEM2D5lt/craivVU","previousCounter":0,"rootKey":"lQ7SUiIVgpAqQ0EwsojOQhkV4Te07Q5EcAxXbFBs2qg="},"indexInfo":{"baseKey":"BaCKl7GQ7xKyS0V5AcnLEqzBIyVR7Nlx5QQauBDzkE8T","baseKeyType":1,"closed":-1,"used":1690525403185,"created":1690525403185,"remoteIdentityKey":"BTAIvJrHA4FPuMoDDctyknSaIswXudafIGVrO4MRoPtI"},"_chains":{"BX9chf+h9AW7wJjSfCHklZVZo5zNE/d44gOlzDw1VMxJ":{"chainKey":{"counter":2,"key":"5BhoKt9azZY6ROcWImRfFLfRbaSB4wBtxZl+Km3m41Y="},"chainType":1,"messageKeys":{}}},"pendingPreKey":{"signedKeyId":2,"baseKey":"BaCKl7GQ7xKyS0V5AcnLEqzBIyVR7Nlx5QQauBDzkE8T","preKeyId":4064400}}},"version":"v1"}