{"_sessions":{"BV8oc8UoPeBUvmcWuf1XjrzbXuwD0tV0a7OqoLYLkl5M":{"registrationId":638208890,"currentRatchet":{"ephemeralKeyPair":{"pubKey":"BaLKgEYRzwwGsAGKbIJRkNhv1jJkWg4KndVB6ODkpDV6","privKey":"sAzL0wqhyvwqmMtTvCABKWrqxrkSdjlRE/by2gtFn3g="},"lastRemoteEphemeralKey":"BSq8GkYSHyp2WsbZsykG4KArMqI4Lb691EDMYDDwaUAt","previousCounter":0,"rootKey":"43NPGSIhdHJpDDAt7buGk75IA+Iih2HlJO8ieXcsba0="},"indexInfo":{"baseKey":"BV8oc8UoPeBUvmcWuf1XjrzbXuwD0tV0a7OqoLYLkl5M","baseKeyType":1,"closed":1690524164926,"used":1690512637200,"created":1690512637200,"remoteIdentityKey":"BfBKs+Y4OIHCKFKdY43LxZpJC1DliI//Zvco+BDe3mdn"},"_chains":{"BaLKgEYRzwwGsAGKbIJRkNhv1jJkWg4KndVB6ODkpDV6":{"chainKey":{"counter":89,"key":"Kyk7oT+763B/Ir/mzuwHxHODvp7nCXeHmewZu2k+ZpQ="},"chainType":1,"messageKeys":{}}},"pendingPreKey":{"signedKeyId":19,"baseKey":"BV8oc8UoPeBUvmcWuf1XjrzbXuwD0tV0a7OqoLYLkl5M","preKeyId":1618058}},"BW+D3GKscFg48ITf2ZXYIi0VIvOzfpEh98CujBYKDGM0":{"registrationId":638208890,"currentRatchet":{"ephemeralKeyPair":{"pubKey":"BdMoW8zcJOvlW0wbbC/7wobflH2ONbQtJxgFBj4JKedF","privKey":"kLygQpk0ywividPavyfLRbgLwDhmIpF2MC/FiDQxjnE="},"lastRemoteEphemeralKey":"BSq8GkYSHyp2WsbZsykG4KArMqI4Lb691EDMYDDwaUAt","previousCounter":0,"rootKey":"u6Rh2V6s8moUFTZpHao1exvn1453ReCXLpXhVh5ab84="},"indexInfo":{"baseKey":"BW+D3GKscFg48ITf2ZXYIi0VIvOzfpEh98CujBYKDGM0","baseKeyType":1,"closed":1690524179740,"used":1690524164886,"created":1690524164886,"remoteIdentityKey":"BfBKs+Y4OIHCKFKdY43LxZpJC1DliI//Zvco+BDe3mdn"},"_chains":{"BdMoW8zcJOvlW0wbbC/7wobflH2ONbQtJxgFBj4JKedF":{"chainKey":{"counter":3,"key":"Aw3eaInuCWuWZlKavjqRNN7AQ/9nBBmzMW5flHE8Q6I="},"chainType":1,"messageKeys":{}}},"pendingPreKey":{"signedKeyId":19,"baseKey":"BW+D3GKscFg48ITf2ZXYIi0VIvOzfpEh98CujBYKDGM0","preKeyId":1617841}},"BR6YYcld1qUgte+jzkvntsNfoSvXSatVaWKG3SN9Gip9":{"registrationId":638208890,"currentRatchet":{"ephemeralKeyPair":{"pubKey":"BVSpk20lZCijb52UfhfxPQSuQQrHOr5P/Ezs2hwfYxVF","privKey":"wJaynLFsyH83CWrOMqi0nXy9uBk+3oG7GNq76Chrhls="},"lastRemoteEphemeralKey":"BSq8GkYSHyp2WsbZsykG4KArMqI4Lb691EDMYDDwaUAt","previousCounter":0,"rootKey":"fpZvuaywI+bOgJPZrKRCeWUzy9i7ouLIFhkBfjpjvUU="},"indexInfo":{"baseKey":"BR6YYcld1qUgte+jzkvntsNfoSvXSatVaWKG3SN9Gip9","baseKeyType":1,"closed":1690524193283,"used":1690524179708,"created":1690524179708,"remoteIdentityKey":"BfBKs+Y4OIHCKFKdY43LxZpJC1DliI//Zvco+BDe3mdn"},"_chains":{"BVSpk20lZCijb52UfhfxPQSuQQrHOr5P/Ezs2hwfYxVF":{"chainKey":{"counter":3,"key":"SKGsW4JpzRRuFfFqtnaSy+cV8dRtdygrZ26QUklhE7I="},"chainType":1,"messageKeys":{}}},"pendingPreKey":{"signedKeyId":19,"baseKey":"BR6YYcld1qUgte+jzkvntsNfoSvXSatVaWKG3SN9Gip9","preKeyId":1617830}},"BSsVCg0ZCNIyF51gC4ca8N1+pcClhmSr2+7REP/xNBg1":{"registrationId":638208890,"currentRatchet":{"ephemeralKeyPair":{"pubKey":"BTnIh/cf5x7A2jISTHH42fHdzbjKwB9IiS03NPVuIdhp","privKey":"ODqsDjCuTjk9DA5UKz6SBp1kTi2foinaAS6XWyc2x28="},"lastRemoteEphemeralKey":"BSq8GkYSHyp2WsbZsykG4KArMqI4Lb691EDMYDDwaUAt","previousCounter":0,"rootKey":"GvbXVvLWxSXVKh+Llr0ilE8EN5DibUT8TgMJLYTF2L8="},"indexInfo":{"baseKey":"BSsVCg0ZCNIyF51gC4ca8N1+pcClhmSr2+7REP/xNBg1","baseKeyType":1,"closed":-1,"used":1690524193268,"created":1690524193268,"remoteIdentityKey":"BfBKs+Y4OIHCKFKdY43LxZpJC1DliI//Zvco+BDe3mdn"},"_chains":{"BTnIh/cf5x7A2jISTHH42fHdzbjKwB9IiS03NPVuIdhp":{"chainKey":{"counter":224,"key":"2nmydY6uahegmCfgaulbBRvE6dJiyAmC7noc4l/7IMk="},"chainType":1,"messageKeys":{}}},"pendingPreKey":{"signedKeyId":19,"baseKey":"BSsVCg0ZCNIyF51gC4ca8N1+pcClhmSr2+7REP/xNBg1","preKeyId":1618124}}},"version":"v1"}