{"_sessions":{"BeB+yuKJ0/c0i8CYuKXZJeSM3dvlCBMhdM+8q5B/6nUl":{"registrationId":1559534093,"currentRatchet":{"ephemeralKeyPair":{"pubKey":"BQlQQ0yL6YvfYOKq1bP/LDnJEnAREDE0yHzDaLpfB/wM","privKey":"AOQa/Gw3NwrfbgYEtjk7fU0DrcJIoI0P5BA23XMwpmc="},"lastRemoteEphemeralKey":"Bbmzvk8i42pJ9h7pVhdpLldhtkX9eDAhCKl2Lq60NVBr","previousCounter":0,"rootKey":"MuI1xkwAXDWcEpHyHLKYs8aA8WlERG3h3fyRK3S4VdY="},"indexInfo":{"baseKey":"BeB+yuKJ0/c0i8CYuKXZJeSM3dvlCBMhdM+8q5B/6nUl","baseKeyType":1,"closed":-1,"used":1690512636632,"created":1690512636632,"remoteIdentityKey":"BZ+H/cyHxFz0xQ30GlU8EzRd40g92ifuKFw0wk8XgTBZ"},"_chains":{"BQlQQ0yL6YvfYOKq1bP/LDnJEnAREDE0yHzDaLpfB/wM":{"chainKey":{"counter":4,"key":"ItjG6dsr713jR34x5xmxlnghkoMp/6HoiuyXolK+c/0="},"chainType":1,"messageKeys":{}}},"pendingPreKey":{"signedKeyId":6,"baseKey":"BeB+yuKJ0/c0i8CYuKXZJeSM3dvlCBMhdM+8q5B/6nUl","preKeyId":13224934}}},"version":"v1"}