{"_sessions":{"BWYtm2Y3EpoxPClqLmQDHYbuCkyU0fnqRXwnamw2Su0Z":{"registrationId":1947740043,"currentRatchet":{"ephemeralKeyPair":{"pubKey":"BV+3HIArsB1r5f/Y6y8I3N/C2dgTZPsT7G/lUz5RP74s","privKey":"CPikEug8SX61rkmxsgQhazp3JqTiZdg5so1wgeUIH28="},"lastRemoteEphemeralKey":"BehlLp8Grk0Ej+QEesgUJMtnvTxRwCvt6IVMivjLWLRw","previousCounter":0,"rootKey":"cD+5rNlqmkeojOhXwifuK+/j1usFs8LGQr4zPA68ySw="},"indexInfo":{"baseKey":"BWYtm2Y3EpoxPClqLmQDHYbuCkyU0fnqRXwnamw2Su0Z","baseKeyType":1,"closed":-1,"used":1690512636013,"created":1690512636013,"remoteIdentityKey":"BRyajqy/eGpeMlo0FFlKITouSjJvcLLlW7nazq+3tMkH"},"_chains":{"BV+3HIArsB1r5f/Y6y8I3N/C2dgTZPsT7G/lUz5RP74s":{"chainKey":{"counter":124,"key":"4rFhE6l4peaL3O1qyvs01uC4OiFvoGv2gZJvEHQU6NQ="},"chainType":1,"messageKeys":{}}},"pendingPreKey":{"signedKeyId":1,"baseKey":"BWYtm2Y3EpoxPClqLmQDHYbuCkyU0fnqRXwnamw2Su0Z","preKeyId":8099327}}},"version":"v1"}