{"_sessions":{"BasuYfC1YArVFyGRyWquIU9XA3u5aCfuyxfn3platwkm":{"registrationId":999428135,"currentRatchet":{"ephemeralKeyPair":{"pubKey":"BUv0KjbBkkOLUZAb/iuHqM5B3A655MKr7Vj0zdF8Vu9t","privKey":"AG3J67TTtHaBrM5vdv6ne58RVg13BbiCB0ad1+4eyV4="},"lastRemoteEphemeralKey":"BauBdT++7gqtcAolG0Xe8O7CS0RqJumWlcjKf8JPcVQX","previousCounter":0,"rootKey":"7aJVX3v/Mluo7uK4Bpe85oHa+ot8GdMtHg/+gNuJjzg="},"indexInfo":{"baseKey":"BasuYfC1YArVFyGRyWquIU9XA3u5aCfuyxfn3platwkm","baseKeyType":1,"closed":-1,"used":1690512845752,"created":1690512845752,"remoteIdentityKey":"BSkzSP4g11GqxlYxTLmYlCUe+OAywaWQf2tuylakKigm"},"_chains":{"BUv0KjbBkkOLUZAb/iuHqM5B3A655MKr7Vj0zdF8Vu9t":{"chainKey":{"counter":2,"key":"SjLnRlLAClaRCNRSLkgscSzoQT2KrpIPYOLzgUfLTp8="},"chainType":1,"messageKeys":{}}},"pendingPreKey":{"signedKeyId":1,"baseKey":"BasuYfC1YArVFyGRyWquIU9XA3u5aCfuyxfn3platwkm","preKeyId":981107}}},"version":"v1"}