{"_sessions":{"BfeFm9vKlH/5kdf6pPftY+Woj/ILnz7/zcDuRzq2+p1v":{"registrationId":125,"currentRatchet":{"ephemeralKeyPair":{"pubKey":"BSRbXur/5QmszvlZXLE+9DUpsIlicnWstzrS/2BntS4c","privKey":"kLGo4U4RdxjZSHNaQEkYKDMD+pM8FTScaQDeh5GhMWs="},"lastRemoteEphemeralKey":"BRuHmxg2FFeoAcfZ2yr4SmH37aThAMTcT8y9nXf9nrhb","previousCounter":0,"rootKey":"ef+As6YHLBnOWawT4+3KQLFBSJGsItC9Cdc//9ANJO8="},"indexInfo":{"baseKey":"BfeFm9vKlH/5kdf6pPftY+Woj/ILnz7/zcDuRzq2+p1v","baseKeyType":1,"closed":-1,"used":1690526903381,"created":1690526903381,"remoteIdentityKey":"BYlvyHLRold16iwmgFtXk+XzxfxLxkmsAWT/cA1z0lVh"},"_chains":{"BSRbXur/5QmszvlZXLE+9DUpsIlicnWstzrS/2BntS4c":{"chainKey":{"counter":11,"key":"5hl8BpXGrufSmBjveE0sNq3XBs61o2l8p54dq63kNzw="},"chainType":1,"messageKeys":{}}},"pendingPreKey":{"signedKeyId":1,"baseKey":"BfeFm9vKlH/5kdf6pPftY+Woj/ILnz7/zcDuRzq2+p1v"}}},"version":"v1"}