{"_sessions":{"BWvayxg5tntXv8HcuF8tHEFMXjnPnFW7xsbxhgekAStA":{"registrationId":1386237328,"currentRatchet":{"ephemeralKeyPair":{"pubKey":"BSiAupATLHbrW1ImUzzAW8dk3apEKeMJwdfsMvIA0Hll","privKey":"+Kn9rjqDMPo6dZRlmJ7Hq7AY5Owf2/zk9nskaeZ2qHo="},"lastRemoteEphemeralKey":"BTg0U4OmYkveqVFWO8hC/Lq3AXmC9Errl2jFn+0XimIa","previousCounter":0,"rootKey":"aTXX8kp42/+VNs2GMr4Um8HOTv8AgVXdpD4rehHN5Mk="},"indexInfo":{"baseKey":"BWvayxg5tntXv8HcuF8tHEFMXjnPnFW7xsbxhgekAStA","baseKeyType":1,"closed":-1,"used":1690523858105,"created":1690523858105,"remoteIdentityKey":"BRwlM6uaHFaIP8ht/ypEfRnP1jQRMjhhA3Tvj1b9H4wP"},"_chains":{"BSiAupATLHbrW1ImUzzAW8dk3apEKeMJwdfsMvIA0Hll":{"chainKey":{"counter":197,"key":"PpkNJVcseD/5o4actaJEzHbkQ9/ZGq5VipfLPMg5Wbg="},"chainType":1,"messageKeys":{}}},"pendingPreKey":{"signedKeyId":0,"baseKey":"BWvayxg5tntXv8HcuF8tHEFMXjnPnFW7xsbxhgekAStA"}}},"version":"v1"}