{"_sessions":{"BaXK17laAzChck9xIIiJph9ebKreWmjya/I9Diq6rfR5":{"registrationId":269890185,"currentRatchet":{"ephemeralKeyPair":{"pubKey":"BYjFXbbEzR0psepPtNQp+Td+bMKo7w7XFAYksF4/kz8n","privKey":"8CzJQCKPPJeuZBJ1ydT85cig7i7JL2Intekd4DZgikM="},"lastRemoteEphemeralKey":"BWErP3SgSaA7CpR+iYJSVz9Q2jR9A/BBHau+ESP7ZmAq","previousCounter":0,"rootKey":"Z1J1A2w8TUom43Z8HjWR8LMfYVqnVLOKebnTgIuVMTs="},"indexInfo":{"baseKey":"BaXK17laAzChck9xIIiJph9ebKreWmjya/I9Diq6rfR5","baseKeyType":1,"closed":-1,"used":1690512847172,"created":1690512847172,"remoteIdentityKey":"BdyLVwg9wdiZoSvHcKoAnFBC4X7JiAmNzKSb2srLdig8"},"_chains":{"BYjFXbbEzR0psepPtNQp+Td+bMKo7w7XFAYksF4/kz8n":{"chainKey":{"counter":2,"key":"nmFj3g/TZFqd3aHS3ntuMHCEeOk2SNeRFkw+hmQ8KIE="},"chainType":1,"messageKeys":{}}},"pendingPreKey":{"signedKeyId":35,"baseKey":"BaXK17laAzChck9xIIiJph9ebKreWmjya/I9Diq6rfR5","preKeyId":1984651}}},"version":"v1"}