{"_sessions":{"BZs/Nl86+l6+oZYdRV4h2zuEq7WF0sPWlfCiVM36MBQC":{"registrationId":1352795077,"currentRatchet":{"ephemeralKeyPair":{"pubKey":"BaFuTyhHIjiV2RaZ+c8Cm7wih2RzQOc4LkElnLCktI4I","privKey":"6D8EcM+fKOJ1R6AeDa/mxvmnUU1cL6D/u8lUHpzClmM="},"lastRemoteEphemeralKey":"BZJUMe8e+eg5Z7/boGvVu4/6epV4bzZ7XfkZM1JzsY9P","previousCounter":0,"rootKey":"zuoezJMw23IPDy6MnP1J/+itkpQYy6vF7k7EZGgDz+U="},"indexInfo":{"baseKey":"BZs/Nl86+l6+oZYdRV4h2zuEq7WF0sPWlfCiVM36MBQC","baseKeyType":1,"closed":-1,"used":1690512636814,"created":1690512636814,"remoteIdentityKey":"BUxdVjqHSTduhe6WKdMPQunIwSzaLat5/geY5MdxGAki"},"_chains":{"BaFuTyhHIjiV2RaZ+c8Cm7wih2RzQOc4LkElnLCktI4I":{"chainKey":{"counter":127,"key":"ucPtW3xekj0nZhdeGHQh7nJ3F+stJxzvTlRq/8CWYVs="},"chainType":1,"messageKeys":{}}},"pendingPreKey":{"signedKeyId":4,"baseKey":"BZs/Nl86+l6+oZYdRV4h2zuEq7WF0sPWlfCiVM36MBQC","preKeyId":12091250}}},"version":"v1"}