{"_sessions":{"Be2kdqXVE/RzVH1X+NpBxSxdqgJ6XauWpgtA6L+OWMdp":{"registrationId":384731591,"currentRatchet":{"ephemeralKeyPair":{"pubKey":"BXSkwd0CiyqgTLWtZ3ZmVJORkGJ54f1nfx21MhHBP6UL","privKey":"EPIr/dIkBE2UNyJwcj+wXLJ5Fti+oY/iOvwU85o2ZWE="},"lastRemoteEphemeralKey":"BdgOTHN4jzkB+GzRM+nKefM+LAv4XkNrouZ7JxPoZu1N","previousCounter":0,"rootKey":"eAYkB2wwA8lOzRKTOK48forew01CdafPYj2Uubhan1M="},"indexInfo":{"baseKey":"Be2kdqXVE/RzVH1X+NpBxSxdqgJ6XauWpgtA6L+OWMdp","baseKeyType":1,"closed":-1,"used":1690512635929,"created":1690512635929,"remoteIdentityKey":"BVIkLgQhRFTMK1cm3Ds7ax2GZzjszLp7nino9rFmbRZS"},"_chains":{"BXSkwd0CiyqgTLWtZ3ZmVJORkGJ54f1nfx21MhHBP6UL":{"chainKey":{"counter":124,"key":"Stbn/WC+qMoBWZRUgzYyRs3aBux4WOIyrhvuAkOaWxY="},"chainType":1,"messageKeys":{}}},"pendingPreKey":{"signedKeyId":0,"baseKey":"Be2kdqXVE/RzVH1X+NpBxSxdqgJ6XauWpgtA6L+OWMdp"}}},"version":"v1"}