{"_sessions":{"Be1bDIvjf6LV5lSj7y9KyuI4qy/iCvpEaLcsyiGEctIV":{"registrationId":7990,"currentRatchet":{"ephemeralKeyPair":{"pubKey":"BVDmASVeBPD9jY3YX5MoEywEDUZZEi4kh6Bwzo26f9Q+","privKey":"iOlISpRN6zIpZeJ/KANu/uo28XHM25ZCpn8C1ls5U3k="},"lastRemoteEphemeralKey":"BR16kL/a+cK3KARCrCmVHert7TMwvqW4DFtjTyHg7GEx","previousCounter":0,"rootKey":"c7wyDm24W812KG2DYFsyc54KpSil0JMOZeO29iQH1RU="},"indexInfo":{"baseKey":"Be1bDIvjf6LV5lSj7y9KyuI4qy/iCvpEaLcsyiGEctIV","baseKeyType":1,"closed":-1,"used":1690512845812,"created":1690512845812,"remoteIdentityKey":"BbFKcgMP3L/bB1lbZeRzF+j9s47MXRdzr+5TNiO/rbcF"},"_chains":{"BVDmASVeBPD9jY3YX5MoEywEDUZZEi4kh6Bwzo26f9Q+":{"chainKey":{"counter":2,"key":"baSFzgMHyBZEHgUneLnpFmp9s8YbJfpBsl6ngLpJWkY="},"chainType":1,"messageKeys":{}}},"pendingPreKey":{"signedKeyId":4,"baseKey":"Be1bDIvjf6LV5lSj7y9KyuI4qy/iCvpEaLcsyiGEctIV","preKeyId":3198}}},"version":"v1"}