{"_sessions":{"BaFLeE9vPMcivlkiSM3ZhjSZSR17pMUNSRNS52aDIvgw":{"registrationId":2004427109,"currentRatchet":{"ephemeralKeyPair":{"pubKey":"BeSPDiCRZa+Jo289wZ8tCrjofYf0HTyVoEnMRG2qEQcr","privKey":"eILBNVOxB8wsn1ryq0BTMZN/mCKljmGpK7IRl/7Z80A="},"lastRemoteEphemeralKey":"BcZaieP0dbQWnpZHE2J1dK8S/SVKfcceqAhiGrgUCTgx","previousCounter":0,"rootKey":"t8tY162cLi9TVKxFiTt+rf3s7tcvl5mrH/i9CEDjZX4="},"indexInfo":{"baseKey":"BaFLeE9vPMcivlkiSM3ZhjSZSR17pMUNSRNS52aDIvgw","baseKeyType":1,"closed":-1,"used":1690523858019,"created":1690523858019,"remoteIdentityKey":"BdTTySELGc2pLBoKsI6wHhneDrPjI7KIDrMLfMAcUpRv"},"_chains":{"BeSPDiCRZa+Jo289wZ8tCrjofYf0HTyVoEnMRG2qEQcr":{"chainKey":{"counter":197,"key":"9h+criPyjDPB+PYAYknLzcgaSkwGm5r38J1juMnteb8="},"chainType":1,"messageKeys":{}}},"pendingPreKey":{"signedKeyId":3,"baseKey":"BaFLeE9vPMcivlkiSM3ZhjSZSR17pMUNSRNS52aDIvgw","preKeyId":11297350}}},"version":"v1"}