{"_sessions":{"BWrknhCS7ZvPOENGRjfcUN8m7qc1uqrezk6hNu9zgUY4":{"registrationId":11851,"currentRatchet":{"ephemeralKeyPair":{"pubKey":"BSA1KcM/EGhF4bMVe3D10wQD2c6lejeDzlQhFJv28pBx","privKey":"4MHhIVo9yWaqObzIJB8Jyp3mKjUaoUbs7xEGtgPu3HE="},"lastRemoteEphemeralKey":"BWZY44Hmxj3g5o9v/V7dHhDyWpAjCehlcMJnnESh+xIW","previousCounter":0,"rootKey":"Y4LajEUiu2CPKJuEBvXI/3M7l6p2ttvpXXfaY5GXZ+w="},"indexInfo":{"baseKey":"BWrknhCS7ZvPOENGRjfcUN8m7qc1uqrezk6hNu9zgUY4","baseKeyType":1,"closed":-1,"used":1690512635496,"created":1690512635496,"remoteIdentityKey":"BXkEkTnVtlmyC4lAWd7LJRoJnAhDLcEfX8gJUZj4+dFy"},"_chains":{"BSA1KcM/EGhF4bMVe3D10wQD2c6lejeDzlQhFJv28pBx":{"chainKey":{"counter":6,"key":"0FObYVjuxu+k3lPzNEg5qxdVkpOal9nyPDNyxwrSC3w="},"chainType":1,"messageKeys":{}}},"pendingPreKey":{"signedKeyId":1,"baseKey":"BWrknhCS7ZvPOENGRjfcUN8m7qc1uqrezk6hNu9zgUY4"}}},"version":"v1"}