{"_sessions":{"BSlwf8K+298H7+YwhJK68hT0ThjTGEDcW1GRhbD4JFdt":{"registrationId":634885972,"currentRatchet":{"ephemeralKeyPair":{"pubKey":"BQzgnfXbd+PNL+IWY5Xih6h6rGnughAoXAOq2ld+EgY/","privKey":"ULGTp9t6nR4VVzNC/aUTsF7M7B0EoyqXGc8XIAHWLU8="},"lastRemoteEphemeralKey":"BSTpYfn1nUQDotwRFgr1MlnKUKeJS+VUo1LUgDMp7q8q","previousCounter":0,"rootKey":"bLp9ObvZTHfetjNhBmrLoZz4LXHoOt8q786NHOyj6Jk="},"indexInfo":{"baseKey":"BSlwf8K+298H7+YwhJK68hT0ThjTGEDcW1GRhbD4JFdt","baseKeyType":1,"closed":-1,"used":1690523857761,"created":1690523857761,"remoteIdentityKey":"BVoWqOBk4UlhwXDRwD/qoWcHFSD12HKpNIPYNowNH/1r"},"_chains":{"BQzgnfXbd+PNL+IWY5Xih6h6rGnughAoXAOq2ld+EgY/":{"chainKey":{"counter":197,"key":"tc5oIfJpKtSSC5UeH+7TR0vuJ5DQpjKUgsPp4xxQ0oM="},"chainType":1,"messageKeys":{}}},"pendingPreKey":{"signedKeyId":0,"baseKey":"BSlwf8K+298H7+YwhJK68hT0ThjTGEDcW1GRhbD4JFdt","preKeyId":6058696}}},"version":"v1"}