{"_sessions":{"BcTpbZc0mIBYbR/F9pQvaBlVJQTlL0EhRYPWO4pU151U":{"registrationId":1040942370,"currentRatchet":{"ephemeralKeyPair":{"pubKey":"BbBEgD8IyfkgFCZh9gPsFQf7EDwMNvBLPdNB6ZTTBbUS","privKey":"aJB4A1JkJumy6JGvA2fnqaPu6fZCrvB7qDKsWgrpNl8="},"lastRemoteEphemeralKey":"BUvc7Fj41wOMiOl1CTyTEtN+JdXniX33fEcqHsRkqExd","previousCounter":0,"rootKey":"sJ4bhgO4PzbazzCXzWwjpYHmfbKDhyIYPQctYs3rimw="},"indexInfo":{"baseKey":"BcTpbZc0mIBYbR/F9pQvaBlVJQTlL0EhRYPWO4pU151U","baseKeyType":1,"closed":-1,"used":1690512847088,"created":1690512847088,"remoteIdentityKey":"Ba0xaFtyCjLxv6m++pC83CYKFCHnUdmZ8zL1OcXVVpp0"},"_chains":{"BbBEgD8IyfkgFCZh9gPsFQf7EDwMNvBLPdNB6ZTTBbUS":{"chainKey":{"counter":2,"key":"gLdjXPTY/ZE1BXh9il/ZWwAgCGB5T27Cq/wGPU44DYs="},"chainType":1,"messageKeys":{}}},"pendingPreKey":{"signedKeyId":0,"baseKey":"BcTpbZc0mIBYbR/F9pQvaBlVJQTlL0EhRYPWO4pU151U","preKeyId":15263171}}},"version":"v1"}