{"_sessions":{"Bfq8UURAOVGyAooQNTp99hYVsJVuBTv/mUZMKwUD5YAZ":{"registrationId":257682068,"currentRatchet":{"ephemeralKeyPair":{"pubKey":"BXmG7iHchYGl0OCVFBBldOKwxbmiTlCsLEODRRRJtYMb","privKey":"yJUBWYPdFF7XpJn/sfBSoObbilU0SKMMd247QW12AWM="},"lastRemoteEphemeralKey":"BY0S1qWxhZtuReEQng1wY1Ec+07vG6g37gI/6zUKqwgg","previousCounter":0,"rootKey":"vrWq9CWtsaKJEPe2X0UKZPM9HXwks2/E8Xn1EqQwz7o="},"indexInfo":{"baseKey":"Bfq8UURAOVGyAooQNTp99hYVsJVuBTv/mUZMKwUD5YAZ","baseKeyType":1,"closed":-1,"used":1690512847505,"created":1690512847505,"remoteIdentityKey":"BdfwTCDEZdziS40L2Qr9b8EzVSQnGFjVMGbXnNk1qxUJ"},"_chains":{"BXmG7iHchYGl0OCVFBBldOKwxbmiTlCsLEODRRRJtYMb":{"chainKey":{"counter":2,"key":"L7aW3KXbjTOU8AqU4D+Ji0i/VcayjVgUQYy9JdtrrTo="},"chainType":1,"messageKeys":{}}},"pendingPreKey":{"signedKeyId":5,"baseKey":"Bfq8UURAOVGyAooQNTp99hYVsJVuBTv/mUZMKwUD5YAZ","preKeyId":3475229}}},"version":"v1"}