{"_sessions":{"BTw0qxTaCx52HsdGeOJ6LK/WMXu0cToNhCLRsnM5ZfAS":{"registrationId":2142806105,"currentRatchet":{"ephemeralKeyPair":{"pubKey":"BZXlOQTcHFA/wNmuyxAypODVHL5Aav6CVuRwG3AlqD9j","privKey":"qK9b24P29e9NI/wyunZ9dWZsOUDF5EqzyfyL0qcxRmY="},"lastRemoteEphemeralKey":"Bazld1jOEm2EHUT0AYUA7+qV0ltojTxe/0ee9IqSjCEt","previousCounter":0,"rootKey":"DnRyE3Ti8GRySdjCjIGeSzzfgzwZT+/ZG8pSXPJHF/Y="},"indexInfo":{"baseKey":"BTw0qxTaCx52HsdGeOJ6LK/WMXu0cToNhCLRsnM5ZfAS","baseKeyType":1,"closed":-1,"used":1690523857079,"created":1690523857079,"remoteIdentityKey":"BYNAuyAgS/P+vPpMj2kK+5wZusBknOea2dh5NS0231IP"},"_chains":{"BZXlOQTcHFA/wNmuyxAypODVHL5Aav6CVuRwG3AlqD9j":{"chainKey":{"counter":197,"key":"ew6MkvZkHQ0RvIuqUser+U9VYlbI0be21eufGHsI75c="},"chainType":1,"messageKeys":{}}},"pendingPreKey":{"signedKeyId":0,"baseKey":"BTw0qxTaCx52HsdGeOJ6LK/WMXu0cToNhCLRsnM5ZfAS"}}},"version":"v1"}