{"_sessions":{"BfXXNBPFFqFbxqfEN777dN9TeLUnHGKE6WBuI3uLfL43":{"registrationId":0,"currentRatchet":{"ephemeralKeyPair":{"pubKey":"BQ/XX6uBDpnGTFlOGlgqB19edf7N4mj8vkbsxL6lgaoT","privKey":"eHGM0/HK2ZnS/mlWtBMJvV5ibf5tiVSvzZtZV44uDnQ="},"lastRemoteEphemeralKey":"BfOOt2ZIKtls8vST9e3VJpPHo7k56xVjhZNkYZ8V6eY4","previousCounter":0,"rootKey":"rbF4tI/MB0b59DXuY+5gB/yrW+huHqiOrAduFUUw3y0="},"indexInfo":{"baseKey":"BfXXNBPFFqFbxqfEN777dN9TeLUnHGKE6WBuI3uLfL43","baseKeyType":1,"closed":-1,"used":1690526903451,"created":1690526903451,"remoteIdentityKey":"BZejRS4UZKuHPTR8AcT2NXhr5lKgji7KHtzqmc2BtmxU"},"_chains":{"BQ/XX6uBDpnGTFlOGlgqB19edf7N4mj8vkbsxL6lgaoT":{"chainKey":{"counter":11,"key":"7G+6OodI2l+r91DdHuFCLEh4i3NzzXzToBBab+X0uxc="},"chainType":1,"messageKeys":{}}},"pendingPreKey":{"signedKeyId":1,"baseKey":"BfXXNBPFFqFbxqfEN777dN9TeLUnHGKE6WBuI3uLfL43"}}},"version":"v1"}