{"_sessions":{"BZPZRCSYw9/xWIHYzy55tGk+gDZdrHA4LL6o0102bJsk":{"registrationId":1877440997,"currentRatchet":{"ephemeralKeyPair":{"pubKey":"BTRLyfYeYBssPdAUfy6P2QaqIVnwopymJzFqupXo8Swo","privKey":"aHJsPa8dH0JtsKHogGzWEjXQJA/lG8JOPij/rixgn1A="},"lastRemoteEphemeralKey":"BdjQgCgy9Pm79uas/rAxw3UySIO1EGJmkWTkZkEIbz5R","previousCounter":0,"rootKey":"qsIdBg8BJ6ZHo9T7WprfGmkHsbBP205Ac4EEGqkNXp8="},"indexInfo":{"baseKey":"BZPZRCSYw9/xWIHYzy55tGk+gDZdrHA4LL6o0102bJsk","baseKeyType":1,"closed":-1,"used":1690523858168,"created":1690523858168,"remoteIdentityKey":"BTJND1LW568+y6j0W8HrMVSzdjXsGPSusrVoCNycuXsZ"},"_chains":{"BTRLyfYeYBssPdAUfy6P2QaqIVnwopymJzFqupXo8Swo":{"chainKey":{"counter":197,"key":"I86tRPEe96f0ur1/mgCfIkajtmlNAeoCkMQ1yBW9aFY="},"chainType":1,"messageKeys":{}}},"pendingPreKey":{"signedKeyId":1,"baseKey":"BZPZRCSYw9/xWIHYzy55tGk+gDZdrHA4LL6o0102bJsk","preKeyId":6191098}}},"version":"v1"}