{"_sessions":{"Bb77FaDkWJgbmhqxH3YRgx2cgxdmoUZIU0GSnwVk8Rty":{"registrationId":710262953,"currentRatchet":{"ephemeralKeyPair":{"pubKey":"BVjAMV+TTZRL3PuN63UK2Mvx5vK5ATiTP4Y/asEn1GIX","privKey":"IAhbqDHDHfGb8xkhuXwI3Xtv5VzY7YVpfiDN7mVrsmk="},"lastRemoteEphemeralKey":"BclttfPHxyUPH7Xv+qmdYgRKV1h9TP0nh80a29paTQxg","previousCounter":0,"rootKey":"yCXnpja5tw9hlYbvtLQ3qS3g/xnUaPCAWMXUToUb+48="},"indexInfo":{"baseKey":"Bb77FaDkWJgbmhqxH3YRgx2cgxdmoUZIU0GSnwVk8Rty","baseKeyType":1,"closed":-1,"used":1690512636240,"created":1690512636240,"remoteIdentityKey":"BVpHJiYPb3/nXDBKY3C2beRRwOhg7lrBc5YUZRVRh0I+"},"_chains":{"BVjAMV+TTZRL3PuN63UK2Mvx5vK5ATiTP4Y/asEn1GIX":{"chainKey":{"counter":325,"key":"r2Dr8OWKbIsXrEL/+mPeKyQqI82QXpa1Qn04RqxXYPo="},"chainType":1,"messageKeys":{}}},"pendingPreKey":{"signedKeyId":13,"baseKey":"Bb77FaDkWJgbmhqxH3YRgx2cgxdmoUZIU0GSnwVk8Rty","preKeyId":2236857}}},"version":"v1"}