{"_sessions":{"Bbd6DWktEo/rehB0ujwYyeduQiTv/P9GqIEVQguB1cAg":{"registrationId":85,"currentRatchet":{"ephemeralKeyPair":{"pubKey":"BSUOrv7nzpJGcXj3WeSEXbM21+CNqu/yYpSvSH1IFThR","privKey":"GJmAu1hq1zQq9MJ6j+sL33KcniHqQYlLXuUXG07JW3s="},"lastRemoteEphemeralKey":"BYf5pxPTgHTsy8vAc5vHMJDHil1heFU6QL6FCwpdaVxn","previousCounter":0,"rootKey":"Op2EcgAxQmzGJuY2Zyl8qGLeYmFip/vSd4e3XCAGW1k="},"indexInfo":{"baseKey":"Bbd6DWktEo/rehB0ujwYyeduQiTv/P9GqIEVQguB1cAg","baseKeyType":1,"closed":-1,"used":1690523855129,"created":1690523855129,"remoteIdentityKey":"BRJgcCqrMgvtqdnaYf3i+iF8hq1B8xT9JSZzteX3zoh9"},"_chains":{"BSUOrv7nzpJGcXj3WeSEXbM21+CNqu/yYpSvSH1IFThR":{"chainKey":{"counter":45,"key":"o4Ufznf2JTBb4EK42szQ0Pfy+hvP6FFfVsMKHceuor4="},"chainType":1,"messageKeys":{}}},"pendingPreKey":{"signedKeyId":1,"baseKey":"Bbd6DWktEo/rehB0ujwYyeduQiTv/P9GqIEVQguB1cAg"}}},"version":"v1"}