{"_sessions":{"BfK9drXTsakRDUdmezbJQwUmFzNhIVmih1UIMgyfwoNw":{"registrationId":35718128,"currentRatchet":{"ephemeralKeyPair":{"pubKey":"BY29PBnqop5rfeoCYdMyJalCATFomYY/lj8P7g2vFbcn","privKey":"mIP1f7YtoqkQxVWdbE6UeWHwJktgwFVC/t9DpGPEV00="},"lastRemoteEphemeralKey":"BaWrrBNGvIgsF9d7JcaLzDHZcz48SLKof43hNVOD4nou","previousCounter":0,"rootKey":"RdKo2NTUcEyqP3WM5mXNVB3WSVzmrsOAossUyCX8U1o="},"indexInfo":{"baseKey":"BfK9drXTsakRDUdmezbJQwUmFzNhIVmih1UIMgyfwoNw","baseKeyType":1,"closed":-1,"used":1690523857794,"created":1690523857794,"remoteIdentityKey":"BRmUWq7rcbYU76B7dfCTEJu5sNVGtrxcAt6UL49gybgX"},"_chains":{"BY29PBnqop5rfeoCYdMyJalCATFomYY/lj8P7g2vFbcn":{"chainKey":{"counter":197,"key":"StFaUEVa3i66tCpG0bjqlKll6dbetiMQzzTNhHLrcCI="},"chainType":1,"messageKeys":{}}},"pendingPreKey":{"signedKeyId":0,"baseKey":"BfK9drXTsakRDUdmezbJQwUmFzNhIVmih1UIMgyfwoNw"}}},"version":"v1"}