{"_sessions":{"BW9xQXwr2AL+3eg60z0L4pCyWXVDB52le5rAANLOp+It":{"registrationId":1104294190,"currentRatchet":{"ephemeralKeyPair":{"pubKey":"BSXh7kepDtRuJjlYK7JS+8xsR3goksJxR8ybNb/xNnIr","privKey":"sPLGctcwV+i9Fr572kpw+Fcqr8rBmPmpVGmWEr7dP34="},"lastRemoteEphemeralKey":"BXwiqwmlksbwkfrK4icu0NCtaKbBcRKAka2IAuaY01Uy","previousCounter":0,"rootKey":"kxC839ZI0dcsInYaZ26PwsPcgl1fTDc2HcponHr8VG8="},"indexInfo":{"baseKey":"BW9xQXwr2AL+3eg60z0L4pCyWXVDB52le5rAANLOp+It","baseKeyType":1,"closed":-1,"used":1690523857599,"created":1690523857599,"remoteIdentityKey":"BUONId2gt6jZ6y8W+lwdTZFdP0KVZd6gs5UDJ1UbECkd"},"_chains":{"BSXh7kepDtRuJjlYK7JS+8xsR3goksJxR8ybNb/xNnIr":{"chainKey":{"counter":197,"key":"pF0Ang5C4KO/1LgKXQO/jJlcm4HA8j60kccHzMUd0nw="},"chainType":1,"messageKeys":{}}},"pendingPreKey":{"signedKeyId":2,"baseKey":"BW9xQXwr2AL+3eg60z0L4pCyWXVDB52le5rAANLOp+It"}}},"version":"v1"}