{"_sessions":{"BeqfKyZ6I0ju/6C0HUtpd1LeFhz8IlzwY9zG1e9H6jVm":{"registrationId":743636726,"currentRatchet":{"ephemeralKeyPair":{"pubKey":"BQuO7LfhomB/vURCHRComWc7lZpk/DCTsch2cmnK/8x+","privKey":"mIv0OCdqMVq267r8yAHFOYtGfYj0MIVjWYdpCGRIjVY="},"lastRemoteEphemeralKey":"BTTA/RxOlggmyllLyNz8lhadsVMcIEAb+NgUURUYU5Er","previousCounter":0,"rootKey":"Fhflq8fB5O8p7FgJ7uYBTo0c+dht4Gd54PpcQXGEF4k="},"indexInfo":{"baseKey":"BeqfKyZ6I0ju/6C0HUtpd1LeFhz8IlzwY9zG1e9H6jVm","baseKeyType":1,"closed":-1,"used":1690512846756,"created":1690512846756,"remoteIdentityKey":"BVtWXzB3bCviJiuUd6LyItHAuSSXyD6qiKl7n7BjqZ90"},"_chains":{"BQuO7LfhomB/vURCHRComWc7lZpk/DCTsch2cmnK/8x+":{"chainKey":{"counter":2,"key":"KxIL9A/tOAi2cdKMcdU9+xgqjyHn4Hr5DESsihfARks="},"chainType":1,"messageKeys":{}}},"pendingPreKey":{"signedKeyId":4421012,"baseKey":"BeqfKyZ6I0ju/6C0HUtpd1LeFhz8IlzwY9zG1e9H6jVm","preKeyId":1598}}},"version":"v1"}