{"_sessions":{"BTQMItpFVO5asy1nyqJb2wW6/U0mfP2gvRL3IxuNHe8X":{"registrationId":2055277983,"currentRatchet":{"ephemeralKeyPair":{"pubKey":"BStphWRr791yN7GjXY35XrYRD5K2rCgN9EOac+Mqyboj","privKey":"uMjBr4KfJLgu/jFGWeGu+13nj1DlB7AwRvLF5K2oKmM="},"lastRemoteEphemeralKey":"BS/R159iKYiUlt/xV5dyv3AwZ3V5p0BrGPHYC2Ohdr4C","previousCounter":0,"rootKey":"C12rct/9d+3dWlJbr5212e8AvQOzA+/Px2xsIfzS350="},"indexInfo":{"baseKey":"BTQMItpFVO5asy1nyqJb2wW6/U0mfP2gvRL3IxuNHe8X","baseKeyType":1,"closed":-1,"used":1690523857017,"created":1690523857017,"remoteIdentityKey":"BWkvpF2shgpljNGpiLPbRFq7EhKxYv5pLc2B4lPcTohb"},"_chains":{"BStphWRr791yN7GjXY35XrYRD5K2rCgN9EOac+Mqyboj":{"chainKey":{"counter":197,"key":"h55KlSm7/zsleSusloF9C8qCbXJTwlIxdcwADTAiAHA="},"chainType":1,"messageKeys":{}}},"pendingPreKey":{"signedKeyId":0,"baseKey":"BTQMItpFVO5asy1nyqJb2wW6/U0mfP2gvRL3IxuNHe8X"}}},"version":"v1"}