{"_sessions":{"BdREw3rVUsmOpjEq5PmcIJEQb57tSWuF0Pt1oA8FPhp7":{"registrationId":132614347,"currentRatchet":{"ephemeralKeyPair":{"pubKey":"BZh0sJrAlCtHWTsdyiJ65OBPt5m2SYyUQsr7fruMpCss","privKey":"eEiED+KkdMNuBAzlvm9OqAvhZR+OOWK0W4YPSNdt0mo="},"lastRemoteEphemeralKey":"BY5mXACESkU3xnkeXDIM1qLoGsrsYow2UJgs+gQlOtZ6","previousCounter":0,"rootKey":"5GSJPAG8XvehhydSZkfaDyslBZE8XMfb3wIFX6ywUug="},"indexInfo":{"baseKey":"BdREw3rVUsmOpjEq5PmcIJEQb57tSWuF0Pt1oA8FPhp7","baseKeyType":1,"closed":-1,"used":1690523856515,"created":1690523856515,"remoteIdentityKey":"Bd1/+acybfC6QuQ0/1uDig0Cg6yW8YThuhc6D96WiT1t"},"_chains":{"BZh0sJrAlCtHWTsdyiJ65OBPt5m2SYyUQsr7fruMpCss":{"chainKey":{"counter":197,"key":"gy+/xaQCZDoBGbgydfMD/4LhmYeUyoerhcsv5PfS8LU="},"chainType":1,"messageKeys":{}}},"pendingPreKey":{"signedKeyId":0,"baseKey":"BdREw3rVUsmOpjEq5PmcIJEQb57tSWuF0Pt1oA8FPhp7","preKeyId":10059805}}},"version":"v1"}