{"_sessions":{"BaHWQ6bgdd6609x6Zx/7ifM+5QbO8bk6Sm01eCvGcpBf":{"registrationId":248592799,"currentRatchet":{"ephemeralKeyPair":{"pubKey":"BQq4A01tvUW+Os2nMyklBnfrzOyXn6uhiP8omVw9jVoW","privKey":"MBYYDbqBmF+gwiKnOYrWErxJhEMPTgyyueKBlHcJ7mA="},"lastRemoteEphemeralKey":"BfYrBp6xVcwuEZ7WwFc0/Jnx4+r30+2/cbUTjGe04Ss9","previousCounter":0,"rootKey":"yVWcEak7tnwYIZ5ihE+eP2yUShkJILg1igWmpEmf9g0="},"indexInfo":{"baseKey":"BaHWQ6bgdd6609x6Zx/7ifM+5QbO8bk6Sm01eCvGcpBf","baseKeyType":1,"closed":-1,"used":1690523857719,"created":1690523857719,"remoteIdentityKey":"BSQlRzCoOS9VOxT4W5b/qiqrpSM0F74V+iBtFtMkBgZM"},"_chains":{"BQq4A01tvUW+Os2nMyklBnfrzOyXn6uhiP8omVw9jVoW":{"chainKey":{"counter":197,"key":"xLXr0oQ+cRHtDJm2abCKpWZAIUSwdOmVG7JaJH7jbKc="},"chainType":1,"messageKeys":{}}},"pendingPreKey":{"signedKeyId":5,"baseKey":"BaHWQ6bgdd6609x6Zx/7ifM+5QbO8bk6Sm01eCvGcpBf","preKeyId":87057}}},"version":"v1"}