{"_sessions":{"BQOzP09bA3ki7HZSW6N/lNbQA79AknbuYOCrnYVZn/V2":{"registrationId":381779803,"currentRatchet":{"ephemeralKeyPair":{"pubKey":"BWxbprKuEi9CBspnFlHP2yPXTdDNwvoskFdlWRjgJVwU","privKey":"OBKJEw9ODkRSIyfrcH3S+TDWQ1kvH6MCn/0FAeJTenA="},"lastRemoteEphemeralKey":"BUAHQ5PBrjGEsQ+g9x0XIGQAPIKdpvy9XN/dtVx+Jbs/","previousCounter":0,"rootKey":"3cPgd8vqmYwRp3s+U250wMUtTEbb3RlcizffGj4/XmU="},"indexInfo":{"baseKey":"BQOzP09bA3ki7HZSW6N/lNbQA79AknbuYOCrnYVZn/V2","baseKeyType":1,"closed":-1,"used":1690523856468,"created":1690523856468,"remoteIdentityKey":"Be2sz3SmAsTZA4ncJSmRym0TjpnL7MAo+AwJ5oqgeZVE"},"_chains":{"BWxbprKuEi9CBspnFlHP2yPXTdDNwvoskFdlWRjgJVwU":{"chainKey":{"counter":197,"key":"scwl5a/Pc79puV+LaHCTEz469mgOh+pjNjwlFcVXKEU="},"chainType":1,"messageKeys":{}}},"pendingPreKey":{"signedKeyId":0,"baseKey":"BQOzP09bA3ki7HZSW6N/lNbQA79AknbuYOCrnYVZn/V2","preKeyId":16089056}}},"version":"v1"}