{"_sessions":{"BTelcrbgqJ5nFid20kcCmBdpjjIuBMSagCZnWgv1k55B":{"registrationId":924184836,"currentRatchet":{"ephemeralKeyPair":{"pubKey":"BYz7NvwqVd/5VzQJqw14aOUUoqJp0iY2/j37Xi6OMGli","privKey":"4AWCsTCioZAi9JnRxjHIuouJEQytDyfWe8YyFmk+L30="},"lastRemoteEphemeralKey":"BW5o9+ky4bWfcpQI3jiGf1w1vCpx/pkeRaDHmBc0oDx/","previousCounter":0,"rootKey":"j5NPbTVUd2Xi+VxA2zRFLHubu+FIQDSSACuNSd5U0XU="},"indexInfo":{"baseKey":"BTelcrbgqJ5nFid20kcCmBdpjjIuBMSagCZnWgv1k55B","baseKeyType":1,"closed":-1,"used":1690512847400,"created":1690512847400,"remoteIdentityKey":"Bcu+rniPT5pG4EEcPC768qTcAvQtNabb6maXAujNG51W"},"_chains":{"BYz7NvwqVd/5VzQJqw14aOUUoqJp0iY2/j37Xi6OMGli":{"chainKey":{"counter":2,"key":"RNM8Okd0dg8kJTaa9SLHmvxMsSSeN6NxOR3iRj/cq68="},"chainType":1,"messageKeys":{}}},"pendingPreKey":{"signedKeyId":3,"baseKey":"BTelcrbgqJ5nFid20kcCmBdpjjIuBMSagCZnWgv1k55B","preKeyId":10717527}}},"version":"v1"}