{"_sessions":{"BTRzAoTckN0dyuTHxSBMx72xX5q42vVP8a5LRxWA1jlm":{"registrationId":1074896270,"currentRatchet":{"ephemeralKeyPair":{"pubKey":"BeBOheFN9akSMVQTS66u+VbdXPRz2d9f3pWOtte1I/Js","privKey":"eJsypCPkiuaDKcH+5dVKBTrp15QN3YaAlBxVOzguIlU="},"lastRemoteEphemeralKey":"BYpgyjHIaC7VGvH/uQz/neqIQa34zHlErJhDnMPX+dkj","previousCounter":141,"rootKey":"x20thEaty0rsoifszlEpVYKfDF1ZsUwHWAg4PSfDObY="},"indexInfo":{"baseKey":"BTRzAoTckN0dyuTHxSBMx72xX5q42vVP8a5LRxWA1jlm","baseKeyType":1,"closed":-1,"used":1690544826245,"created":1690523856611,"remoteIdentityKey":"BWkTUyT2BKc6dp21nfLSCcPtNXJ22FOK4C2iOsAZHCMj"},"_chains":{"BYpgyjHIaC7VGvH/uQz/neqIQa34zHlErJhDnMPX+dkj":{"chainKey":{"counter":0,"key":"a/K2Jh/loFMgy4e8ESQ3og4YZpOr0Y1op1RUso3jeaM="},"chainType":2,"messageKeys":{}},"BeBOheFN9akSMVQTS66u+VbdXPRz2d9f3pWOtte1I/Js":{"chainKey":{"counter":55,"key":"mo2N8mI0oCIlNy4FZsoeJt03jjpVdlBJoYny+fmlPGc="},"chainType":1,"messageKeys":{}}}}},"version":"v1"}