{"_sessions":{"Bc3QqFHMzPX5XwAOt2PEeUD5ug6XckIDDtGcPm9k4+00":{"registrationId":28,"currentRatchet":{"ephemeralKeyPair":{"pubKey":"BSz+9k97roMGariRzZU9DHx7D6lMR2LB9F2kDGmb1s1H","privKey":"sAt2Fjg1ySnPNZRaZJQdymz5NAHcztjYlRtWgXbfjm0="},"lastRemoteEphemeralKey":"BacNerO+IkTrDDrAIlJ1Y6IsTpsRHU6I90FtWP5shegV","previousCounter":0,"rootKey":"NAFXIiNQfsJVKJomnNFmtMXWHBTjQdZlgZqn3pHp6Mw="},"indexInfo":{"baseKey":"Bc3QqFHMzPX5XwAOt2PEeUD5ug6XckIDDtGcPm9k4+00","baseKeyType":1,"closed":-1,"used":1690523854834,"created":1690523854834,"remoteIdentityKey":"Bepttze5ipzWaMDCx8cCsOmTZyT/boRju7afD4W0hPkH"},"_chains":{"BSz+9k97roMGariRzZU9DHx7D6lMR2LB9F2kDGmb1s1H":{"chainKey":{"counter":197,"key":"W1XCZDiiNICYmLGOGYfJWGVAQkh0SNcOP/SMzLkCP9k="},"chainType":1,"messageKeys":{}}},"pendingPreKey":{"signedKeyId":1,"baseKey":"Bc3QqFHMzPX5XwAOt2PEeUD5ug6XckIDDtGcPm9k4+00"}}},"version":"v1"}