{"_sessions":{"BQRM8V9N+hKWJqiyPogN+Y4TMmyS9IQwmLZ017hS49tM":{"registrationId":14209,"currentRatchet":{"ephemeralKeyPair":{"pubKey":"BSskOZhHDO4wY8qc4XiC8qMnALfaZBZotlPhWDLotF0i","privKey":"+JDwyxat8WLipKVCrCwZxILzaXyDd858khZiemtURUk="},"lastRemoteEphemeralKey":"BZUAUKqUMcCYbNksfLgjMoy4eVDmPt/upRX1JDhoalQN","previousCounter":0,"rootKey":"5otOzTwwDjuZw3p3mG4UUZx6Ghjo7jRIWUqpzyIThFE="},"indexInfo":{"baseKey":"BQRM8V9N+hKWJqiyPogN+Y4TMmyS9IQwmLZ017hS49tM","baseKeyType":1,"closed":-1,"used":1690512846477,"created":1690512846477,"remoteIdentityKey":"Bb7yxUrxTgsEGKkdZT3Jo4xKn4lH/ipFozkINOO82xAR"},"_chains":{"BSskOZhHDO4wY8qc4XiC8qMnALfaZBZotlPhWDLotF0i":{"chainKey":{"counter":2,"key":"ET0eWfUbPBDljFqf3g6wAf1VYKETzu8rIl4DGpw8qks="},"chainType":1,"messageKeys":{}}},"pendingPreKey":{"signedKeyId":1,"baseKey":"BQRM8V9N+hKWJqiyPogN+Y4TMmyS9IQwmLZ017hS49tM","preKeyId":3645}}},"version":"v1"}