{"_sessions":{"BWaY/lJtoLDvbqRi8Y6v1oGVrz+MMwi+Rls0nm31QKIZ":{"registrationId":1431752782,"currentRatchet":{"ephemeralKeyPair":{"pubKey":"BQ2rn+8Hju2H9l/bzUZ7Z+jG8y+3wd23RGbrbaROicpn","privKey":"6KsnqdXG87QD+AtAYAPSP0DKhgIej4w3+iudrop9qEI="},"lastRemoteEphemeralKey":"BY1vGUQLIrisHqpTO3koguM2bgtelF0/w/TcqHzjw/Ay","previousCounter":0,"rootKey":"6Y4WEibsnndyXVMfJQX6DgbeQVXD6+nI5QPApNgSVFw="},"indexInfo":{"baseKey":"BWaY/lJtoLDvbqRi8Y6v1oGVrz+MMwi+Rls0nm31QKIZ","baseKeyType":1,"closed":-1,"used":1690523857965,"created":1690523857965,"remoteIdentityKey":"Bd5UbrvwhPpqwgKWixfivRlUGfwl/R+dkOf3xh68D1MV"},"_chains":{"BQ2rn+8Hju2H9l/bzUZ7Z+jG8y+3wd23RGbrbaROicpn":{"chainKey":{"counter":197,"key":"UGq2d6wyVH9Qet7f3KjNw3fHCsaO20sjLDvxr3L3JfI="},"chainType":1,"messageKeys":{}}},"pendingPreKey":{"signedKeyId":1,"baseKey":"BWaY/lJtoLDvbqRi8Y6v1oGVrz+MMwi+Rls0nm31QKIZ"}}},"version":"v1"}