{"_sessions":{"BZp6O5QgHB3o3THCPF25/X5efZJM114v1HSlhDRJ0F8b":{"registrationId":783411838,"currentRatchet":{"ephemeralKeyPair":{"pubKey":"BS+4/H/JnVm2uxzeTTQ2fBOXqeGTfttQlutsINhnEQsA","privKey":"AJ+THGJ2qjPoearIccoCpO2XEcH15udRCQV0iS9QG1g="},"lastRemoteEphemeralKey":"BRilQyHyCZTWjJQsdQDnz9sFaX8+B5/f5dUCMnew83c1","previousCounter":0,"rootKey":"/hQsaGbT+PsfmneAZBKq8DlfP7rJU66P+HmCWmDMNlA="},"indexInfo":{"baseKey":"BZp6O5QgHB3o3THCPF25/X5efZJM114v1HSlhDRJ0F8b","baseKeyType":1,"closed":-1,"used":1690523857809,"created":1690523857809,"remoteIdentityKey":"BXsDek5R+RrzpEpMQdFjOz/4B1ZVgHXBeV+UvhAZ8DA6"},"_chains":{"BS+4/H/JnVm2uxzeTTQ2fBOXqeGTfttQlutsINhnEQsA":{"chainKey":{"counter":197,"key":"IxbzOmSPhhOXMBf3p0T1JQIT9wTZtaOFJrnU3c6zWcE="},"chainType":1,"messageKeys":{}}},"pendingPreKey":{"signedKeyId":1,"baseKey":"BZp6O5QgHB3o3THCPF25/X5efZJM114v1HSlhDRJ0F8b"}}},"version":"v1"}