{"_sessions":{"BYuli7QcQR0jz51I8s3mdn6gnV/XO9rtVUDF/z3Vs11W":{"registrationId":1608408247,"currentRatchet":{"ephemeralKeyPair":{"pubKey":"BTOQgzh99g7OKfFPVpWrB9K6MkrobEk7fM7aH+Fbmz5h","privKey":"cPG1K2lpv2gqWuYaAA+MWdhQBNxRqufzTy5LdM76MEM="},"lastRemoteEphemeralKey":"BS264VD22stwXovysV3WRjcHNo/s2sT6GZpgdPZrV4cy","previousCounter":0,"rootKey":"5fNUhq7mofpZqTv7qi96FkkC1ET82gi01OGN/GxuiqE="},"indexInfo":{"baseKey":"BYuli7QcQR0jz51I8s3mdn6gnV/XO9rtVUDF/z3Vs11W","baseKeyType":1,"closed":-1,"used":1690525403242,"created":1690525403242,"remoteIdentityKey":"BVg+OSZMARo4l/8VNH7h/FJ3l1To6U9BgNTmuEHtFJBC"},"_chains":{"BTOQgzh99g7OKfFPVpWrB9K6MkrobEk7fM7aH+Fbmz5h":{"chainKey":{"counter":2,"key":"p2Fr0zJRPj2cejMSrsyAlAehoQiWK06SizZ8kjnUzk8="},"chainType":1,"messageKeys":{}}},"pendingPreKey":{"signedKeyId":5,"baseKey":"BYuli7QcQR0jz51I8s3mdn6gnV/XO9rtVUDF/z3Vs11W","preKeyId":12979328}}},"version":"v1"}