{"_sessions":{"BYhK3A6skEcBmIjTXSeJF0WwVBDMexNJK28MUX0LlKwT":{"registrationId":234,"currentRatchet":{"ephemeralKeyPair":{"pubKey":"BTCzZSj78nEKBorD8b130zfmmkPIP/8HKnp6J5JVuShX","privKey":"wP6kElBOxT6wEJLZ/XM9sIO/RHtySegNj9WLIQ+wDVM="},"lastRemoteEphemeralKey":"BTGe8j50wcyFbL2SO+2bd0aA2y2bgXOuo3AFJXEIgdJT","previousCounter":0,"rootKey":"rJlJcdxrWZxaqxq2i+mYIcXB/l7LGWLKfmYf9QRgJjk="},"indexInfo":{"baseKey":"BYhK3A6skEcBmIjTXSeJF0WwVBDMexNJK28MUX0LlKwT","baseKeyType":1,"closed":-1,"used":1690523855420,"created":1690523855420,"remoteIdentityKey":"BRerNWjXI5IuyMnXkU4/woQkGyN5m74BwandpX0WYtIQ"},"_chains":{"BTCzZSj78nEKBorD8b130zfmmkPIP/8HKnp6J5JVuShX":{"chainKey":{"counter":197,"key":"KQeVODkjwiZ1U2dPdfIoHZNeqo+sUAbviUgT+u8GC1A="},"chainType":1,"messageKeys":{}}},"pendingPreKey":{"signedKeyId":1,"baseKey":"BYhK3A6skEcBmIjTXSeJF0WwVBDMexNJK28MUX0LlKwT"}}},"version":"v1"}