{"_sessions":{"BdQuawPuRkmXGCn9l3fUlNwPYaDy42feOGgsD9tUbhls":{"registrationId":600433490,"currentRatchet":{"ephemeralKeyPair":{"pubKey":"Bc79ZhjJdUrYvKt7dvQD0dAOM/Jbx0AiDYwIkhN+M7sE","privKey":"cKKtaSJM0oDD42q705cvtJmEOKqzbwcziOSXGR+XzGk="},"lastRemoteEphemeralKey":"Bfs1ca/Tz4EA9RdHesrh86ukzc2w3YEsrU/PABD46AB3","previousCounter":0,"rootKey":"3f8i35uMHeYagdB4Yy595HtkBZOI3GVTcyvDRc3DZag="},"indexInfo":{"baseKey":"BdQuawPuRkmXGCn9l3fUlNwPYaDy42feOGgsD9tUbhls","baseKeyType":1,"closed":-1,"used":1690512845372,"created":1690512845372,"remoteIdentityKey":"BQftL1VE/MjFH1vJAhX54eAdfHixYuoplNq79OKvLHR6"},"_chains":{"Bc79ZhjJdUrYvKt7dvQD0dAOM/Jbx0AiDYwIkhN+M7sE":{"chainKey":{"counter":2,"key":"B6e3QN7dEah9E3kJqTbxEg8/gSs8iC+fs1XtJoubC4g="},"chainType":1,"messageKeys":{}}},"pendingPreKey":{"signedKeyId":3,"baseKey":"BdQuawPuRkmXGCn9l3fUlNwPYaDy42feOGgsD9tUbhls","preKeyId":7070081}}},"version":"v1"}