{"_sessions":{"BZy0Av29TTo8vzkfQhA6DTObd2Wy6uNtVjTR+We1Ly40":{"registrationId":2129622016,"currentRatchet":{"ephemeralKeyPair":{"pubKey":"Bdy0rypM4vmEsziMCJZ8LYPqWk0oL+mbyiOiGH+a3HAb","privKey":"WNoGJASlS8jbyxUD2ZAR2hfozyOGeWNi5kKc1K5rz1Q="},"lastRemoteEphemeralKey":"BT3pHR44VSfayRbggkHFqUocTXyMVOYw1KFQUJT1ebF8","previousCounter":0,"rootKey":"oI2UfPIeT3eyQDXj5PeylMquE4bRQbbIDvv6HJwmq/k="},"indexInfo":{"baseKey":"BZy0Av29TTo8vzkfQhA6DTObd2Wy6uNtVjTR+We1Ly40","baseKeyType":1,"closed":-1,"used":1690523856560,"created":1690523856560,"remoteIdentityKey":"BTTiJAfNEqYhKsjLufMhyRJtFRYqNQOOCrFBT+lUsPQG"},"_chains":{"Bdy0rypM4vmEsziMCJZ8LYPqWk0oL+mbyiOiGH+a3HAb":{"chainKey":{"counter":197,"key":"ikigmIyl5Spw1hTxemfYycfwOAN5LcEIF6Yl5AFz1gM="},"chainType":1,"messageKeys":{}}},"pendingPreKey":{"signedKeyId":1,"baseKey":"BZy0Av29TTo8vzkfQhA6DTObd2Wy6uNtVjTR+We1Ly40"}}},"version":"v1"}