{"_sessions":{"BSReRFCgEacf0EeBLEWMWWPHVz6T+Z5N4XDLzgEwU3kS":{"registrationId":309441488,"currentRatchet":{"ephemeralKeyPair":{"pubKey":"BYba6Iub3eBjCO97HvXWNTvo7Xe9+1rKJxUxZJbdJlcT","privKey":"APdSF73sf3/fXfU2/+FZsR04s5smpH+wBqZGqmYyfVw="},"lastRemoteEphemeralKey":"BbiWKQIiZbQAvIxexa8cgfgdJ1gfM+sVEACLHbPcAtxp","previousCounter":0,"rootKey":"or4Cp6ZAbdUXS6tVrFuHHzk98w5RbIdnQ+iFoSHlWaM="},"indexInfo":{"baseKey":"BSReRFCgEacf0EeBLEWMWWPHVz6T+Z5N4XDLzgEwU3kS","baseKeyType":1,"closed":-1,"used":1690512846681,"created":1690512846681,"remoteIdentityKey":"BWQJZUBzPJuO3SNJJZq41RWi6DSIH+1QUxyoRrZx2rcR"},"_chains":{"BYba6Iub3eBjCO97HvXWNTvo7Xe9+1rKJxUxZJbdJlcT":{"chainKey":{"counter":2,"key":"qQdHeiiP7Bf9uMpUQt+DGsPvy5JMiwO4k9YH1EN7Vac="},"chainType":1,"messageKeys":{}}},"pendingPreKey":{"signedKeyId":44,"baseKey":"BSReRFCgEacf0EeBLEWMWWPHVz6T+Z5N4XDLzgEwU3kS","preKeyId":11210360}}},"version":"v1"}