{"_sessions":{"BauAtZRVfypPKwGbYEpd4CeUGz0rCBKpatrC1FU01/Us":{"registrationId":7571,"currentRatchet":{"ephemeralKeyPair":{"pubKey":"BX4E5pYBWNabkc7XDkrTG2qf5AFyZuqR/wKDyrvZs3BR","privKey":"8OmPuXlZegARGvVPrIdOXvxUOuyCWNzTO552R9+qRm4="},"lastRemoteEphemeralKey":"BeYRjH+9GqScomny+QWaEZZiF+erR4t1b2xOBRMSsUV8","previousCounter":0,"rootKey":"Y72uFzcj2KrO3ixwJ4Ii2ALvBpzWJdbW/GCDHVZSWuA="},"indexInfo":{"baseKey":"BauAtZRVfypPKwGbYEpd4CeUGz0rCBKpatrC1FU01/Us","baseKeyType":1,"closed":-1,"used":1690512846032,"created":1690512846032,"remoteIdentityKey":"BZAwQzlLaWeuXICqzoVYMT6Z8hEvwJwuoxabKNGPKapW"},"_chains":{"BX4E5pYBWNabkc7XDkrTG2qf5AFyZuqR/wKDyrvZs3BR":{"chainKey":{"counter":2,"key":"x2Ed4JdxH4q9v6wAts6GxTTHT8nTFDnOomDgH5dRh/8="},"chainType":1,"messageKeys":{}}},"pendingPreKey":{"signedKeyId":1,"baseKey":"BauAtZRVfypPKwGbYEpd4CeUGz0rCBKpatrC1FU01/Us","preKeyId":554}}},"version":"v1"}