{"_sessions":{"BdyjjqJxSJEU3+haYnEe0c2l1Z8NhbLYYL0S46bJ7/xy":{"registrationId":1056297637,"currentRatchet":{"ephemeralKeyPair":{"pubKey":"BYIShs2v5XPM7Vh/Km4sFo5l2NxvxT0T9JKoOEZ2vzBD","privKey":"mKiF5avcI6pUzg43TbA9SQK1L3cYyRSsEWa7dW5GH1U="},"lastRemoteEphemeralKey":"BUXgTUxB3M47fCQSWjcQZlPvP6Z7Vc9Ve+sAQISmxMwC","previousCounter":0,"rootKey":"ZU6ZfzrdSisVY6fK08178jDlPpUVetztuNM19cZq1n0="},"indexInfo":{"baseKey":"BdyjjqJxSJEU3+haYnEe0c2l1Z8NhbLYYL0S46bJ7/xy","baseKeyType":1,"closed":-1,"used":1690512846775,"created":1690512846775,"remoteIdentityKey":"BfJOVxi3QHzVjDCn7KHd/XI55Ex9s17s2jD6kUNSyPtC"},"_chains":{"BYIShs2v5XPM7Vh/Km4sFo5l2NxvxT0T9JKoOEZ2vzBD":{"chainKey":{"counter":2,"key":"/E5D85tsotpGVswABMfE+hIR5KP56w/W6SVjE4UovRo="},"chainType":1,"messageKeys":{}}},"pendingPreKey":{"signedKeyId":10289577,"baseKey":"BdyjjqJxSJEU3+haYnEe0c2l1Z8NhbLYYL0S46bJ7/xy","preKeyId":2176}}},"version":"v1"}