{"_sessions":{"Beqr3t7f1yOoYEpLW8VAPbmseGJSduB1lmBAs2sMTXBD":{"registrationId":1264197880,"currentRatchet":{"ephemeralKeyPair":{"pubKey":"BRswtuoyWglxwbv7RMRZk5hIt8dCZVYeGDqY1sf9Ll0k","privKey":"qLgYuUfqmr3c+Bxfb9C5HMjYR9iHushkIunc2pXL0mg="},"lastRemoteEphemeralKey":"BYmXkhJPx4sDqxr3I8AemhADWqWvyV1APMbBn3LZjRh+","previousCounter":0,"rootKey":"JmpI4yw22RMEJiUsi7ybcdaLir9UnAsesn+ez30ZigM="},"indexInfo":{"baseKey":"Beqr3t7f1yOoYEpLW8VAPbmseGJSduB1lmBAs2sMTXBD","baseKeyType":1,"closed":-1,"used":1690512847549,"created":1690512847549,"remoteIdentityKey":"BfNRpNYX5w/WTtWkeaXMaspBV0TIYvNLRZbi3LcqeOtm"},"_chains":{"BRswtuoyWglxwbv7RMRZk5hIt8dCZVYeGDqY1sf9Ll0k":{"chainKey":{"counter":2,"key":"NO3TmV3mMePrvEynHUJjWhoRNK+L3ssDS0J0ndNQrBM="},"chainType":1,"messageKeys":{}}},"pendingPreKey":{"signedKeyId":1,"baseKey":"Beqr3t7f1yOoYEpLW8VAPbmseGJSduB1lmBAs2sMTXBD","preKeyId":400955}}},"version":"v1"}