{"_sessions":{"BSFad1KdT3YP+nglsgA7aiOziSIitBBxMxJCywy8F4x9":{"registrationId":1076472132,"currentRatchet":{"ephemeralKeyPair":{"pubKey":"BdBwfmpX7bOrgANtBGZ8qn4K0SgWYPjXSCEbg9hU0WwT","privKey":"SBPK2VMnXOd96xZMNn0HQOwwj0FDdrOFjhyhLCQ5J2A="},"lastRemoteEphemeralKey":"BY2FdfjQQkG1msyY37TljdTeuNcZQog8EIpcM5QC5WwL","previousCounter":0,"rootKey":"WPaHvDrii8j3hMs5DXchyU3SQ4oBqdgAfIHNoZirVew="},"indexInfo":{"baseKey":"BSFad1KdT3YP+nglsgA7aiOziSIitBBxMxJCywy8F4x9","baseKeyType":1,"closed":-1,"used":1690512846983,"created":1690512846983,"remoteIdentityKey":"BdF8pdiz6cHvl+x9UnZ9H/W1jKD4TrEhfzIF1vh7/e5a"},"_chains":{"BdBwfmpX7bOrgANtBGZ8qn4K0SgWYPjXSCEbg9hU0WwT":{"chainKey":{"counter":2,"key":"6MvqwYsmYjyrb+xwHIbK6DbZZOlJIP6XmgoJguKGDjo="},"chainType":1,"messageKeys":{}}},"pendingPreKey":{"signedKeyId":4121890,"baseKey":"BSFad1KdT3YP+nglsgA7aiOziSIitBBxMxJCywy8F4x9","preKeyId":18182}}},"version":"v1"}