{"_sessions":{"BXIT7HMtYOPMP+WaCzaPu46w1tV/WvHzIpd4gSuDX0EL":{"registrationId":537687743,"currentRatchet":{"ephemeralKeyPair":{"pubKey":"Be3wpGimGppBqfRbcTs8j1HWjx62y3eGFcmyc/rH+rxc","privKey":"qF0zZ5PAJU+ICY4rCuUlyCR9wlCe7yn/u1AUun0BV0k="},"lastRemoteEphemeralKey":"Be1FVz2pGXXcPu8sAZNwHjyvY4We5r6c9AeWW1AukooN","previousCounter":0,"rootKey":"fQiosgTK8pisRZJUPPkN7h+Ej5jahyDjdAIYrxvA4WY="},"indexInfo":{"baseKey":"BXIT7HMtYOPMP+WaCzaPu46w1tV/WvHzIpd4gSuDX0EL","baseKeyType":1,"closed":-1,"used":1690526903649,"created":1690526903649,"remoteIdentityKey":"BSOeK9gq2pyD6fIgcQlIHix9eLlyJIE2USwBzv6tLTRi"},"_chains":{"Be3wpGimGppBqfRbcTs8j1HWjx62y3eGFcmyc/rH+rxc":{"chainKey":{"counter":11,"key":"mHETNcFZLNfI/iyFzIboY9f8PR+OQI/mf96oN3FacOY="},"chainType":1,"messageKeys":{}}},"pendingPreKey":{"signedKeyId":0,"baseKey":"BXIT7HMtYOPMP+WaCzaPu46w1tV/WvHzIpd4gSuDX0EL","preKeyId":8956755}}},"version":"v1"}