{"_sessions":{"BZL6+i2S4272X3pjra1K5YXASnSyyooP7M747KeSs9At":{"registrationId":10645,"currentRatchet":{"ephemeralKeyPair":{"pubKey":"BZeIOSmi3U80lv0yFXQ57JuPFaEv8pv35nXiDki/D2xA","privKey":"WFEXSHSIXJwY0qTIIxREv54A1ah6OS8h8eqlSShPN2M="},"lastRemoteEphemeralKey":"BUAoWEZtdaJpAqxniA6LWycYmdrM0DJBVFwvqCcIQUII","previousCounter":0,"rootKey":"vDjO/o8XI0A7hzJ7wp2L7FwjQlsCYWe29r1BO3aK3Og="},"indexInfo":{"baseKey":"BZL6+i2S4272X3pjra1K5YXASnSyyooP7M747KeSs9At","baseKeyType":1,"closed":-1,"used":1690512846090,"created":1690512846090,"remoteIdentityKey":"BXWy0szA3DSZheVOZvGl48FXlFtaOEYRBXd59/w6Lupq"},"_chains":{"BZeIOSmi3U80lv0yFXQ57JuPFaEv8pv35nXiDki/D2xA":{"chainKey":{"counter":2,"key":"1l5pYgc+81oeLBWYD7d76p9wh7we0t8Y27hwemOMPug="},"chainType":1,"messageKeys":{}}},"pendingPreKey":{"signedKeyId":2,"baseKey":"BZL6+i2S4272X3pjra1K5YXASnSyyooP7M747KeSs9At","preKeyId":642}}},"version":"v1"}