{"_sessions":{"BcuiilqQ/YWTSuEegAulx3oJqrG0VueO8GQYqG6pSIR4":{"registrationId":15,"currentRatchet":{"ephemeralKeyPair":{"pubKey":"BWKR54W99T5HgqxsucGpWeuo5zdfzNWzVQyRkd3+qI8n","privKey":"aIRPcpqA6SWGw2/iphPt2eLzTHmMDjSqC4lGk8tgs0o="},"lastRemoteEphemeralKey":"BTyVo/pU80mpCvVv/D4AsAqjxjMLbBepP7UoJIagZfYL","previousCounter":0,"rootKey":"LUSur2LI58V4/1XzdvsavYOtolY6R7a3xbmiKU/ncJs="},"indexInfo":{"baseKey":"BcuiilqQ/YWTSuEegAulx3oJqrG0VueO8GQYqG6pSIR4","baseKeyType":1,"closed":-1,"used":1690523855021,"created":1690523855021,"remoteIdentityKey":"BZt2ArfW7Nn6cJZPyy+Vop8pnoWQsv4N6ff5yLyAQroM"},"_chains":{"BWKR54W99T5HgqxsucGpWeuo5zdfzNWzVQyRkd3+qI8n":{"chainKey":{"counter":197,"key":"14ZvdzXXBlKiCLdWX0Mv9AXA0p3qxeoZOfAOSyyYb84="},"chainType":1,"messageKeys":{}}},"pendingPreKey":{"signedKeyId":1,"baseKey":"BcuiilqQ/YWTSuEegAulx3oJqrG0VueO8GQYqG6pSIR4"}}},"version":"v1"}