{"_sessions":{"BZBQCUe15UkjnieLGpqk5XBeW+YZ4E7fira1dMbdc3oo":{"registrationId":624380644,"currentRatchet":{"ephemeralKeyPair":{"pubKey":"BYF7zRPOr3E5uFxAQgb++Gk8hERbHxQefaiA0HTGvxsv","privKey":"QJJKEFieExFTUbycqXIy6FvtCWdtxu3Ys1tOJxVM3W4="},"lastRemoteEphemeralKey":"BelOehKJ0xiY4PNmNRLF6vYe25RVQ8dCsf+0XlnAlf93","previousCounter":0,"rootKey":"z5sABOMwFjJfPEOrXte7LPNLDgAQd9ke3VaONJCBmGM="},"indexInfo":{"baseKey":"BZBQCUe15UkjnieLGpqk5XBeW+YZ4E7fira1dMbdc3oo","baseKeyType":1,"closed":-1,"used":1690523857852,"created":1690523857852,"remoteIdentityKey":"BVOTbK40BKzGZNZnb+6pMNZGkMgbDv5cMjKEwboQ0f0l"},"_chains":{"BYF7zRPOr3E5uFxAQgb++Gk8hERbHxQefaiA0HTGvxsv":{"chainKey":{"counter":197,"key":"0vHAmrq12Vu2eCg3bwof94IuvRXNLyG2vtsH50Unb+M="},"chainType":1,"messageKeys":{}}},"pendingPreKey":{"signedKeyId":1,"baseKey":"BZBQCUe15UkjnieLGpqk5XBeW+YZ4E7fira1dMbdc3oo"}}},"version":"v1"}