{"_sessions":{"BSEOzJ6UPDVrgLpDkHxcNaZSyQV7UJHQ/vQUybxzi79N":{"registrationId":1392686046,"currentRatchet":{"ephemeralKeyPair":{"pubKey":"BeA+Hpu7vZEFO/f9PLgIuFHJr+VGiNxDjb7Kxb/VOXEP","privKey":"2Ic5XYerj7C8KcyFRjt+SZC6KpKrpKj87QLBIpqkBnE="},"lastRemoteEphemeralKey":"BT2aGb4OEqL1aZQ8sc0DAb6OQzAZb4Fra9MzUIP6Wwgn","previousCounter":0,"rootKey":"hriVAok05DlhiTBMdvF00s0qzQVtpnd4Z69wbcAHyAI="},"indexInfo":{"baseKey":"BSEOzJ6UPDVrgLpDkHxcNaZSyQV7UJHQ/vQUybxzi79N","baseKeyType":1,"closed":-1,"used":1690523856539,"created":1690523856539,"remoteIdentityKey":"BexOAKDJ38tLNQZoahDFWOCYMGyGRX11BGyq7NTEow9F"},"_chains":{"BeA+Hpu7vZEFO/f9PLgIuFHJr+VGiNxDjb7Kxb/VOXEP":{"chainKey":{"counter":197,"key":"dViLQDaW4XXk8MAtHGfllKXW6YskzGLE++U+51u9hs0="},"chainType":1,"messageKeys":{}}},"pendingPreKey":{"signedKeyId":1,"baseKey":"BSEOzJ6UPDVrgLpDkHxcNaZSyQV7UJHQ/vQUybxzi79N","preKeyId":6243208}}},"version":"v1"}