{"_sessions":{"BWoKNbGQjjNZm8iPgQRcP2HWhvsRiWsGfEN2zGnbsipt":{"registrationId":704240119,"currentRatchet":{"ephemeralKeyPair":{"pubKey":"BTeyRFPkHqEz0iKOXByzj+v336BVr+/xnbLBxaYxmcUd","privKey":"ECcB27j1gK8C0mCLmLysHtWrWJvMWtWhFVIIpJL2ZFE="},"lastRemoteEphemeralKey":"BYwtJ/0CE8Awji/SJEqCl2+LxSs/XJ4Ilqh4T9GXVPMp","previousCounter":0,"rootKey":"vRRpIpK/sun8cWMljM8RBU3ldvbax6YXXYMTidJIoi0="},"indexInfo":{"baseKey":"BWoKNbGQjjNZm8iPgQRcP2HWhvsRiWsGfEN2zGnbsipt","baseKeyType":1,"closed":-1,"used":1690523856417,"created":1690523856417,"remoteIdentityKey":"BcK6MTFe/pG3PK1zpIJrtQnBnWDF4m53E3WH7Hjt7pcS"},"_chains":{"BTeyRFPkHqEz0iKOXByzj+v336BVr+/xnbLBxaYxmcUd":{"chainKey":{"counter":197,"key":"a9ZmcrdjaNUbzlfo6u2F2EyzJEgZaLh8viY7psjdX/4="},"chainType":1,"messageKeys":{}}},"pendingPreKey":{"signedKeyId":6,"baseKey":"BWoKNbGQjjNZm8iPgQRcP2HWhvsRiWsGfEN2zGnbsipt","preKeyId":15668105}}},"version":"v1"}