{"_sessions":{"BQtWS0lv2+C423cVmGjSDtHX3U0Pm2UY2ULzjHG18tlv":{"registrationId":1668650139,"currentRatchet":{"ephemeralKeyPair":{"pubKey":"BVD4OQNTia9TxipBMYCjuXDilAxclGBThKENBJ4Yu1B0","privKey":"GB1RZ1GMAKnebTw2PxysbcCJglo1ktWgKwESBweWTkQ="},"lastRemoteEphemeralKey":"BYf28dHYsndAr/tMmPWyiZ96L8qPGbpnRYYTeXDUNDN+","previousCounter":0,"rootKey":"VDBjVMgrLVr5CEb6C2unbzzDv4+fgGjfBn1iWRzOXyY="},"indexInfo":{"baseKey":"BQtWS0lv2+C423cVmGjSDtHX3U0Pm2UY2ULzjHG18tlv","baseKeyType":1,"closed":1690523525570,"used":1690512636848,"created":1690512636848,"remoteIdentityKey":"BRFm2GQl9pQfZb5L6YHBvWBE7cppy5jIfwWSRhjTuYQ4"},"_chains":{"BVD4OQNTia9TxipBMYCjuXDilAxclGBThKENBJ4Yu1B0":{"chainKey":{"counter":13,"key":"/99u4f6TCsAs6iW+vaDzmeDjE7cYVpvrQKq4Ttp7SN8="},"chainType":1,"messageKeys":{}}},"pendingPreKey":{"signedKeyId":1,"baseKey":"BQtWS0lv2+C423cVmGjSDtHX3U0Pm2UY2ULzjHG18tlv","preKeyId":1253834}},"BXbed2nYf7cWEj2U6Ab+PieCGPOmkBye8JG6AP4gK0Qg":{"registrationId":1691199811,"currentRatchet":{"ephemeralKeyPair":{"pubKey":"BbDHZ8m1sfgvnU8T5pAbDBLuw8Xo68R2y2c9ouwCqZNQ","privKey":"ELRm1pUryTQdhYwdkQ8xq4dw+79tI3FWf+Gp3pAYTG0="},"lastRemoteEphemeralKey":"BWPzX3Z0OKW2+xqV3DpenYHrMf90qH3OF6cB8qVtbTIz","previousCounter":0,"rootKey":"/CqxRpwv6+dar5zw8u07I3S+K1Efb0kjhGAhX2vhKUI="},"indexInfo":{"baseKey":"BXbed2nYf7cWEj2U6Ab+PieCGPOmkBye8JG6AP4gK0Qg","baseKeyType":1,"closed":1690523528889,"used":1690523525534,"created":1690523525534,"remoteIdentityKey":"BYVY3GbGICuUbyUoz4EJSqFl/KEUmhW86/FxZJBpPaAy"},"_chains":{"BbDHZ8m1sfgvnU8T5pAbDBLuw8Xo68R2y2c9ouwCqZNQ":{"chainKey":{"counter":0,"key":"daApVEILF0l3t3U7DzPeYgeJz6FowHZbZYBMGsLWwss="},"chainType":1,"messageKeys":{}}},"pendingPreKey":{"signedKeyId":0,"baseKey":"BXbed2nYf7cWEj2U6Ab+PieCGPOmkBye8JG6AP4gK0Qg","preKeyId":8207944}},"Bd6kYjoBEi4Ia4EGHUGVYAUAEeWOZ8YwHHwvJIVK41pO":{"registrationId":1691199811,"currentRatchet":{"ephemeralKeyPair":{"pubKey":"BSrpII4q2KcDeWRVmM/ieUpZ80oi+WfPhaPhq4mghwdR","privKey":"yBFLF1IofAAPct6VNMk9nfh5X3tWlE2mk1uFqg8NQ2M="},"lastRemoteEphemeralKey":"BRnWNIVZlbrA86mX/b8EjR/0PLoFLnj1aGeTSUd6S75X","previousCounter":2,"rootKey":"EB9Zx+bRH8WvTb+wZGCBY0+sK431pk4qnld0qHVfBfs="},"indexInfo":{"baseKey":"Bd6kYjoBEi4Ia4EGHUGVYAUAEeWOZ8YwHHwvJIVK41pO","baseKeyType":1,"closed":-1,"used":1690535764367,"created":1690523528871,"remoteIdentityKey":"BYVY3GbGICuUbyUoz4EJSqFl/KEUmhW86/FxZJBpPaAy"},"_chains":{"BRN29WXDXzos/hcf92EYHrZqJ9pr60RAguCMy0fCzdoQ":{"chainKey":{"counter":0},"chainType":2,"messageKeys":{}},"BTGZWBbGppK5A4XozpKSA7OHsjvd3YXmDeOxDubPQ1QL":{"chainKey":{"counter":0},"chainType":2,"messageKeys":{}},"BRnWNIVZlbrA86mX/b8EjR/0PLoFLnj1aGeTSUd6S75X":{"chainKey":{"counter":2,"key":"eTkR0vDSQnhl73SWk+ImAZzsxCS7pBDmkfuJ/+ePxfI="},"chainType":2,"messageKeys":{"0":"uhelvANBiZlAA/rMGHeyx0fyHNaBrHGcLyvZmAv5+Ws="}},"BSrpII4q2KcDeWRVmM/ieUpZ80oi+WfPhaPhq4mghwdR":{"chainKey":{"counter":0,"key":"0wQcBAxpQE00ByViOE3LHQaQOFqBMgq7PyS5pENJG5o="},"chainType":1,"messageKeys":{}}}}},"version":"v1"}