{"_sessions":{"BdCLzz5y9YL1+LXDlaS5txRU8u34bmBpQjtZm+xK4Msi":{"registrationId":8010,"currentRatchet":{"ephemeralKeyPair":{"pubKey":"BXHoqCsfwKp0VRv+bG1JBm/o/V+5Qwj7Kk7SnasbAfI0","privKey":"8FbZN/4jdMWO5HlmBBOh6yZdKR02BYP/VYFXkCAZA3I="},"lastRemoteEphemeralKey":"BaoNTLNGeAnIbdKPPQKnIAGCdhO+vWq6g3xxLe+UzQEQ","previousCounter":0,"rootKey":"7T7d+Y9FtPO3KRwZoCFMpJnDvfeK5tBTG33GsSBoSsU="},"indexInfo":{"baseKey":"BdCLzz5y9YL1+LXDlaS5txRU8u34bmBpQjtZm+xK4Msi","baseKeyType":1,"closed":-1,"used":1690512635524,"created":1690512635524,"remoteIdentityKey":"BW4FjkUY1HQIrzj43ftldO14gOpvEwV9Ts9a9PNKKyZ5"},"_chains":{"BXHoqCsfwKp0VRv+bG1JBm/o/V+5Qwj7Kk7SnasbAfI0":{"chainKey":{"counter":124,"key":"QHH3+H4381hTsri6gCwJPMoDbeGz1nBUtIyU2jTxwnU="},"chainType":1,"messageKeys":{}}},"pendingPreKey":{"signedKeyId":1,"baseKey":"BdCLzz5y9YL1+LXDlaS5txRU8u34bmBpQjtZm+xK4Msi","preKeyId":885}}},"version":"v1"}