{"_sessions":{"Ba3RiSnvn1RiM91nWbdL1JpWMdJr4r5gs+ezx4yQ+vNW":{"registrationId":791504924,"currentRatchet":{"ephemeralKeyPair":{"pubKey":"BWsQtJHiNUykMlUEJa6TGEOrKWUczLgPk4ErkbVLvegc","privKey":"sPdBk2DO1D89dAxbC/TOqhqeejVtHJueBKGj+ERzqG4="},"lastRemoteEphemeralKey":"BRzv29sDqxHiNYmeMBLz8opLvNbFGkqJT2x4MJgpahNz","previousCounter":0,"rootKey":"NWvaAdhCND/PCZU9rTboWy6VKnTOy5FLTWLFPHIrZmY="},"indexInfo":{"baseKey":"Ba3RiSnvn1RiM91nWbdL1JpWMdJr4r5gs+ezx4yQ+vNW","baseKeyType":1,"closed":-1,"used":1690523854795,"created":1690523854795,"remoteIdentityKey":"BX/kt7fxZIlhjLyfbeNUyTMtF5CehttO+d8uW3TG4UBk"},"_chains":{"BWsQtJHiNUykMlUEJa6TGEOrKWUczLgPk4ErkbVLvegc":{"chainKey":{"counter":197,"key":"W8tam7/LhIeI9CK6CJ2X0TssGKSJz+g4dBCoMDPa2BQ="},"chainType":1,"messageKeys":{}}},"pendingPreKey":{"signedKeyId":1,"baseKey":"Ba3RiSnvn1RiM91nWbdL1JpWMdJr4r5gs+ezx4yQ+vNW","preKeyId":11802463}}},"version":"v1"}