{"_sessions":{"BWCojkCTyQ6dEBgm4Xb2au9tjfrdgN+9KsHHmO7i84IV":{"registrationId":739985048,"currentRatchet":{"ephemeralKeyPair":{"pubKey":"BWej+PKIkM27VGnU4rpvumoxMHpDVK3xjzV1E1YKARV5","privKey":"IBHF0hYnwb6hoFmo0BeCOCqlPVY8oJnKhKyujF4cV1E="},"lastRemoteEphemeralKey":"BSAGp5pq+h3HKhuHSKch4uP3d3KNGqnTtJQbl6CoVSE3","previousCounter":0,"rootKey":"6TWBCWad35p+9W6qEJRV5cSLQB68s+HXQMYRTY8n7Lc="},"indexInfo":{"baseKey":"BWCojkCTyQ6dEBgm4Xb2au9tjfrdgN+9KsHHmO7i84IV","baseKeyType":1,"closed":-1,"used":1690512637087,"created":1690512637087,"remoteIdentityKey":"BRPyq2NKaanEZcxqrRETQQ6qxHUHzqcf1KRC73hWpX0q"},"_chains":{"BWej+PKIkM27VGnU4rpvumoxMHpDVK3xjzV1E1YKARV5":{"chainKey":{"counter":322,"key":"KxPSUgFe5u/2u4dDmiEozTkKkQ9vuEc8QA2CbG/OZvE="},"chainType":1,"messageKeys":{}}},"pendingPreKey":{"signedKeyId":12,"baseKey":"BWCojkCTyQ6dEBgm4Xb2au9tjfrdgN+9KsHHmO7i84IV","preKeyId":15664488}}},"version":"v1"}