{"_sessions":{"BQjyU2TkhIcHWKqjw0fxlNYfdLm/tafelf9RI80Dpn96":{"registrationId":13604,"currentRatchet":{"ephemeralKeyPair":{"pubKey":"Bety0GfnOpxjPhnVUCH165XGg3BzuBn0A6lLk466a/Z4","privKey":"6MQUELoNazF8hvU0xKvj5qc4T5/zIEiJeoi4bZJVy2A="},"lastRemoteEphemeralKey":"BZCymc28SCb2sKZ/323wn5TDCQ1oRfVAlXYSyaaRDC0e","previousCounter":0,"rootKey":"Rbq7iH594RAGmdUqGMj/ehPOTkNNy7p2KMPQ/d8F05k="},"indexInfo":{"baseKey":"BQjyU2TkhIcHWKqjw0fxlNYfdLm/tafelf9RI80Dpn96","baseKeyType":1,"closed":-1,"used":1690512846518,"created":1690512846518,"remoteIdentityKey":"BXP0sjMxwC/wZ6L7lrPe06WAyM5CjUGNkvw2RFY53mQT"},"_chains":{"Bety0GfnOpxjPhnVUCH165XGg3BzuBn0A6lLk466a/Z4":{"chainKey":{"counter":2,"key":"UDJT/1D65Hr8YxsCpMEIjOmfr4raLf1PNDTyVUUxwPk="},"chainType":1,"messageKeys":{}}},"pendingPreKey":{"signedKeyId":1,"baseKey":"BQjyU2TkhIcHWKqjw0fxlNYfdLm/tafelf9RI80Dpn96","preKeyId":3090}}},"version":"v1"}