{"_sessions":{"BZyLtOB3mB4ZQ/RA0R/ZzeXctPJG4EPJJ/y33efdgn01":{"registrationId":692393285,"currentRatchet":{"ephemeralKeyPair":{"pubKey":"BZF6dD6PnzkeXLXL4rPyi6szRqXqLvCBGrL9I8nACs96","privKey":"EMiv2gDHQ879sapL+WGgPxXAcuuyTw9ONe7DmZeJfXQ="},"lastRemoteEphemeralKey":"BXYcx4a0TJwT2AYFue3zwJW6NNlZ6bXJMkS5mlFM5GNF","previousCounter":0,"rootKey":"foduiFUiC5zMdPNtBbJjPks2744VFtEWpM7UD6Usias="},"indexInfo":{"baseKey":"BZyLtOB3mB4ZQ/RA0R/ZzeXctPJG4EPJJ/y33efdgn01","baseKeyType":1,"closed":1690524415705,"used":1690523856194,"created":1690523856194,"remoteIdentityKey":"BQw0EoZq4859ct22AI69dO/fznF61JojdY9ScYucNnNJ"},"_chains":{"BZF6dD6PnzkeXLXL4rPyi6szRqXqLvCBGrL9I8nACs96":{"chainKey":{"counter":13,"key":"cbJMJahQJ8KQ6x69uxY5NYZX7hWS/0icXWteWs7Enoo="},"chainType":1,"messageKeys":{}}},"pendingPreKey":{"signedKeyId":3,"baseKey":"BZyLtOB3mB4ZQ/RA0R/ZzeXctPJG4EPJJ/y33efdgn01","preKeyId":7152884}},"Be4PQbMVFw86N+QklDWQas4oy6ZayqxCG4cOwhEpJ0Uq":{"registrationId":692393285,"currentRatchet":{"ephemeralKeyPair":{"pubKey":"Bd1/8W/KghrvsGeiaej8ddk1wG0HcLowa0wQqDOwwTYA","privKey":"qD0EvwIprPl3kcEsKzrgwkqQa1kDTLgR8WNNXw29DX8="},"lastRemoteEphemeralKey":"BXYcx4a0TJwT2AYFue3zwJW6NNlZ6bXJMkS5mlFM5GNF","previousCounter":0,"rootKey":"Kk7J4/93watszOgeFOzMn0E+sWcDLq1d5LOylA8dcak="},"indexInfo":{"baseKey":"Be4PQbMVFw86N+QklDWQas4oy6ZayqxCG4cOwhEpJ0Uq","baseKeyType":1,"closed":1690524420831,"used":1690524415670,"created":1690524415670,"remoteIdentityKey":"BQw0EoZq4859ct22AI69dO/fznF61JojdY9ScYucNnNJ"},"_chains":{"Bd1/8W/KghrvsGeiaej8ddk1wG0HcLowa0wQqDOwwTYA":{"chainKey":{"counter":0,"key":"FerqFphy+x2Oi3Gq2v/4K834IBCCaFw+G+sEUpLhmDk="},"chainType":1,"messageKeys":{}}},"pendingPreKey":{"signedKeyId":3,"baseKey":"Be4PQbMVFw86N+QklDWQas4oy6ZayqxCG4cOwhEpJ0Uq","preKeyId":7152846}},"BZhrmmgiwnUFzVgf3jTzt1fh2+9Wu/PNGpJ9r0JDzZt+":{"registrationId":692393285,"currentRatchet":{"ephemeralKeyPair":{"pubKey":"BQsf7OeJL9744E9P5Jm611Yt2LbzsqrUvvvmYZcdQao3","privKey":"WC4CY9NLIGQU/f3s6ecCXuGfLNCUnoJsQMSObN/nkWk="},"lastRemoteEphemeralKey":"BXYcx4a0TJwT2AYFue3zwJW6NNlZ6bXJMkS5mlFM5GNF","previousCounter":0,"rootKey":"ellnlMzTDB6jufSk2VV15+iWanyXjja2Ly0zd6SPgMY="},"indexInfo":{"baseKey":"BZhrmmgiwnUFzVgf3jTzt1fh2+9Wu/PNGpJ9r0JDzZt+","baseKeyType":1,"closed":1690524425189,"used":1690524420802,"created":1690524420802,"remoteIdentityKey":"BQw0EoZq4859ct22AI69dO/fznF61JojdY9ScYucNnNJ"},"_chains":{"BQsf7OeJL9744E9P5Jm611Yt2LbzsqrUvvvmYZcdQao3":{"chainKey":{"counter":0,"key":"q4vufoHfsPpjh0i2VjYaC6qgBOFCEhe2z+dXg432G0U="},"chainType":1,"messageKeys":{}}},"pendingPreKey":{"signedKeyId":3,"baseKey":"BZhrmmgiwnUFzVgf3jTzt1fh2+9Wu/PNGpJ9r0JDzZt+","preKeyId":7152859}},"BeGD4DkLzwrh+Z60om5jknPfC7a93cdanjcXcRslx8Fx":{"registrationId":692393285,"currentRatchet":{"ephemeralKeyPair":{"pubKey":"BXcYzoxqhyAbozuFyb4VqkYoy71UK47kxqmZwZUHM9Bh","privKey":"SKrtbKWiZlDDjgQzPqQRqEYl6PoYdmlyBIzJShhKAEc="},"lastRemoteEphemeralKey":"BXYcx4a0TJwT2AYFue3zwJW6NNlZ6bXJMkS5mlFM5GNF","previousCounter":0,"rootKey":"2uVEU+X8FWAMQrgmQDXi4QuduNYkSb2vdSkfYkDGGBg="},"indexInfo":{"baseKey":"BeGD4DkLzwrh+Z60om5jknPfC7a93cdanjcXcRslx8Fx","baseKeyType":1,"closed":1690524429657,"used":1690524425140,"created":1690524425140,"remoteIdentityKey":"BQw0EoZq4859ct22AI69dO/fznF61JojdY9ScYucNnNJ"},"_chains":{"BXcYzoxqhyAbozuFyb4VqkYoy71UK47kxqmZwZUHM9Bh":{"chainKey":{"counter":0,"key":"EJGH7kerVKgZkc0fvZuL9PaMSMry1WjIPoMzPdOh798="},"chainType":1,"messageKeys":{}}},"pendingPreKey":{"signedKeyId":3,"baseKey":"BeGD4DkLzwrh+Z60om5jknPfC7a93cdanjcXcRslx8Fx","preKeyId":7152923}},"BceU9C3Uj+Gzuv9eo01XmuJlif83Cp2vH3IXqu8EAhtN":{"registrationId":692393285,"currentRatchet":{"ephemeralKeyPair":{"pubKey":"BVmyqzalEM6cC60wbwPJ5V3bNxb9pvhgngPXBlD0Z/lj","privKey":"cJn3MUN8KAYK871dceCN86a0qIHwsGKMqLO6D28VDmU="},"lastRemoteEphemeralKey":"BXYcx4a0TJwT2AYFue3zwJW6NNlZ6bXJMkS5mlFM5GNF","previousCounter":0,"rootKey":"+081xW+AgqNHo8/9SqOkaCbwn7YAFqeBu1NvLuUdR8k="},"indexInfo":{"baseKey":"BceU9C3Uj+Gzuv9eo01XmuJlif83Cp2vH3IXqu8EAhtN","baseKeyType":1,"closed":1690524433415,"used":1690524429642,"created":1690524429642,"remoteIdentityKey":"BQw0EoZq4859ct22AI69dO/fznF61JojdY9ScYucNnNJ"},"_chains":{"BVmyqzalEM6cC60wbwPJ5V3bNxb9pvhgngPXBlD0Z/lj":{"chainKey":{"counter":0,"key":"1OqV3UwiFTutZH8Wxhj04YN7NRxB4xQjTK1E1FxIJQE="},"chainType":1,"messageKeys":{}}},"pendingPreKey":{"signedKeyId":3,"baseKey":"BceU9C3Uj+Gzuv9eo01XmuJlif83Cp2vH3IXqu8EAhtN","preKeyId":7153392}},"BbE9m6FXulJIxNXwJQH+Bm2HBOGNX01Y7YCLvsstvTts":{"registrationId":692393285,"currentRatchet":{"ephemeralKeyPair":{"pubKey":"BSvoRujRiXaVT7Xx6JKDViYcp2zXjCFOX+WG09EMmRUx","privKey":"+DACAovZtqDpQvEBcyrjZYzJUJMA/29gaC7fYh0EN2I="},"lastRemoteEphemeralKey":"BXYcx4a0TJwT2AYFue3zwJW6NNlZ6bXJMkS5mlFM5GNF","previousCounter":0,"rootKey":"emrjLdwoSove2qWTu8VbIYL484yBiwfDk88tE30KLWQ="},"indexInfo":{"baseKey":"BbE9m6FXulJIxNXwJQH+Bm2HBOGNX01Y7YCLvsstvTts","baseKeyType":1,"closed":-1,"used":1690524433389,"created":1690524433389,"remoteIdentityKey":"BQw0EoZq4859ct22AI69dO/fznF61JojdY9ScYucNnNJ"},"_chains":{"BSvoRujRiXaVT7Xx6JKDViYcp2zXjCFOX+WG09EMmRUx":{"chainKey":{"counter":179,"key":"WZTD6QpG8cAticakzfth/SxrytjM7FP4l4rbfM2Z/VU="},"chainType":1,"messageKeys":{}}},"pendingPreKey":{"signedKeyId":3,"baseKey":"BbE9m6FXulJIxNXwJQH+Bm2HBOGNX01Y7YCLvsstvTts","preKeyId":7152904}}},"version":"v1"}