{"_sessions":{"BezfK3/9rHi9iUvwbBjpCbjndn6pAUreUXMnfoISwCJj":{"registrationId":1321473305,"currentRatchet":{"ephemeralKeyPair":{"pubKey":"Bf0+ieVaY521bWmR8wC4gcH3d1Z2VxMAD8EXLGEqFzcP","privKey":"QKgAaapKx9aNV0Fc1uJuYXiEkxStVXRKsNCY/omeNW0="},"lastRemoteEphemeralKey":"BYyyV0EwoF+LnoUTe6wcYIjallTioFiPegyys6flgb8D","previousCounter":0,"rootKey":"JjZ47+9UEC4B9S+M2fpReVk744QOY8iUzg3L00zAGdk="},"indexInfo":{"baseKey":"BezfK3/9rHi9iUvwbBjpCbjndn6pAUreUXMnfoISwCJj","baseKeyType":1,"closed":-1,"used":1690523857202,"created":1690523857202,"remoteIdentityKey":"BaJJI3er4Vki1SOe4ISUsPTaMym0A1QgMTH1RndGuQ9H"},"_chains":{"Bf0+ieVaY521bWmR8wC4gcH3d1Z2VxMAD8EXLGEqFzcP":{"chainKey":{"counter":197,"key":"WjJRYhjzei5xGwFRNK71oUmcP9zU4RoTo6wVejEfpBA="},"chainType":1,"messageKeys":{}}},"pendingPreKey":{"signedKeyId":1,"baseKey":"BezfK3/9rHi9iUvwbBjpCbjndn6pAUreUXMnfoISwCJj"}}},"version":"v1"}