{"_sessions":{"BUbS8HOXlTIyPd0JDaG+azOugLChgWdGiSwvUCgi+Kof":{"registrationId":1281282558,"currentRatchet":{"ephemeralKeyPair":{"pubKey":"Ba35xSeBYCAu9T3M+0E3vAkQh+SZeasrOWXLkSAdPwRp","privKey":"WJj36fP4145xRrTiT4yQwQ0QKHN6G0ZROj2oWdWg5Eo="},"lastRemoteEphemeralKey":"Bcwy1XFPP22l0casd7hXpqYARpFbNNqgBDwuq2P6IuYk","previousCounter":0,"rootKey":"pY0gOXzqwJzPyaNeNgSeWQdQHBZx+jc+snKLXzdPPfQ="},"indexInfo":{"baseKey":"BUbS8HOXlTIyPd0JDaG+azOugLChgWdGiSwvUCgi+Kof","baseKeyType":1,"closed":1690518205641,"used":1690512636718,"created":1690512636718,"remoteIdentityKey":"BQAFakT0eAcNYH21Zi0zGwcA9HmtS3t3MQHy3ewqBpwn"},"_chains":{"Ba35xSeBYCAu9T3M+0E3vAkQh+SZeasrOWXLkSAdPwRp":{"chainKey":{"counter":8,"key":"g22DBDa7p0J2ai0xtr6M5sdhU9z4VpBXKJeLlO9RYxo="},"chainType":1,"messageKeys":{}}},"pendingPreKey":{"signedKeyId":1,"baseKey":"BUbS8HOXlTIyPd0JDaG+azOugLChgWdGiSwvUCgi+Kof","preKeyId":15122307}},"BTE29PI7NXOVMECOelB7xyVB6fL8AfzQyZzh/KPYGLIC":{"registrationId":1380172775,"currentRatchet":{"ephemeralKeyPair":{"pubKey":"BSev7wpzv5tjaZi4nKpqDTsQIphe+mGC0tATHxdXGqth","privKey":"6PUMA+y9ZCEzgvzKnRiboWb/EjnLPJP0ifDQUNmZvW0="},"lastRemoteEphemeralKey":"Bbm+K3AZvrzMc97A7OwTtKLaftTBQj9tkdAVqrwhgfVO","previousCounter":0,"rootKey":"aJ6oP0Jt2whueJ/0jTax7RcI5SwuLtEfcOBR6QqQOrE="},"indexInfo":{"baseKey":"BTE29PI7NXOVMECOelB7xyVB6fL8AfzQyZzh/KPYGLIC","baseKeyType":1,"closed":-1,"used":1690518205626,"created":1690518205626,"remoteIdentityKey":"BTWAGrti6j9DcdunCp1KoNd7SIukELaJjR/D6mzwpaJv"},"_chains":{"BSev7wpzv5tjaZi4nKpqDTsQIphe+mGC0tATHxdXGqth":{"chainKey":{"counter":115,"key":"N9lv7HSiYrlK5Q9gjRDW5cD1Jn5A8ZMcY4dvkIM2TcQ="},"chainType":1,"messageKeys":{}}},"pendingPreKey":{"signedKeyId":0,"baseKey":"BTE29PI7NXOVMECOelB7xyVB6fL8AfzQyZzh/KPYGLIC","preKeyId":10522944}}},"version":"v1"}