{"_sessions":{"BRPbeQUXICePVwLG66/lLuIVFpKu7LpVhHH3mPgg6j9V":{"registrationId":2067090874,"currentRatchet":{"ephemeralKeyPair":{"pubKey":"BVn/6YdOKYSY2BiyZZ6rlNijHNsWGaWlDEHpurMGSzRB","privKey":"aD2Bs78v27/t8qPFduw5HzFJnAQi+L0+2PDDYYBdxlI="},"lastRemoteEphemeralKey":"BaaQsV7I/KDFRDrVu4MqbtYwGCapnjEg8nkQhcVNaaJ2","previousCounter":0,"rootKey":"QEXUx4X97A9oYwlOAObLddEZHze/dbz/MdxSeimxOuU="},"indexInfo":{"baseKey":"BRPbeQUXICePVwLG66/lLuIVFpKu7LpVhHH3mPgg6j9V","baseKeyType":1,"closed":1690523523280,"used":1690512636301,"created":1690512636301,"remoteIdentityKey":"BS5xllmUQU6DActOpJ+9Q/JyJauyX3olOl2473aHDNo/"},"_chains":{"BVn/6YdOKYSY2BiyZZ6rlNijHNsWGaWlDEHpurMGSzRB":{"chainKey":{"counter":12,"key":"xrG9b3OHZ8KVQm+ghzfmsa+13fUfLf88QInbTgH6DoM="},"chainType":1,"messageKeys":{}}},"pendingPreKey":{"signedKeyId":1,"baseKey":"BRPbeQUXICePVwLG66/lLuIVFpKu7LpVhHH3mPgg6j9V","preKeyId":15369057}},"Bdicm2fY1uVK5+XBOvSfjAdctINCHEDHle4tzcwMDstI":{"registrationId":1596618663,"currentRatchet":{"ephemeralKeyPair":{"pubKey":"BcY7d/2gCDvfaTSc4NbTitpttcpri59X2H2jGHwBHFAK","privKey":"yIrStet5ntxCTOI8xN4aSb/HaXURIOSJJFI9PDqnuUQ="},"lastRemoteEphemeralKey":"BXVy3fVF7BdjS3kYq1H4lM/O4EW97wUDEEWBZYEH1IQw","previousCounter":0,"rootKey":"ll9/BVRfx+39/pzMPe7meu3mooazKREJijQ3cuy+cNM="},"indexInfo":{"baseKey":"Bdicm2fY1uVK5+XBOvSfjAdctINCHEDHle4tzcwMDstI","baseKeyType":1,"closed":-1,"used":1690523523253,"created":1690523523253,"remoteIdentityKey":"BYJpZY6KIjKlGyfWNYeLFqRMTvu8gLP35AoBjcMogpd/"},"_chains":{"BcY7d/2gCDvfaTSc4NbTitpttcpri59X2H2jGHwBHFAK":{"chainKey":{"counter":111,"key":"4TxgWtIwqz/otbxVPPh+qWfLsyDJtB/Ajt1ezylKLfM="},"chainType":1,"messageKeys":{}}},"pendingPreKey":{"signedKeyId":0,"baseKey":"Bdicm2fY1uVK5+XBOvSfjAdctINCHEDHle4tzcwMDstI","preKeyId":10840984}}},"version":"v1"}