{"_sessions":{"BeseXNyP1gRGduUz7yJWdCjqri9D34jiEj5+yZNIAmgg":{"registrationId":153,"currentRatchet":{"ephemeralKeyPair":{"pubKey":"BSuDXMJOrELG/CT+Hl1pq4fcgJNT5yu5nlfwkHiM0/sb","privKey":"qFU8C2EP1y2jksDCM/HsmPWM3LFK6msUzpKoO/iIpWc="},"lastRemoteEphemeralKey":"Baj97HWcrN14zknAznUY7zys3y6NnrtECTAkDpwuIppx","previousCounter":0,"rootKey":"T6ECeFenXjTGcKR0x+sJTx7LmY2RVssbik5hoafVs+o="},"indexInfo":{"baseKey":"BeseXNyP1gRGduUz7yJWdCjqri9D34jiEj5+yZNIAmgg","baseKeyType":1,"closed":-1,"used":1690526903306,"created":1690526903306,"remoteIdentityKey":"BbTnD9FHCjSQPHfvAFu8yxIxqzsRQW6m5nhL5d4lky1m"},"_chains":{"BSuDXMJOrELG/CT+Hl1pq4fcgJNT5yu5nlfwkHiM0/sb":{"chainKey":{"counter":11,"key":"4BABYUuFgzuVAwTbcIZjgkwRkQXB0IGcOmBS/xHNTCA="},"chainType":1,"messageKeys":{}}},"pendingPreKey":{"signedKeyId":1,"baseKey":"BeseXNyP1gRGduUz7yJWdCjqri9D34jiEj5+yZNIAmgg"}}},"version":"v1"}