{"_sessions":{"BY5/GKzAmUSFfQzV0/szyjtq5BZqdydZMUbae9fgDYod":{"registrationId":263564307,"currentRatchet":{"ephemeralKeyPair":{"pubKey":"BazqopYsN04gvO6BFPb7juPSjckVUy24p79ubQV23ONC","privKey":"+ENGjw3yfRg0z4OHeBxYMe5kyX6eLW2/9oNz4v+l9lE="},"lastRemoteEphemeralKey":"BWVzxUdGGH4dIrnUJ3TbAlNLiuiqJ6QhFRdtORg1268V","previousCounter":0,"rootKey":"hlcqHGTltF8StgbxMvxoBNKkbDSo+cCNP2BpSWV36iU="},"indexInfo":{"baseKey":"BY5/GKzAmUSFfQzV0/szyjtq5BZqdydZMUbae9fgDYod","baseKeyType":1,"closed":1690525269321,"used":1690523855896,"created":1690523855896,"remoteIdentityKey":"BakvxyONiCUZGaOGdD/C7pA5SZyJa8LLIZfYhMcm6eQ3"},"_chains":{"BazqopYsN04gvO6BFPb7juPSjckVUy24p79ubQV23ONC":{"chainKey":{"counter":18,"key":"Fr/dMIGOzJdzQn7a0jV/BxSLE99LkiJmP8a0DJKJJBQ="},"chainType":1,"messageKeys":{}}},"pendingPreKey":{"signedKeyId":0,"baseKey":"BY5/GKzAmUSFfQzV0/szyjtq5BZqdydZMUbae9fgDYod","preKeyId":15316934}},"BVoivWvDrgtvGgCcDNQpdfIiBkqj7dIRJgUiNoESYdkr":{"registrationId":263564307,"currentRatchet":{"ephemeralKeyPair":{"pubKey":"BT0JvxyLYjdZ0p82DxjkTKrtzygMutAul+OKcSlISoxL","privKey":"KFuCgtVoajGSyl6po8bJPmWzKsK8bYt9mYY5x18EP38="},"lastRemoteEphemeralKey":"BWVzxUdGGH4dIrnUJ3TbAlNLiuiqJ6QhFRdtORg1268V","previousCounter":0,"rootKey":"ppnk0yig1IqGcbes89vOWF+sHOLlX2L68vLbzfdA2HI="},"indexInfo":{"baseKey":"BVoivWvDrgtvGgCcDNQpdfIiBkqj7dIRJgUiNoESYdkr","baseKeyType":1,"closed":-1,"used":1690525269282,"created":1690525269282,"remoteIdentityKey":"BakvxyONiCUZGaOGdD/C7pA5SZyJa8LLIZfYhMcm6eQ3"},"_chains":{"BT0JvxyLYjdZ0p82DxjkTKrtzygMutAul+OKcSlISoxL":{"chainKey":{"counter":178,"key":"0RPWaBxVc3ASwjYWiO+Ul+ibJ1/+6x6RZkeKNhap+3A="},"chainType":1,"messageKeys":{}}},"pendingPreKey":{"signedKeyId":0,"baseKey":"BVoivWvDrgtvGgCcDNQpdfIiBkqj7dIRJgUiNoESYdkr","preKeyId":15318202}}},"version":"v1"}