{"_sessions":{"Bfu+A+uhZemadAksM3ZyRWSLVsP2i5rZC6DPXCbZmwdq":{"registrationId":17,"currentRatchet":{"ephemeralKeyPair":{"pubKey":"BUUxstxHB7BUu/NuKYuyhYi1vCVnzNG2/0yaWYKVgtgy","privKey":"eBi/ubndA2CdZ5NkN0sRk1kOEUPPa6C9U5Ue6omdkH8="},"lastRemoteEphemeralKey":"BSnFe3BR+cTKbSggNT/r+OZBLAmrorR9RAQsx2PMbsNL","previousCounter":0,"rootKey":"SkKl4pGXclX3AmJumax046NOzMxN6eDwMtJGkHpQ5dY="},"indexInfo":{"baseKey":"Bfu+A+uhZemadAksM3ZyRWSLVsP2i5rZC6DPXCbZmwdq","baseKeyType":1,"closed":-1,"used":1690523855071,"created":1690523855071,"remoteIdentityKey":"BS/MF/jots7ZhwgtStiVDehXamNcEt7NXb+wL2IbqDE4"},"_chains":{"BUUxstxHB7BUu/NuKYuyhYi1vCVnzNG2/0yaWYKVgtgy":{"chainKey":{"counter":45,"key":"uE1mTMyTvvNjXeauqU9NpafKaaa7eUI2AiHlrkhntYc="},"chainType":1,"messageKeys":{}}},"pendingPreKey":{"signedKeyId":1,"baseKey":"Bfu+A+uhZemadAksM3ZyRWSLVsP2i5rZC6DPXCbZmwdq"}}},"version":"v1"}