{"_sessions":{"BbVCoBOLR5yOuWy7Z0sv3YwHtjL7QI5F8YMfD5H8vRYR":{"registrationId":22,"currentRatchet":{"ephemeralKeyPair":{"pubKey":"BXDfq6eCFbjhWnhEmVZPAWM3AXM/bo5Nc3xzQgTR6btQ","privKey":"OK+v9v6T1aazqDXgCSBkwHen79iscE8nCwvdOReDEWQ="},"lastRemoteEphemeralKey":"Baffxhjhxvca700CMLOxf7tooacKgW5CdMsGODG/dk5x","previousCounter":0,"rootKey":"SJUGdnSr4wCjQMo8jH95MLGG7vpDWkAPxXNm7EhKjdw="},"indexInfo":{"baseKey":"BbVCoBOLR5yOuWy7Z0sv3YwHtjL7QI5F8YMfD5H8vRYR","baseKeyType":1,"closed":-1,"used":1690523854756,"created":1690523854756,"remoteIdentityKey":"BffQ5eaEvZFDbM/yIJ/QxUdVAixVFRiqUGmAqGZmwqgw"},"_chains":{"BXDfq6eCFbjhWnhEmVZPAWM3AXM/bo5Nc3xzQgTR6btQ":{"chainKey":{"counter":197,"key":"ZrkfolM83l3lM1EYk2+UoBLRhOtoC/5ioUWk7SvRTME="},"chainType":1,"messageKeys":{}}},"pendingPreKey":{"signedKeyId":1,"baseKey":"BbVCoBOLR5yOuWy7Z0sv3YwHtjL7QI5F8YMfD5H8vRYR"}}},"version":"v1"}