{"_sessions":{"Bf71e18qR1+3pXYnwESVZIig3b14BSHiNGTldSELzVhu":{"registrationId":437309653,"currentRatchet":{"ephemeralKeyPair":{"pubKey":"BWzn7N6uMUqi+8+JQspj4wAViQo+iOCdDC4Ah/JtaYlu","privKey":"gJRDesxaq6H290ACkCpEqlDE90zRTcivdOfuI/HxoW0="},"lastRemoteEphemeralKey":"BeJnIBfZrqkJYP3tzjUBLnFh7EOyIyOWDnq0kTGEb9Iy","previousCounter":0,"rootKey":"UtMbneK2/+RUrLA72iLH6K+xvkgTTHFi2l0xA+UdG7U="},"indexInfo":{"baseKey":"Bf71e18qR1+3pXYnwESVZIig3b14BSHiNGTldSELzVhu","baseKeyType":1,"closed":-1,"used":1690512636973,"created":1690512636973,"remoteIdentityKey":"BX06ks8V9+iYWK7L9EoT6aj1P5Lm+9PXUOVM7UbKD+8n"},"_chains":{"BWzn7N6uMUqi+8+JQspj4wAViQo+iOCdDC4Ah/JtaYlu":{"chainKey":{"counter":127,"key":"+/i9Dof6JGQtqxVSWax0KWH4HFKkTimRpBzRbiUG5fk="},"chainType":1,"messageKeys":{}}},"pendingPreKey":{"signedKeyId":0,"baseKey":"Bf71e18qR1+3pXYnwESVZIig3b14BSHiNGTldSELzVhu","preKeyId":7003865}}},"version":"v1"}