{"_sessions":{"Bcrg5fb3m8/RRRrS1qml1yFgWMKEStcf+P6bYYr5cL4a":{"registrationId":89,"currentRatchet":{"ephemeralKeyPair":{"pubKey":"BfNLG/YaraRcXW57UpwhBnlkXAOAtlKO9YnMSckmBvQ7","privKey":"+B3szkEQPqfCYhatRzKohR0e6jp3Yg9N399sIJG7wnc="},"lastRemoteEphemeralKey":"BVUhUyXTqSqk4zmdFbENWfghg6LhOFywArFkaOJK1XgP","previousCounter":0,"rootKey":"7Rkvk4+QAhj3k4CDUmfa7t+lKV9Ez/DrvcbEyv4kMC8="},"indexInfo":{"baseKey":"Bcrg5fb3m8/RRRrS1qml1yFgWMKEStcf+P6bYYr5cL4a","baseKeyType":1,"closed":-1,"used":1690523854985,"created":1690523854985,"remoteIdentityKey":"Be5xtGOKve8euFwY05Higg7C/p81MZ4zH+ZHFkR4s6kv"},"_chains":{"BfNLG/YaraRcXW57UpwhBnlkXAOAtlKO9YnMSckmBvQ7":{"chainKey":{"counter":197,"key":"z1Xzex/H203g5NJrgMcWxP3xuiD5cUDSVqQg1xYxvv4="},"chainType":1,"messageKeys":{}}},"pendingPreKey":{"signedKeyId":1,"baseKey":"Bcrg5fb3m8/RRRrS1qml1yFgWMKEStcf+P6bYYr5cL4a"}}},"version":"v1"}