{"_sessions":{"BZ9Sq8wHlfNe0ZyOluTBp6K41KCJPX/G/VxKb3UgS3MG":{"registrationId":473065247,"currentRatchet":{"ephemeralKeyPair":{"pubKey":"BZ6yXwIsrK7ygQUZjz1Q3pb0CuFmIF5b2ZAZm8Fl6cg3","privKey":"KL7FgXGqXruQDBUqGpD3FskxRZYClbr4OKgpYO0j82A="},"lastRemoteEphemeralKey":"BbyDqvNA9YHnGq4vsN1y2zddzKnx4bMmmjLe/Fg+AJR8","previousCounter":0,"rootKey":"uvrdYMY7mWYjiBKxnFEm3TyBQMpZjehQBD0jgH4lg1c="},"indexInfo":{"baseKey":"BZ9Sq8wHlfNe0ZyOluTBp6K41KCJPX/G/VxKb3UgS3MG","baseKeyType":1,"closed":1690525273062,"used":1690523857860,"created":1690523857860,"remoteIdentityKey":"BRef/O91t4tMvIYMPclcAJEzK0RfjFSnaxMokZTQZJFB"},"_chains":{"BZ6yXwIsrK7ygQUZjz1Q3pb0CuFmIF5b2ZAZm8Fl6cg3":{"chainKey":{"counter":19,"key":"XA+dyED5wpFRmtNDdM73hYM7gXAE2MpzkTJfHCAHDfQ="},"chainType":1,"messageKeys":{}}},"pendingPreKey":{"signedKeyId":0,"baseKey":"BZ9Sq8wHlfNe0ZyOluTBp6K41KCJPX/G/VxKb3UgS3MG"}},"Bc5IawElasb30b5IHOZBFShsf4Xc117l8E/rVl/0XV5K":{"registrationId":473065247,"currentRatchet":{"ephemeralKeyPair":{"pubKey":"Bavfog0I7uBsLAVzrOCInQ5UquTeBXy30kxaOyAbYQI5","privKey":"eHoSoM26NSP8XNkdJdlMgY/lzdOQhyi9GfVDaho9504="},"lastRemoteEphemeralKey":"BbyDqvNA9YHnGq4vsN1y2zddzKnx4bMmmjLe/Fg+AJR8","previousCounter":0,"rootKey":"59bu8m2qEYa73KddxBiNZNNriRJp+qOP2/MaQpDS7ec="},"indexInfo":{"baseKey":"Bc5IawElasb30b5IHOZBFShsf4Xc117l8E/rVl/0XV5K","baseKeyType":1,"closed":1690525277416,"used":1690525273045,"created":1690525273045,"remoteIdentityKey":"BRef/O91t4tMvIYMPclcAJEzK0RfjFSnaxMokZTQZJFB"},"_chains":{"Bavfog0I7uBsLAVzrOCInQ5UquTeBXy30kxaOyAbYQI5":{"chainKey":{"counter":0,"key":"aTTKhsNdDK6JeHOcszbzD9M+UIb3C+8qXlRbHid6aK4="},"chainType":1,"messageKeys":{}}},"pendingPreKey":{"signedKeyId":0,"baseKey":"Bc5IawElasb30b5IHOZBFShsf4Xc117l8E/rVl/0XV5K","preKeyId":12907819}},"BWuMKzILcghBLn4/0p+ZkGd81vB+TjmdtACDEVIijChd":{"registrationId":473065247,"currentRatchet":{"ephemeralKeyPair":{"pubKey":"BeJr0P8Ogs1JmMYcRroX7kn7ofecDmDlrCMzhsTsTVgu","privKey":"mMl34BHFhElq23GU8k76FiVnzforuXCJmp8jRvriL24="},"lastRemoteEphemeralKey":"BbyDqvNA9YHnGq4vsN1y2zddzKnx4bMmmjLe/Fg+AJR8","previousCounter":0,"rootKey":"ZEZMmKlgL/NUJwyqMmFVciYOi9nFZ8pwO5Ns8QIlxRo="},"indexInfo":{"baseKey":"BWuMKzILcghBLn4/0p+ZkGd81vB+TjmdtACDEVIijChd","baseKeyType":1,"closed":1690525282055,"used":1690525277388,"created":1690525277388,"remoteIdentityKey":"BRef/O91t4tMvIYMPclcAJEzK0RfjFSnaxMokZTQZJFB"},"_chains":{"BeJr0P8Ogs1JmMYcRroX7kn7ofecDmDlrCMzhsTsTVgu":{"chainKey":{"counter":0,"key":"Qncv5oTkKDF9U6lQpqT/lJunWIoA5XuZKcvjjCzZp04="},"chainType":1,"messageKeys":{}}},"pendingPreKey":{"signedKeyId":0,"baseKey":"BWuMKzILcghBLn4/0p+ZkGd81vB+TjmdtACDEVIijChd","preKeyId":12909404}},"BWwLItgBZ39zTlC8cTpY4/TcUmv7ibYfi8kgzclUs6VR":{"registrationId":473065247,"currentRatchet":{"ephemeralKeyPair":{"pubKey":"BVoUZ7h+a4K6RQPX32K6MGmmxOMNRT+TfhquX22l/IkZ","privKey":"2FjIvxHPE0XfGj2U+cIZOXvtZh+gKZvw+NC/O5Hcf24="},"lastRemoteEphemeralKey":"BbyDqvNA9YHnGq4vsN1y2zddzKnx4bMmmjLe/Fg+AJR8","previousCounter":0,"rootKey":"BRRu+oCXLNzO7xu4A63gMtSTN6Yk0kCom2CMyOks79M="},"indexInfo":{"baseKey":"BWwLItgBZ39zTlC8cTpY4/TcUmv7ibYfi8kgzclUs6VR","baseKeyType":1,"closed":1690525286945,"used":1690525282004,"created":1690525282004,"remoteIdentityKey":"BRef/O91t4tMvIYMPclcAJEzK0RfjFSnaxMokZTQZJFB"},"_chains":{"BVoUZ7h+a4K6RQPX32K6MGmmxOMNRT+TfhquX22l/IkZ":{"chainKey":{"counter":0,"key":"pG4HWExOj5d9T0O6I2diRcATJB2bc3CFCBCZCb78K7A="},"chainType":1,"messageKeys":{}}},"pendingPreKey":{"signedKeyId":0,"baseKey":"BWwLItgBZ39zTlC8cTpY4/TcUmv7ibYfi8kgzclUs6VR","preKeyId":12909414}},"BWius/eDFbK/dTwJ/pET/Eq7onKeNtWQh0RENHqKstMB":{"registrationId":473065247,"currentRatchet":{"ephemeralKeyPair":{"pubKey":"BRFqkuqaKOgYn2kSv87Wnq0WlhPJhliLpnjlSta6eNRl","privKey":"SFrNtDqy8Dk5mInHRgNaWA3qdx2xSbkSbzia75nSIlU="},"lastRemoteEphemeralKey":"BbyDqvNA9YHnGq4vsN1y2zddzKnx4bMmmjLe/Fg+AJR8","previousCounter":0,"rootKey":"IE8P7x+nFFzJQKXN8zK8vN8quHVB2LEseXQeRCM2BxQ="},"indexInfo":{"baseKey":"BWius/eDFbK/dTwJ/pET/Eq7onKeNtWQh0RENHqKstMB","baseKeyType":1,"closed":1690525291571,"used":1690525286933,"created":1690525286933,"remoteIdentityKey":"BRef/O91t4tMvIYMPclcAJEzK0RfjFSnaxMokZTQZJFB"},"_chains":{"BRFqkuqaKOgYn2kSv87Wnq0WlhPJhliLpnjlSta6eNRl":{"chainKey":{"counter":0,"key":"a9rVBApq5qNq5GuSm6Z82Pcnta5X+eIqAfVyPOtrypY="},"chainType":1,"messageKeys":{}}},"pendingPreKey":{"signedKeyId":0,"baseKey":"BWius/eDFbK/dTwJ/pET/Eq7onKeNtWQh0RENHqKstMB","preKeyId":12907802}},"BSfDDRKFtn3kAyk9wFBnOnfaPvigtUEKSDFD7B6doqMu":{"registrationId":473065247,"currentRatchet":{"ephemeralKeyPair":{"pubKey":"BWAxgrpmSqEjXTgx/fMleyRge2I0SIJ8zu7tj/wn2rtR","privKey":"CErp388DcD5nDwj2VOE3sUTF7+uiCVYGC0Q1imk4D0g="},"lastRemoteEphemeralKey":"BbyDqvNA9YHnGq4vsN1y2zddzKnx4bMmmjLe/Fg+AJR8","previousCounter":0,"rootKey":"2Fqfy1iwnURv/4oV0BVvLNJvWBZniscU7ZGHGTxfc8E="},"indexInfo":{"baseKey":"BSfDDRKFtn3kAyk9wFBnOnfaPvigtUEKSDFD7B6doqMu","baseKeyType":1,"closed":1690525296302,"used":1690525291558,"created":1690525291558,"remoteIdentityKey":"BRef/O91t4tMvIYMPclcAJEzK0RfjFSnaxMokZTQZJFB"},"_chains":{"BWAxgrpmSqEjXTgx/fMleyRge2I0SIJ8zu7tj/wn2rtR":{"chainKey":{"counter":0,"key":"4JtZwHYBvwSp/JmXqr21RRJhf5gO1DNJCBWuHvaVekQ="},"chainType":1,"messageKeys":{}}},"pendingPreKey":{"signedKeyId":0,"baseKey":"BSfDDRKFtn3kAyk9wFBnOnfaPvigtUEKSDFD7B6doqMu","preKeyId":12909342}},"BWpOhpZiVfbMhmhqqXbpacTFoGtTY1PPWCbpw409244l":{"registrationId":473065247,"currentRatchet":{"ephemeralKeyPair":{"pubKey":"BVfoQiLLU9GdnCDntq9XqhVIdf5fTuyhLp2wOzJKNxVZ","privKey":"2GjT/Z6YPVv64iekvRTrfYD/zCpShEtRe9wcjIvNtGQ="},"lastRemoteEphemeralKey":"BbyDqvNA9YHnGq4vsN1y2zddzKnx4bMmmjLe/Fg+AJR8","previousCounter":0,"rootKey":"yx9yeM7HUSmB0GGc2XdjRMSmJMRW1HGcAFxol0A7E9U="},"indexInfo":{"baseKey":"BWpOhpZiVfbMhmhqqXbpacTFoGtTY1PPWCbpw409244l","baseKeyType":1,"closed":1690525301078,"used":1690525296282,"created":1690525296282,"remoteIdentityKey":"BRef/O91t4tMvIYMPclcAJEzK0RfjFSnaxMokZTQZJFB"},"_chains":{"BVfoQiLLU9GdnCDntq9XqhVIdf5fTuyhLp2wOzJKNxVZ":{"chainKey":{"counter":0,"key":"JsSeof01dU6Y/oUImzDWrPwuNUjX1/cZ3xIx00KVHsE="},"chainType":1,"messageKeys":{}}},"pendingPreKey":{"signedKeyId":0,"baseKey":"BWpOhpZiVfbMhmhqqXbpacTFoGtTY1PPWCbpw409244l","preKeyId":12909339}},"BTIBfJyjKPoj7EU5aD+3K5lOaEuzMTLGEKKAD6c5z4s+":{"registrationId":473065247,"currentRatchet":{"ephemeralKeyPair":{"pubKey":"BcLV8rlH5Wq9bSnlVvzrQ1LHr9BlCr+hzU6kYKWU8OtQ","privKey":"2DIcBWLGBlb3feHX/k+KfQq444kEciz1PC6LTi5J8W8="},"lastRemoteEphemeralKey":"BbyDqvNA9YHnGq4vsN1y2zddzKnx4bMmmjLe/Fg+AJR8","previousCounter":0,"rootKey":"LcEGBeb/iYOyZfnH6/i/mWfPfZQhDu8PSf8kaN4ELFw="},"indexInfo":{"baseKey":"BTIBfJyjKPoj7EU5aD+3K5lOaEuzMTLGEKKAD6c5z4s+","baseKeyType":1,"closed":1690525304522,"used":1690525301066,"created":1690525301066,"remoteIdentityKey":"BRef/O91t4tMvIYMPclcAJEzK0RfjFSnaxMokZTQZJFB"},"_chains":{"BcLV8rlH5Wq9bSnlVvzrQ1LHr9BlCr+hzU6kYKWU8OtQ":{"chainKey":{"counter":0,"key":"pgZBfWhD1Kx8MzPFjLk0PjWrsldlQhk6vhOfhynZ3Es="},"chainType":1,"messageKeys":{}}},"pendingPreKey":{"signedKeyId":0,"baseKey":"BTIBfJyjKPoj7EU5aD+3K5lOaEuzMTLGEKKAD6c5z4s+","preKeyId":12907755}},"BbT0N7kRXlFsWnTcQQcg+NKuLmBIQweYrZYyNygayjks":{"registrationId":473065247,"currentRatchet":{"ephemeralKeyPair":{"pubKey":"BVyDLteBe6cGXMJZ2ApFiHpfKtnXRtYo9+33+3o0GvhO","privKey":"UMoyUfO/shy2pskfaHmQ9yTqNlxPzG5Xb7g9+7zC92M="},"lastRemoteEphemeralKey":"BbyDqvNA9YHnGq4vsN1y2zddzKnx4bMmmjLe/Fg+AJR8","previousCounter":0,"rootKey":"mpf2xQQW47Lx2CbdzByPIfmtIrbFmeX12oqdQBrDXjs="},"indexInfo":{"baseKey":"BbT0N7kRXlFsWnTcQQcg+NKuLmBIQweYrZYyNygayjks","baseKeyType":1,"closed":1690525307585,"used":1690525304508,"created":1690525304508,"remoteIdentityKey":"BRef/O91t4tMvIYMPclcAJEzK0RfjFSnaxMokZTQZJFB"},"_chains":{"BVyDLteBe6cGXMJZ2ApFiHpfKtnXRtYo9+33+3o0GvhO":{"chainKey":{"counter":0,"key":"FcuEXJ1CbeQGg87q1ln4zPbIQcQ715k9rn8e2uFYwv8="},"chainType":1,"messageKeys":{}}},"pendingPreKey":{"signedKeyId":0,"baseKey":"BbT0N7kRXlFsWnTcQQcg+NKuLmBIQweYrZYyNygayjks","preKeyId":12907801}},"BaYrDWOPyJOPhIj+ES1MtrkHKp084bj+ci4BiQ52/og2":{"registrationId":473065247,"currentRatchet":{"ephemeralKeyPair":{"pubKey":"BV4YiXYOu6ueYruSOngp+1DrYyjzOJmmEwuzWGmaxbtS","privKey":"SN0/VlMwvlR08o6bG/UptzbLBNDLIEkDK/Z2VKeWeE4="},"lastRemoteEphemeralKey":"BbyDqvNA9YHnGq4vsN1y2zddzKnx4bMmmjLe/Fg+AJR8","previousCounter":0,"rootKey":"fwlnFRO9AOU0KfR6QkryUaj41WZBmPQjFT3sCCaVQoo="},"indexInfo":{"baseKey":"BaYrDWOPyJOPhIj+ES1MtrkHKp084bj+ci4BiQ52/og2","baseKeyType":1,"closed":1690525310725,"used":1690525307573,"created":1690525307573,"remoteIdentityKey":"BRef/O91t4tMvIYMPclcAJEzK0RfjFSnaxMokZTQZJFB"},"_chains":{"BV4YiXYOu6ueYruSOngp+1DrYyjzOJmmEwuzWGmaxbtS":{"chainKey":{"counter":0,"key":"VQLgztnoyzIO+Obfp4/WnYJe0cOJRs64/CdG/8+pqyg="},"chainType":1,"messageKeys":{}}},"pendingPreKey":{"signedKeyId":0,"baseKey":"BaYrDWOPyJOPhIj+ES1MtrkHKp084bj+ci4BiQ52/og2","preKeyId":12907811}},"BZaduo1Cfwel2a5DbYbNmEDcdVmD7gdgBRz0G+dTGkQd":{"registrationId":473065247,"currentRatchet":{"ephemeralKeyPair":{"pubKey":"Ba97NZMlJsrB06BDFJUM0zW3Et5PpqtcvZNsQgzptp5d","privKey":"6NBx2g+Ihe6lhs7jpv3YfjBOItMopakFi2eeRGA/zXA="},"lastRemoteEphemeralKey":"BbyDqvNA9YHnGq4vsN1y2zddzKnx4bMmmjLe/Fg+AJR8","previousCounter":0,"rootKey":"gc8GK6Js8hnzogvUfh0T0Thi0EFsdBRktx3eAHdI98I="},"indexInfo":{"baseKey":"BZaduo1Cfwel2a5DbYbNmEDcdVmD7gdgBRz0G+dTGkQd","baseKeyType":1,"closed":1690525314625,"used":1690525310704,"created":1690525310704,"remoteIdentityKey":"BRef/O91t4tMvIYMPclcAJEzK0RfjFSnaxMokZTQZJFB"},"_chains":{"Ba97NZMlJsrB06BDFJUM0zW3Et5PpqtcvZNsQgzptp5d":{"chainKey":{"counter":0,"key":"f8sPO7CgvpixeYSbHPCyfYccekg25STmDnafFzrrFrM="},"chainType":1,"messageKeys":{}}},"pendingPreKey":{"signedKeyId":0,"baseKey":"BZaduo1Cfwel2a5DbYbNmEDcdVmD7gdgBRz0G+dTGkQd","preKeyId":12909371}},"BbpHgva69m3xoJe1jYuRN7S95qmoyOdPwJZzrrFLBMIm":{"registrationId":473065247,"currentRatchet":{"ephemeralKeyPair":{"pubKey":"BUlZUkrZ3BwEXSw4lcq7CAS6p3UiV/gN+cnL4iOqcetf","privKey":"cCuOT94r0/y/kiSUpoiojozDLREiIVNJ+ZfQ/aiKu2g="},"lastRemoteEphemeralKey":"BbyDqvNA9YHnGq4vsN1y2zddzKnx4bMmmjLe/Fg+AJR8","previousCounter":0,"rootKey":"eOa4K7PtZWU8iZ3GpsMxESshK+z+C4Xo0OpVO3Qct+A="},"indexInfo":{"baseKey":"BbpHgva69m3xoJe1jYuRN7S95qmoyOdPwJZzrrFLBMIm","baseKeyType":1,"closed":1690525318878,"used":1690525314556,"created":1690525314556,"remoteIdentityKey":"BRef/O91t4tMvIYMPclcAJEzK0RfjFSnaxMokZTQZJFB"},"_chains":{"BUlZUkrZ3BwEXSw4lcq7CAS6p3UiV/gN+cnL4iOqcetf":{"chainKey":{"counter":0,"key":"iHd+Tq28/C9mwwHq24Lksxp3zfmIiqoi7bt1OnxRVv0="},"chainType":1,"messageKeys":{}}},"pendingPreKey":{"signedKeyId":0,"baseKey":"BbpHgva69m3xoJe1jYuRN7S95qmoyOdPwJZzrrFLBMIm","preKeyId":12907804}},"BQcY0oBynCNgN1LYW3hqgNVVyp2dn+B9ri3hN+MupKgS":{"registrationId":473065247,"currentRatchet":{"ephemeralKeyPair":{"pubKey":"BfpHbdhFmNwVaRup1pmhLg5uPkRROfsGH100G0r/c65s","privKey":"SGVnP9TWv3UD6j5Q18hTNruDAqXhlC/8N4PwqrNKg18="},"lastRemoteEphemeralKey":"BbyDqvNA9YHnGq4vsN1y2zddzKnx4bMmmjLe/Fg+AJR8","previousCounter":0,"rootKey":"Y00w+v5DtTs9A4FWMkiZUzZfFJOt/MFCIkWfueYSAqE="},"indexInfo":{"baseKey":"BQcY0oBynCNgN1LYW3hqgNVVyp2dn+B9ri3hN+MupKgS","baseKeyType":1,"closed":1690525323212,"used":1690525318818,"created":1690525318818,"remoteIdentityKey":"BRef/O91t4tMvIYMPclcAJEzK0RfjFSnaxMokZTQZJFB"},"_chains":{"BfpHbdhFmNwVaRup1pmhLg5uPkRROfsGH100G0r/c65s":{"chainKey":{"counter":0,"key":"QlINjgermT6f9BwXmGlSqyZq70Q+ZR41/ajAhG5QL7U="},"chainType":1,"messageKeys":{}}},"pendingPreKey":{"signedKeyId":0,"baseKey":"BQcY0oBynCNgN1LYW3hqgNVVyp2dn+B9ri3hN+MupKgS","preKeyId":12909346}},"BSrEx1K9nJAvrS70v4wxgYT1qQ0UuB2rHuHDXhaVsjZy":{"registrationId":473065247,"currentRatchet":{"ephemeralKeyPair":{"pubKey":"Bag35LoK+49KdDtG5IOZBPpFdDQZ0TBzPXGX0Xob6kJo","privKey":"GCx7gT8Uc8HQDNRYuLlH9ZqKgAguRK1vRSt7dK+HFVM="},"lastRemoteEphemeralKey":"BbyDqvNA9YHnGq4vsN1y2zddzKnx4bMmmjLe/Fg+AJR8","previousCounter":0,"rootKey":"Cajqbx9BeqG/3uiHGICBCABoHaZyH8hsN+BbG8ZzEb0="},"indexInfo":{"baseKey":"BSrEx1K9nJAvrS70v4wxgYT1qQ0UuB2rHuHDXhaVsjZy","baseKeyType":1,"closed":-1,"used":1690525323129,"created":1690525323129,"remoteIdentityKey":"BRef/O91t4tMvIYMPclcAJEzK0RfjFSnaxMokZTQZJFB"},"_chains":{"Bag35LoK+49KdDtG5IOZBPpFdDQZ0TBzPXGX0Xob6kJo":{"chainKey":{"counter":165,"key":"03QxmQsA5f8oS59boKzqMQOaM8LK0xur2VdkYnEahGw="},"chainType":1,"messageKeys":{}}},"pendingPreKey":{"signedKeyId":0,"baseKey":"BSrEx1K9nJAvrS70v4wxgYT1qQ0UuB2rHuHDXhaVsjZy","preKeyId":12909398}}},"version":"v1"}