{"_sessions":{"BTOCMX+JImwUJcZ8iMJMoBxk3QgzMf72oYxDvMQNVjE/":{"registrationId":2029712333,"currentRatchet":{"ephemeralKeyPair":{"pubKey":"BWQ0Lddg5mLyrQrHrWZBPkKOx4uO08mxHmBr71XKnNBb","privKey":"MEyuezFm0lFvd94UbsfTR5Ho5YMpCsFQbFcuISfOiHA="},"lastRemoteEphemeralKey":"BRogtf2kG5VNNoopTNMcGX87LA3pRhwqbowiBg51gBMd","previousCounter":0,"rootKey":"Tb4+x9xIqPTGIoZaMpldl46nOBliat/PWj88WU8RxRA="},"indexInfo":{"baseKey":"BTOCMX+JImwUJcZ8iMJMoBxk3QgzMf72oYxDvMQNVjE/","baseKeyType":1,"closed":-1,"used":1690523858205,"created":1690523858205,"remoteIdentityKey":"Bfuur6pFOuHAZ50znbATvObIkyWyePpQTRzKGdesr9Ao"},"_chains":{"BWQ0Lddg5mLyrQrHrWZBPkKOx4uO08mxHmBr71XKnNBb":{"chainKey":{"counter":197,"key":"YW9eviRZe3744Rc5l2N+y9CbB3Bg/pXULM7qg0Xk8WA="},"chainType":1,"messageKeys":{}}},"pendingPreKey":{"signedKeyId":1,"baseKey":"BTOCMX+JImwUJcZ8iMJMoBxk3QgzMf72oYxDvMQNVjE/","preKeyId":16012912}}},"version":"v1"}