{"_sessions":{"BfXtPJf4Yv+Ruu38h20L3jf0H7b2xr5LpQ+a1e/V8mZB":{"registrationId":1336831265,"currentRatchet":{"ephemeralKeyPair":{"pubKey":"BRW+xb6qzuXdLc5mUViuxslpLG0bNq5EES5OHEIvOkoJ","privKey":"uNqz+k+6ueqoAF0FK5wBN7WGfEvz++VpxaQT/vypxG0="},"lastRemoteEphemeralKey":"BSkN7cEGUikU+SOG/hgshKdGeTRK0k822rM7vaPvXTcR","previousCounter":0,"rootKey":"4mhbwsuxwAKN338ajpbOVFReQUjv5Plc7IXJy0CMRJc="},"indexInfo":{"baseKey":"BfXtPJf4Yv+Ruu38h20L3jf0H7b2xr5LpQ+a1e/V8mZB","baseKeyType":1,"closed":-1,"used":1690523856978,"created":1690523856978,"remoteIdentityKey":"BaSUfEbSCMNR2FDzCdsYFvZacfzKhTCZiQLZgwRAqRFC"},"_chains":{"BRW+xb6qzuXdLc5mUViuxslpLG0bNq5EES5OHEIvOkoJ":{"chainKey":{"counter":197,"key":"0tOq0OOvZvxP7B3Im+/8QYLJull3hk6ljV7Erf4/kjU="},"chainType":1,"messageKeys":{}}},"pendingPreKey":{"signedKeyId":0,"baseKey":"BfXtPJf4Yv+Ruu38h20L3jf0H7b2xr5LpQ+a1e/V8mZB"}}},"version":"v1"}