{"_sessions":{"BVde3D1LoTsPIZ24SsKw16qUWa36ytul3JIY5U14/KE0":{"registrationId":2058180441,"currentRatchet":{"ephemeralKeyPair":{"pubKey":"BZKW6sIAvZeXlYQRcvJ9MGHKqzQSarMe+i9zjNrJ958z","privKey":"GLQgWhW7jozDWMfXnkBiEMY7Yrv/sfckaLw+1ZcirHs="},"lastRemoteEphemeralKey":"Bc/PjYDMlVdBUCXG3Xeiv1kRABMi6G6Za4othdq3zyRc","previousCounter":0,"rootKey":"T6jMmyISC9Bdfa3fSrl6PrnutIrt6HvOm3zSQ5rGw2s="},"indexInfo":{"baseKey":"BVde3D1LoTsPIZ24SsKw16qUWa36ytul3JIY5U14/KE0","baseKeyType":1,"closed":-1,"used":1690523857890,"created":1690523857890,"remoteIdentityKey":"BVFd1sWKFUGFZtczrxmCeiHzoXMuBWmq7jd0sQyuE3NR"},"_chains":{"BZKW6sIAvZeXlYQRcvJ9MGHKqzQSarMe+i9zjNrJ958z":{"chainKey":{"counter":197,"key":"DFfczbqS73LXCelBp+qUnSreBNfwtw33SSyOnWGs7DI="},"chainType":1,"messageKeys":{}}},"pendingPreKey":{"signedKeyId":0,"baseKey":"BVde3D1LoTsPIZ24SsKw16qUWa36ytul3JIY5U14/KE0"}}},"version":"v1"}