{"_sessions":{"BVJlxybB8CoHjJCfn1Fg0W8YHNVoe3fioXo3wBaS2uR7":{"registrationId":171,"currentRatchet":{"ephemeralKeyPair":{"pubKey":"BXhHiG+drFxBMlVErdBTlqPWZCEvLid30rpIzf4aOrYc","privKey":"GLUu60wLRFaXHWrP4qXTEzvNgrDbiCR+1DMJFOwyqVo="},"lastRemoteEphemeralKey":"Bbvvswhlz5PHKjUaJtpR1tZwX5Zgjd3JB1Q4vU6/5Apx","previousCounter":0,"rootKey":"ZeVD1kYXW/55vgR39zi8bEVqAKnyNIx8q5Tc7MaU0Lc="},"indexInfo":{"baseKey":"BVJlxybB8CoHjJCfn1Fg0W8YHNVoe3fioXo3wBaS2uR7","baseKeyType":1,"closed":-1,"used":1690544321888,"created":1690544321888,"remoteIdentityKey":"BfU9h8/mCgNPh9+QCeXAmXdXxQBEy75L0gZxbY7xoods"},"_chains":{"BXhHiG+drFxBMlVErdBTlqPWZCEvLid30rpIzf4aOrYc":{"chainKey":{"counter":57,"key":"SNrz1pAetpVZ8IukjONclhNJYTNCRn8dR3AeDtOrHSc="},"chainType":1,"messageKeys":{}}},"pendingPreKey":{"signedKeyId":1,"baseKey":"BVJlxybB8CoHjJCfn1Fg0W8YHNVoe3fioXo3wBaS2uR7","preKeyId":51}}},"version":"v1"}