{"_sessions":{"BeWKB4OgYpuUBkuZifXohQvEAboyHO2Dh0BQ4I2nEW52":{"registrationId":801204132,"currentRatchet":{"ephemeralKeyPair":{"pubKey":"Bfx6DZgkvG5Hnt/ZO10yA27KPeiSaY2SudJtNSkR8GNE","privKey":"OJWTZ/uhOvQVNO+EXoY6wsO1K/wmtyczd7Pv/fLjaUU="},"lastRemoteEphemeralKey":"BVemQLyqa4qh++2u1J6zV0WxlyhtaoXcN20GG4oPTVh+","previousCounter":0,"rootKey":"kAzX/X+ZRSeG9TaUi86L081m2Iqn/VJvkiyUUaxQmUE="},"indexInfo":{"baseKey":"BeWKB4OgYpuUBkuZifXohQvEAboyHO2Dh0BQ4I2nEW52","baseKeyType":1,"closed":-1,"used":1690523857272,"created":1690523857272,"remoteIdentityKey":"BSzNd/DZC2nq+6YmyR/WLBJm0qp7G7WJ+BYvRO57zIsu"},"_chains":{"Bfx6DZgkvG5Hnt/ZO10yA27KPeiSaY2SudJtNSkR8GNE":{"chainKey":{"counter":197,"key":"fXzVw3jPYH+K8zzhpnb0fHT9qwk2usAjTtbCDUavTSk="},"chainType":1,"messageKeys":{}}},"pendingPreKey":{"signedKeyId":4,"baseKey":"BeWKB4OgYpuUBkuZifXohQvEAboyHO2Dh0BQ4I2nEW52","preKeyId":12308687}}},"version":"v1"}