{"_sessions":{"BTkmcIZwQsuajwtxDh7cD4JUdJ/TPcJALMwZR0poGnxe":{"registrationId":656766200,"currentRatchet":{"ephemeralKeyPair":{"pubKey":"BRAXnhiZxHwfdB/rdrvoecWSVScy4wcSMvfj85GqBOBd","privKey":"6Mqw2Z6oqLv1PiLsZzETJRedH/MARruVknm+bymlZmk="},"lastRemoteEphemeralKey":"BUzP/UNkPLNdNB4Y+rxpNUwAtrwZG+XdeSmK1PdCm3oL","previousCounter":0,"rootKey":"nkTeVbz4Hnli51oWlDWINjjIxZSNUpzZGwqrrHyoSCs="},"indexInfo":{"baseKey":"BTkmcIZwQsuajwtxDh7cD4JUdJ/TPcJALMwZR0poGnxe","baseKeyType":1,"closed":-1,"used":1690512847378,"created":1690512847378,"remoteIdentityKey":"BfoFPAGOONdJ/0gTly41NJ8gQNfbcXiuCWYyl0+Hi49q"},"_chains":{"BRAXnhiZxHwfdB/rdrvoecWSVScy4wcSMvfj85GqBOBd":{"chainKey":{"counter":2,"key":"/1VdQV71QGYc0DamukII9V7z9joxqucLMHd2Oyb/ijg="},"chainType":1,"messageKeys":{}}},"pendingPreKey":{"signedKeyId":29,"baseKey":"BTkmcIZwQsuajwtxDh7cD4JUdJ/TPcJALMwZR0poGnxe","preKeyId":11275601}}},"version":"v1"}