{"_sessions":{"BWBeOeScwOjnGG+1mH/xK5EiyLJm6znuODhJQczudxY9":{"registrationId":32,"currentRatchet":{"ephemeralKeyPair":{"pubKey":"BV2kuRfQzqUaNpUZjIqIEoOx1zNUhnydZPLBfsyvGjEw","privKey":"ALhdKU+QysfIeKXChvR+XnMLWcsB35b6V4CdG0TuNno="},"lastRemoteEphemeralKey":"BcHoFsptA+a24aOGvJz7qnhSCU+Vu4hFDJXIoDmhh7hu","previousCounter":0,"rootKey":"vQNkUszVliGz39NXeUrZqIWUQEaJtdKMuqRbgHfCSZk="},"indexInfo":{"baseKey":"BWBeOeScwOjnGG+1mH/xK5EiyLJm6znuODhJQczudxY9","baseKeyType":1,"closed":-1,"used":1690523855466,"created":1690523855466,"remoteIdentityKey":"BV3RqkZIq91DS3R9QnEwDRGdPTzmiY0GGVboELTkyl1z"},"_chains":{"BV2kuRfQzqUaNpUZjIqIEoOx1zNUhnydZPLBfsyvGjEw":{"chainKey":{"counter":197,"key":"DVapDQUrShuw10wxKNgyJEfmraD3ZuI9Kagk324DQRM="},"chainType":1,"messageKeys":{}}},"pendingPreKey":{"signedKeyId":1,"baseKey":"BWBeOeScwOjnGG+1mH/xK5EiyLJm6znuODhJQczudxY9"}}},"version":"v1"}