{"_sessions":{"BeuBIsxZIn/SKsSJ+SA7hPeXc671OuSttFdlAQAn5ztV":{"registrationId":1367697014,"currentRatchet":{"ephemeralKeyPair":{"pubKey":"BUXjLnE6z9u84/ex381g62PWqyPlEE22r0qmDckKomxR","privKey":"8EOrWdW0JDrz006KjLcZERpx54vTS4/Dv4qebP676HY="},"lastRemoteEphemeralKey":"BRlO59MJGouh0VcxYpi+HLIMkT2ZCapSG4uTlmx3hjYC","previousCounter":0,"rootKey":"eqvuwf6G1V5c1PMIjqO934IpbR+aCsLB4W2MQRQlvHQ="},"indexInfo":{"baseKey":"BeuBIsxZIn/SKsSJ+SA7hPeXc671OuSttFdlAQAn5ztV","baseKeyType":2,"closed":1690504667372,"used":1690504329636,"created":1690504174281,"remoteIdentityKey":"BUrnk8+XPc1pla/UlNLwO6z9wTGAjvd7JN123+ShVUcc"},"_chains":{"BYBmjwHLY2voKRzf2MB20JHj5opQqPf1I01OmJQdPnFt":{"chainKey":{"counter":2},"chainType":2,"messageKeys":{}},"BcTC46P4WMp6lnUPuLYS4fsERbcGUzRXiLjg2CpMBvRA":{"chainKey":{"counter":2},"chainType":2,"messageKeys":{}},"BdfPrh+NMK+taMAPhRKEvVKDMKSImnJDkkL7KllU6HNn":{"chainKey":{"counter":1},"chainType":2,"messageKeys":{}},"BYe/mi6ujJrejxO3iqWmzP6SeqaqphjlLJnMHyUoaNUS":{"chainKey":{"counter":1},"chainType":2,"messageKeys":{}},"BRlO59MJGouh0VcxYpi+HLIMkT2ZCapSG4uTlmx3hjYC":{"chainKey":{"counter":3,"key":"OWhqPqkOLszy780dJGy+AXz3HodKebmU1wzVfLLtaIs="},"chainType":2,"messageKeys":{}},"BUXjLnE6z9u84/ex381g62PWqyPlEE22r0qmDckKomxR":{"chainKey":{"counter":0,"key":"ggnUpLaS6nAm59aK2BYRVxQ0bDe+xg4cgKS3TLc0pEg="},"chainType":1,"messageKeys":{}}}},"BfnXVitXtP5VSY0oVKMGC4O5SVCn8k1Gsry83DHVnDcy":{"registrationId":1367697014,"currentRatchet":{"ephemeralKeyPair":{"pubKey":"BYr5XWiPjR+JQYUOD6d9wjYjvHojvio1CBx9mgQqSZFd","privKey":"6IgWJs1Xzfo1ybRbcGiQ6mKl90352G6X8mi5zux/XEc="},"lastRemoteEphemeralKey":"BTYZ4MKoEvCbpzdmH+eRu2z5y/+2OSRxIlXZ04GrEQgU","previousCounter":0,"rootKey":"VbGZMaIiccs1wanu/YlPXit1R7Xe3G8c9lNBUkXVArw="},"indexInfo":{"baseKey":"BfnXVitXtP5VSY0oVKMGC4O5SVCn8k1Gsry83DHVnDcy","baseKeyType":2,"closed":1690512644440,"used":1690504743294,"created":1690504667405,"remoteIdentityKey":"BUrnk8+XPc1pla/UlNLwO6z9wTGAjvd7JN123+ShVUcc"},"_chains":{"BTitUwDjbsZbkAO177ySuhDxWXs4Y5xmZYX2O9ciaelT":{"chainKey":{"counter":0},"chainType":2,"messageKeys":{}},"BTYZ4MKoEvCbpzdmH+eRu2z5y/+2OSRxIlXZ04GrEQgU":{"chainKey":{"counter":1,"key":"LAExuaNKe6QpHgqzXlPXVolHlIhDq8UTlxAc1CfcnK0="},"chainType":2,"messageKeys":{}},"BYr5XWiPjR+JQYUOD6d9wjYjvHojvio1CBx9mgQqSZFd":{"chainKey":{"counter":1,"key":"07a0/V9AlZuWAJh1EG1Sr0zztZEFgigBlBmqNia206c="},"chainType":1,"messageKeys":{}}}},"BbIbAXWXljPM6Jy+eT4tMaWl6ABW1HfFu07kIaQE+FV1":{"registrationId":1367697014,"currentRatchet":{"ephemeralKeyPair":{"pubKey":"BYt3uBleKAh6Mylwhc0CZ7X9czZjhuArOZ5HMqsBY4xZ","privKey":"aGcRdOUF+twnZ9AeK7ehUdkCvKosRshERTsaJkqirWc="},"lastRemoteEphemeralKey":"BbvR5L8okJLapnf/YjntSBjiQG3oBNkGaw3UlLYdDJwg","previousCounter":1,"rootKey":"T9+i4bl7It7dXvNmr8GWR4AHgW0zIP+ZbkOJWocpvTU="},"indexInfo":{"baseKey":"BbIbAXWXljPM6Jy+eT4tMaWl6ABW1HfFu07kIaQE+FV1","baseKeyType":1,"closed":1690523516958,"used":1690518207979,"created":1690512644383,"remoteIdentityKey":"BUrnk8+XPc1pla/UlNLwO6z9wTGAjvd7JN123+ShVUcc"},"_chains":{"BQbjVgzQ7Sfs1BFTLQx5W7vgtpWVxZEJrCzV5xiK9aJZ":{"chainKey":{"counter":1},"chainType":2,"messageKeys":{}},"BTHR2EOklAdmOBE5rDAR4ST7lRTXxaJFU4Ff0Zab8WUy":{"chainKey":{"counter":0},"chainType":2,"messageKeys":{}},"BRuVm3SiIWwidnW7G2yJAPhFceRpaMh76aguYtVzdQgv":{"chainKey":{"counter":14},"chainType":2,"messageKeys":{"0":"X2//C8gD4EE6IRK95Uneip1xVln/L1By9DPjRGa51CE=","1":"zAWWUi53cvMX/qifhSPoN+UXEn9K9qCEsGqa+V4mRL4=","2":"ZVuEwmOz+1scYT//ehSLtXueKZfgNd0Fg4lh9fusoc4=","3":"kICFJgk8He+Stn0rfuF0JVKpm1ZPOoTt5j09TP7Ns+0=","4":"xQ2BlvXpRPhkSUDu+Jr4j4IjMdM/d3yhVkSb8zi6jiI=","5":"XgTee006th+QW/6BxbrDunonQQQPGhRRHabVqmkWZ34=","6":"lHtU0MjGXTAygJU3KUCMidw4pMQoSrCj5zx1fqh1RSg=","7":"TgdKm0fDYrU43AI+EgXVj7ReIElx7PKK23kGc17bHu8=","8":"Pq2f8aY7Tiimv9BQBLX8Hw4asxxtGq/GJIgjCYpUnBY=","9":"XgvAZlkCcfZsSaJt1VlUsmptVkE0pYuHpOiRgfejY1M=","10":"ixoZR1/N67ZnHsvpkHwKCJPgF53w6xQ6PR9vMCLKb3Y=","11":"3B6Lh8rIet2lmNth0uuMHiHncdtn4Hr9LYjc0JVCyH8=","12":"9qlfxNJd3XHLPf8dnFj2Ox7IOTfoo/QK5WFLcZn9F2I=","13":"4x7b+o1OGCBhki/uFvAsH4MflCZJsb1RQEq8w2iUGk4="}},"Bf3Vi04FgIn4hglrQ8thYGR66GZuhdUt6dI+xU4QhC9K":{"chainKey":{"counter":3},"chainType":2,"messageKeys":{}},"BbvR5L8okJLapnf/YjntSBjiQG3oBNkGaw3UlLYdDJwg":{"chainKey":{"counter":0,"key":"9/wmRZr0MN6u6uPXgLjOAJzBBszY0gRbnR72K0eapZk="},"chainType":2,"messageKeys":{}},"BYt3uBleKAh6Mylwhc0CZ7X9czZjhuArOZ5HMqsBY4xZ":{"chainKey":{"counter":1,"key":"EcU6bjOzzJuZLD9QlzX3fKnBqxLFMbHLx90w/B+P6kY="},"chainType":1,"messageKeys":{}}}},"Bdr06CDdqw88c5pnbtH2YtCJlxyZt+gAx5jyV0XmrGkT":{"registrationId":1367697014,"currentRatchet":{"ephemeralKeyPair":{"pubKey":"BUUKeK/9zHI8gRHFDcKTAgQUTBozh7Z7CrQc9S0Tzhp2","privKey":"ICMpe5Syn/O6IGPMydCe40CgzQJuDp/sV/yXTa38GkA="},"lastRemoteEphemeralKey":"BaaZZiSVAZ1jJoIKa/t03Dn3ndCPHl2c3fjzcb9zN/VT","previousCounter":0,"rootKey":"TSEy26SEeK8ANPtSwLQb0Vrtwdz0ponFX5nGLbS4PU8="},"indexInfo":{"baseKey":"Bdr06CDdqw88c5pnbtH2YtCJlxyZt+gAx5jyV0XmrGkT","baseKeyType":2,"closed":1690524331065,"used":1690523516977,"created":1690523516977,"remoteIdentityKey":"BUrnk8+XPc1pla/UlNLwO6z9wTGAjvd7JN123+ShVUcc"},"_chains":{"BaaZZiSVAZ1jJoIKa/t03Dn3ndCPHl2c3fjzcb9zN/VT":{"chainKey":{"counter":0,"key":"EWiXQlrE3r5u7sSdJdCvVJ5M5o/VLMYlEfa3wFMTifc="},"chainType":2,"messageKeys":{}},"BUUKeK/9zHI8gRHFDcKTAgQUTBozh7Z7CrQc9S0Tzhp2":{"chainKey":{"counter":74,"key":"p2wP6Mdi2GQwDhJBtYNzRTZGa8ZiuDrRWkoDRgbln9U="},"chainType":1,"messageKeys":{}}}},"BeABVCesLRgLfJDH9qCDo5mi4K59dsLm3tQpK55ozVpA":{"registrationId":1367697014,"currentRatchet":{"ephemeralKeyPair":{"pubKey":"BX7oxDwCt+HguCEg4TT8wrbpjTtB270AHmMS6uyd3XVN","privKey":"sN3XmNqZjfXJx41F8lrk9XmWQttUlVhnKoBy99xRVHE="},"lastRemoteEphemeralKey":"BWjlOMll9uvJi30HtftS4wMVvsAi7clwJqA42ehvW88W","previousCounter":0,"rootKey":"owbzfA0YpWY8teVXZT24vOPyvv6DPpv5oBh8wZ+CwN0="},"indexInfo":{"baseKey":"BeABVCesLRgLfJDH9qCDo5mi4K59dsLm3tQpK55ozVpA","baseKeyType":2,"closed":1690530935052,"used":1690529479108,"created":1690524331083,"remoteIdentityKey":"BUrnk8+XPc1pla/UlNLwO6z9wTGAjvd7JN123+ShVUcc"},"_chains":{"BQRqJyyt6AGEJ0LPe+zMcx+nlaW5LLx0gw1sa6Ety/lF":{"chainKey":{"counter":1},"chainType":2,"messageKeys":{}},"BQJvVY/3z2SG50pgXoklK2fcUOUI1IoL/5SGvCVxK5NN":{"chainKey":{"counter":0},"chainType":2,"messageKeys":{}},"Bc/z8E52NZuhhIBZkR1fCirWYF3rCwMbHnQUiX5IlE0h":{"chainKey":{"counter":2},"chainType":2,"messageKeys":{}},"BWg5YVi9DgRuICcPwAHuK3ZKp2vMJzjyJ/ybO5A3EAxq":{"chainKey":{"counter":0},"chainType":2,"messageKeys":{}},"BQjo+pZctnLUXf8LTdcSh5RBNBNR+X7KSGOD6DltHMQc":{"chainKey":{"counter":0},"chainType":2,"messageKeys":{}},"BR5kFqRIzKREprRg9G3EsE4WU9jQ2oh79UngjDhsLkBN":{"chainKey":{"counter":0},"chainType":2,"messageKeys":{}},"BdZm1auUDmwxo24fKGfp5LWW2qfWjrU4GOFF9+CVQzgs":{"chainKey":{"counter":0},"chainType":2,"messageKeys":{}},"BQf42zprwsfo/SDiA1ES3AlPozxQUGnjIpvLQR876ZYn":{"chainKey":{"counter":1},"chainType":2,"messageKeys":{}},"BR7tNvQwePAsmYQjUVkAxPQL+Ulc5PD12xD7oZz2aTFa":{"chainKey":{"counter":0},"chainType":2,"messageKeys":{}},"BWDATi4HLNPArKXozhrjZMOKvS55+XBFWEqQL8ptw4px":{"chainKey":{"counter":0},"chainType":2,"messageKeys":{}},"BSj7JjjjLrxD8NOHJnBIcsVxf44piDuqaRs1GlkOtSk0":{"chainKey":{"counter":1},"chainType":2,"messageKeys":{"0":"4IafhbYDwqmjlDj1mq69mZ8OvJDtWa74GQR2jgchSVc="}},"BQAqh7KeBJ6J4znupOqMqvQOvzCPHnKrTmcmsd+OyTkI":{"chainKey":{"counter":0},"chainType":2,"messageKeys":{}},"BUAaZ7/Wp3AUKUjjgNBqvUAMk6Hd0eNN0pYgu4HiYh86":{"chainKey":{"counter":2},"chainType":2,"messageKeys":{"0":"Vy5xDS3r6f6GL0bXCYJ9ydi/M2HyAD5pEs9WAbkG9js=","1":"sWo/uaGkcLCb0m2v9YxonO/bNhRHVx7k1s0fagDrOU4="}},"BTN/6P55Ox/MkdEGVdkgbW10GGwqnozlr2yPMQsCqkhC":{"chainKey":{"counter":4},"chainType":2,"messageKeys":{"3":"fz20YafUoRyNc+auEmDuicxO7le6UwYYZFWSY2o2QeQ="}},"BWjlOMll9uvJi30HtftS4wMVvsAi7clwJqA42ehvW88W":{"chainKey":{"counter":0,"key":"qnh0B6HcCJv3rZSNeoJIRFHMAMnuGpTrZ1pOHqlGnpU="},"chainType":2,"messageKeys":{}},"BX7oxDwCt+HguCEg4TT8wrbpjTtB270AHmMS6uyd3XVN":{"chainKey":{"counter":-1,"key":"Z4Ld7HsMMT1hZIOIZ5/CcsRTjha3MUxBYgTg4BEp93s="},"chainType":1,"messageKeys":{}}}},"BSbuDFBPs7aoPgYYk90bKu7rh3mppdm2U2Z5WSiuixpE":{"registrationId":1367697014,"currentRatchet":{"ephemeralKeyPair":{"pubKey":"BTMR0wzzs85Ta78xogUgfE9ylw+0YuUhGWJ5a6W+eyNs","privKey":"cIFzsIJsqqf8hDrzkGOgFLa97TvLNVIiOzVk5v+RfFY="},"lastRemoteEphemeralKey":"BXYRd7tR6qLbU7oz8dTUvQJMchSlYuY+0I1NxOCtk19a","previousCounter":10,"rootKey":"Q6xr0kJHsFWv31O4XTFyVjhNFfNXYlkLSNac79ZcaNk="},"indexInfo":{"baseKey":"BSbuDFBPs7aoPgYYk90bKu7rh3mppdm2U2Z5WSiuixpE","baseKeyType":2,"closed":-1,"used":1690539112356,"created":1690530935071,"remoteIdentityKey":"BUrnk8+XPc1pla/UlNLwO6z9wTGAjvd7JN123+ShVUcc"},"_chains":{"BWwKgR1ibHMi0fmMrWJpNEq/nLUWWGoQjqjiO3WYg+E5":{"chainKey":{"counter":1},"chainType":2,"messageKeys":{}},"BRC52BYiShoeNG52Uo2/6hNesScvro3FCrR2ti28Nucc":{"chainKey":{"counter":0},"chainType":2,"messageKeys":{}},"Be20fhCT/l2zR+8IVkdiK+AQcZ69fQODlMPMlbuEm7lc":{"chainKey":{"counter":0},"chainType":2,"messageKeys":{}},"BfOLby3tGf8834zI4fk2mSZqne0MlcUsZ0lkQLObLW5o":{"chainKey":{"counter":1},"chainType":2,"messageKeys":{}},"Bc93me7A3Gi73Reu+TPCtAuofQSlABO1vE9VzdaIEbYK":{"chainKey":{"counter":0},"chainType":2,"messageKeys":{}},"BUurS+JASEF3NnfyVc30ioAG0ZaRYill6jnyp5zhP5B0":{"chainKey":{"counter":1},"chainType":2,"messageKeys":{"0":"ouK9PH4ISZ06ym9pG45vlC33jyLbG3nE4UBknKzmZ98="}},"BXYRd7tR6qLbU7oz8dTUvQJMchSlYuY+0I1NxOCtk19a":{"chainKey":{"counter":0,"key":"64l20oO7H17tbvoBv57d6qo9Um5DFtu9oNpIouqUdVY="},"chainType":2,"messageKeys":{}},"BTMR0wzzs85Ta78xogUgfE9ylw+0YuUhGWJ5a6W+eyNs":{"chainKey":{"counter":0,"key":"bIGajHgP9xVExcGYr6jMYmz+DNV/d0/2HdufL78HHZE="},"chainType":1,"messageKeys":{}}}}},"version":"v1"}