{"_sessions":{"BaWQKkzglAMt3hWzck5pAqMedyrPDb6CYPZKaij2CCEq":{"registrationId":189828131,"currentRatchet":{"ephemeralKeyPair":{"pubKey":"BbPSsG83zs+0DJF4SQ/Eo1gHcTPzLAkXjIHArKZlNU9V","privKey":"OBwp7LxNsjpimuoCryy83llsga86S4rG2ZmEwBdx7kw="},"lastRemoteEphemeralKey":"BQ4G+kvR5LNiEh/r8DWVmC+J0nh6GK9FBNOHmZ1mkMFb","previousCounter":0,"rootKey":"MCkQkSW8vsI8Olv+LOFxuz+HI+s1iR/ZNGHYGnaOrDc="},"indexInfo":{"baseKey":"BaWQKkzglAMt3hWzck5pAqMedyrPDb6CYPZKaij2CCEq","baseKeyType":1,"closed":1690534115086,"used":1690523858130,"created":1690523858130,"remoteIdentityKey":"BT5RZEn6QBI3HSL0R+rAqrdo/8Q9t4SIYtoP8Dyzyflg"},"_chains":{"BbPSsG83zs+0DJF4SQ/Eo1gHcTPzLAkXjIHArKZlNU9V":{"chainKey":{"counter":91,"key":"5VCnBhpGlo7egdg6+KXIY96xyXdhkj0BvzYGlBIGBck="},"chainType":1,"messageKeys":{}}},"pendingPreKey":{"signedKeyId":2,"baseKey":"BaWQKkzglAMt3hWzck5pAqMedyrPDb6CYPZKaij2CCEq","preKeyId":2715662}},"BUBYpjqaFfkSEu4pMhSrLefr1ljif4uCuf+YYMxA8kxE":{"registrationId":1427299263,"currentRatchet":{"ephemeralKeyPair":{"pubKey":"BTo05IAyzLDhdjzWfBPSSgDUVmgdqrjiY9iCYFQ1A7h0","privKey":"8EUHcuIOH40AfL1onPX+3+OnBv5AKlfSQEXfa8TJ51c="},"lastRemoteEphemeralKey":"BfRY1f4BALioKDdivJ2KoHd8602onC46/Ak1+hv7GUoo","previousCounter":0,"rootKey":"rWnbZIvXbMU70EEH+dYUBRkLLjhkt65pqf0Ov6iESIU="},"indexInfo":{"baseKey":"BUBYpjqaFfkSEu4pMhSrLefr1ljif4uCuf+YYMxA8kxE","baseKeyType":1,"closed":1690534119748,"used":1690534115069,"created":1690534115069,"remoteIdentityKey":"BRLjVOGtTdB+U9ND36uU2djl3pQSKDWByLB+wwQ39Iht"},"_chains":{"BTo05IAyzLDhdjzWfBPSSgDUVmgdqrjiY9iCYFQ1A7h0":{"chainKey":{"counter":0,"key":"EEjQZ4Cb0lGJ+mAtBrAZLkZNJcG8Xykbsa6W63Qwi30="},"chainType":1,"messageKeys":{}}},"pendingPreKey":{"signedKeyId":0,"baseKey":"BUBYpjqaFfkSEu4pMhSrLefr1ljif4uCuf+YYMxA8kxE"}},"BUB7XKnEHNrB15n/9TesEz5NeVzMT3qEVh34jAT1XXUT":{"registrationId":1427299263,"currentRatchet":{"ephemeralKeyPair":{"pubKey":"BX2buaDjHDs4VFiD+p5pRLJOBT+SjN+4X+Jt5TLM3sgM","privKey":"ONdEXRKyJy8S3ZfzHhBZtSrUyC8SBoWN4XUbjtIzVnk="},"lastRemoteEphemeralKey":"BfRY1f4BALioKDdivJ2KoHd8602onC46/Ak1+hv7GUoo","previousCounter":0,"rootKey":"4BbImwEXkiLUZEAJFGszvv37NvY40vhXQ+CB3lTIuag="},"indexInfo":{"baseKey":"BUB7XKnEHNrB15n/9TesEz5NeVzMT3qEVh34jAT1XXUT","baseKeyType":1,"closed":1690534124661,"used":1690534119734,"created":1690534119734,"remoteIdentityKey":"BRLjVOGtTdB+U9ND36uU2djl3pQSKDWByLB+wwQ39Iht"},"_chains":{"BX2buaDjHDs4VFiD+p5pRLJOBT+SjN+4X+Jt5TLM3sgM":{"chainKey":{"counter":0,"key":"YJA1W0oayUIeFrFCf3VLNtVNjtetNc5e+MayB1vbQwA="},"chainType":1,"messageKeys":{}}},"pendingPreKey":{"signedKeyId":0,"baseKey":"BUB7XKnEHNrB15n/9TesEz5NeVzMT3qEVh34jAT1XXUT"}},"BVvJ3CS26Aoxvh7DUHqTu3HJ8hMmetoFZAeJh3FZCp0P":{"registrationId":1427299263,"currentRatchet":{"ephemeralKeyPair":{"pubKey":"BQeQMP3p3V14KpLbYgpcEWhG8sXbrGUOZgEZMvzsPJNg","privKey":"cKg+RXNX+ff+J+fGke7KO6j6tWS8bnFPol+gQa3tjkI="},"lastRemoteEphemeralKey":"BfRY1f4BALioKDdivJ2KoHd8602onC46/Ak1+hv7GUoo","previousCounter":0,"rootKey":"AJYrS/gyr21piMa5Fn47jDKZykd9OQ4nW9SvgSqMIXY="},"indexInfo":{"baseKey":"BVvJ3CS26Aoxvh7DUHqTu3HJ8hMmetoFZAeJh3FZCp0P","baseKeyType":1,"closed":1690534129460,"used":1690534124616,"created":1690534124616,"remoteIdentityKey":"BRLjVOGtTdB+U9ND36uU2djl3pQSKDWByLB+wwQ39Iht"},"_chains":{"BQeQMP3p3V14KpLbYgpcEWhG8sXbrGUOZgEZMvzsPJNg":{"chainKey":{"counter":0,"key":"udk1io4TRN5BaZjblKPVeMdmHq8IycqQV41qeUwUpqI="},"chainType":1,"messageKeys":{}}},"pendingPreKey":{"signedKeyId":0,"baseKey":"BVvJ3CS26Aoxvh7DUHqTu3HJ8hMmetoFZAeJh3FZCp0P","preKeyId":11750225}},"BZb2z/1NqI6zloq4IQzHx3F0fSc91VVGhu8IrXMEt/Q0":{"registrationId":1427299263,"currentRatchet":{"ephemeralKeyPair":{"pubKey":"BdW1pqDpATrBI03cKdFOPOWI3UpI8MWDAU//lHAk0ORL","privKey":"WPlzFhAkd7Im3/4XgaYpnsaLN1fExt+uUVzy/oAP4lw="},"lastRemoteEphemeralKey":"BfRY1f4BALioKDdivJ2KoHd8602onC46/Ak1+hv7GUoo","previousCounter":0,"rootKey":"5kYylou6vG37PE8nCtHykmQwca2Wd/ce27aBs6mk9rI="},"indexInfo":{"baseKey":"BZb2z/1NqI6zloq4IQzHx3F0fSc91VVGhu8IrXMEt/Q0","baseKeyType":1,"closed":1690534134268,"used":1690534129445,"created":1690534129445,"remoteIdentityKey":"BRLjVOGtTdB+U9ND36uU2djl3pQSKDWByLB+wwQ39Iht"},"_chains":{"BdW1pqDpATrBI03cKdFOPOWI3UpI8MWDAU//lHAk0ORL":{"chainKey":{"counter":0,"key":"SmHOhhPK9JX/KzoVRQJmQ0USsm2wC123JmaF9kVkIao="},"chainType":1,"messageKeys":{}}},"pendingPreKey":{"signedKeyId":0,"baseKey":"BZb2z/1NqI6zloq4IQzHx3F0fSc91VVGhu8IrXMEt/Q0","preKeyId":11749695}},"BZKCICsLv0gIGowaobbfcOi9CJwbx10vjWt+nYlCgVsx":{"registrationId":1427299263,"currentRatchet":{"ephemeralKeyPair":{"pubKey":"BSsgNPTwT7neuKoS5KWR0BRtA+XlKaH7Q7O1xNu5FDhh","privKey":"OONJEMBzR3mFgnk2RlGvYW6i9x+FvoXQWIhI/ymVtlg="},"lastRemoteEphemeralKey":"BfRY1f4BALioKDdivJ2KoHd8602onC46/Ak1+hv7GUoo","previousCounter":0,"rootKey":"vd1/5LqpZgsgWxg3k2ytRquO5+u3p/iy2ip9ePgB57o="},"indexInfo":{"baseKey":"BZKCICsLv0gIGowaobbfcOi9CJwbx10vjWt+nYlCgVsx","baseKeyType":1,"closed":1690534138981,"used":1690534134227,"created":1690534134227,"remoteIdentityKey":"BRLjVOGtTdB+U9ND36uU2djl3pQSKDWByLB+wwQ39Iht"},"_chains":{"BSsgNPTwT7neuKoS5KWR0BRtA+XlKaH7Q7O1xNu5FDhh":{"chainKey":{"counter":0,"key":"BQY8tkriAgmQ5nvH+1dFPe//qhlhQWT7JicfrZQpUjE="},"chainType":1,"messageKeys":{}}},"pendingPreKey":{"signedKeyId":0,"baseKey":"BZKCICsLv0gIGowaobbfcOi9CJwbx10vjWt+nYlCgVsx","preKeyId":11750287}},"BaCgRfv5zZsxR/HGYVlrUN1+LOJ7z4ewbB5LB0lwhQQL":{"registrationId":1427299263,"currentRatchet":{"ephemeralKeyPair":{"pubKey":"BdiIHGigjYvhc5tkgy3gQl4giw4gSCmXPqic0430mclG","privKey":"CAtGT02ZmLFgUBFgW0qCPe3Jgg8D3ldR59TjgcgfzWU="},"lastRemoteEphemeralKey":"BfRY1f4BALioKDdivJ2KoHd8602onC46/Ak1+hv7GUoo","previousCounter":0,"rootKey":"DOe2i1GpausTW9x7IUUTP+1aD+xOwRVcWmRC7ljkuDY="},"indexInfo":{"baseKey":"BaCgRfv5zZsxR/HGYVlrUN1+LOJ7z4ewbB5LB0lwhQQL","baseKeyType":1,"closed":1690534144572,"used":1690534138961,"created":1690534138961,"remoteIdentityKey":"BRLjVOGtTdB+U9ND36uU2djl3pQSKDWByLB+wwQ39Iht"},"_chains":{"BdiIHGigjYvhc5tkgy3gQl4giw4gSCmXPqic0430mclG":{"chainKey":{"counter":0,"key":"JU9DmjA7U+dRaWyObp1DHRz0vw01Nowrb+m/eVh4bI0="},"chainType":1,"messageKeys":{}}},"pendingPreKey":{"signedKeyId":0,"baseKey":"BaCgRfv5zZsxR/HGYVlrUN1+LOJ7z4ewbB5LB0lwhQQL","preKeyId":11750743}},"BVK8It6Hsc7lWe1ziwdXp9li8AJtr43l0TpLRCF28IpW":{"registrationId":1427299263,"currentRatchet":{"ephemeralKeyPair":{"pubKey":"BQFn+YioHre7ioQGJiW4/wJkF0yqAi8PnLcCEd2j8bI5","privKey":"yBEg0hNes5SuAT1XMa8tkOkNqVdZdEDBX5kXmurnVXo="},"lastRemoteEphemeralKey":"BfRY1f4BALioKDdivJ2KoHd8602onC46/Ak1+hv7GUoo","previousCounter":0,"rootKey":"3JIKliTGXGUbVTIlUPFEnyxWUY+4BZKeZiQOJVcO9tY="},"indexInfo":{"baseKey":"BVK8It6Hsc7lWe1ziwdXp9li8AJtr43l0TpLRCF28IpW","baseKeyType":1,"closed":1690534149122,"used":1690534144553,"created":1690534144553,"remoteIdentityKey":"BRLjVOGtTdB+U9ND36uU2djl3pQSKDWByLB+wwQ39Iht"},"_chains":{"BQFn+YioHre7ioQGJiW4/wJkF0yqAi8PnLcCEd2j8bI5":{"chainKey":{"counter":0,"key":"/ESD/XfKoMx309hu6murI77FcLC6f/Xc6yd/Jzs0xaU="},"chainType":1,"messageKeys":{}}},"pendingPreKey":{"signedKeyId":0,"baseKey":"BVK8It6Hsc7lWe1ziwdXp9li8AJtr43l0TpLRCF28IpW","preKeyId":11751169}},"BV+3z8V/x9S2FzM3ei27jX8n2CJWZON6siOEdGfoLKVZ":{"registrationId":1427299263,"currentRatchet":{"ephemeralKeyPair":{"pubKey":"BQk5XjiHv2uvVaOOsFPORZIccFU8hF1jriiFayMQ3TgI","privKey":"WB14s9rHBmpMYq5bzetxIZHVqEef9uTrPpiEPL/OiWk="},"lastRemoteEphemeralKey":"BfRY1f4BALioKDdivJ2KoHd8602onC46/Ak1+hv7GUoo","previousCounter":0,"rootKey":"oGPVR+Cz/mroj0ZLTCYMrmuqbGk/f5FyL43sUtPaJZU="},"indexInfo":{"baseKey":"BV+3z8V/x9S2FzM3ei27jX8n2CJWZON6siOEdGfoLKVZ","baseKeyType":1,"closed":1690534153674,"used":1690534149095,"created":1690534149095,"remoteIdentityKey":"BRLjVOGtTdB+U9ND36uU2djl3pQSKDWByLB+wwQ39Iht"},"_chains":{"BQk5XjiHv2uvVaOOsFPORZIccFU8hF1jriiFayMQ3TgI":{"chainKey":{"counter":0,"key":"YHGhCYyFJhuSRkHtp7dmcUp4ZpznMoX/88ZxGkhEnMU="},"chainType":1,"messageKeys":{}}},"pendingPreKey":{"signedKeyId":0,"baseKey":"BV+3z8V/x9S2FzM3ei27jX8n2CJWZON6siOEdGfoLKVZ","preKeyId":11751126}},"BWXQ8Sn5n++xid0du0VyrI7mohI8oIn48d1dAyqXIYV2":{"registrationId":1427299263,"currentRatchet":{"ephemeralKeyPair":{"pubKey":"BaIV771ToF69R6SVnPbXm8rN8pyN9nGGv8XvIyV0Tqgg","privKey":"YNUHMTmM5WTxKzUR7wYd9zXZF8XVQcgbcBf9ekyN7nE="},"lastRemoteEphemeralKey":"BfRY1f4BALioKDdivJ2KoHd8602onC46/Ak1+hv7GUoo","previousCounter":0,"rootKey":"eUJxGns4cp/z+VeN4mLnxhEvuZ5K2+GvzGsg9+cdw38="},"indexInfo":{"baseKey":"BWXQ8Sn5n++xid0du0VyrI7mohI8oIn48d1dAyqXIYV2","baseKeyType":1,"closed":1690534158365,"used":1690534153657,"created":1690534153657,"remoteIdentityKey":"BRLjVOGtTdB+U9ND36uU2djl3pQSKDWByLB+wwQ39Iht"},"_chains":{"BaIV771ToF69R6SVnPbXm8rN8pyN9nGGv8XvIyV0Tqgg":{"chainKey":{"counter":0,"key":"6xnX+GDL7mudRQtQaRpTh1Bnk2oa2lUBen+WP9DaDnM="},"chainType":1,"messageKeys":{}}},"pendingPreKey":{"signedKeyId":0,"baseKey":"BWXQ8Sn5n++xid0du0VyrI7mohI8oIn48d1dAyqXIYV2","preKeyId":11751784}},"BWcpjCh20OjI0bYRywvW916GL8xuYAi5Jv8AVb6LWflf":{"registrationId":1427299263,"currentRatchet":{"ephemeralKeyPair":{"pubKey":"BaiV06lvJPpuu+hiG5qPJa57Rqpkh0BmoyjacsMMlElT","privKey":"8H8vEOplVEbSZqsisnpz8AgdqSIW29O0gvXf64yW/1Y="},"lastRemoteEphemeralKey":"BfRY1f4BALioKDdivJ2KoHd8602onC46/Ak1+hv7GUoo","previousCounter":0,"rootKey":"THaa7q2/IjwwlyW+A2R7T3GqbO6Q4h8iMFgG4FcvCxw="},"indexInfo":{"baseKey":"BWcpjCh20OjI0bYRywvW916GL8xuYAi5Jv8AVb6LWflf","baseKeyType":1,"closed":1690534162567,"used":1690534158332,"created":1690534158332,"remoteIdentityKey":"BRLjVOGtTdB+U9ND36uU2djl3pQSKDWByLB+wwQ39Iht"},"_chains":{"BaiV06lvJPpuu+hiG5qPJa57Rqpkh0BmoyjacsMMlElT":{"chainKey":{"counter":0,"key":"ZE1Ph6SaByi6mfAT4v3ZsjJcGTu+lafZMq93UovIYDg="},"chainType":1,"messageKeys":{}}},"pendingPreKey":{"signedKeyId":0,"baseKey":"BWcpjCh20OjI0bYRywvW916GL8xuYAi5Jv8AVb6LWflf","preKeyId":11751770}},"Bd0rBZP1huEphD6iXQYVC1+7I6+SPk1b2xBtz/inVj03":{"registrationId":1427299263,"currentRatchet":{"ephemeralKeyPair":{"pubKey":"BaJRYP3wduiItQkCvbllFs0NI2EKJZrEHAIVhgoswpBJ","privKey":"oG6199zDitN2Py8BFSUNNAFl/mAGYrmrwp36pvWx11U="},"lastRemoteEphemeralKey":"BfRY1f4BALioKDdivJ2KoHd8602onC46/Ak1+hv7GUoo","previousCounter":0,"rootKey":"uRPFb/XFsGkfgw5bofwpIz6cZc2S4uVpFpHpJFQaeCc="},"indexInfo":{"baseKey":"Bd0rBZP1huEphD6iXQYVC1+7I6+SPk1b2xBtz/inVj03","baseKeyType":1,"closed":1690534168469,"used":1690534162555,"created":1690534162555,"remoteIdentityKey":"BRLjVOGtTdB+U9ND36uU2djl3pQSKDWByLB+wwQ39Iht"},"_chains":{"BaJRYP3wduiItQkCvbllFs0NI2EKJZrEHAIVhgoswpBJ":{"chainKey":{"counter":0,"key":"IYoyGHb6sdNc3/AglbARVPqOwCM+LEevt31whFxIDy4="},"chainType":1,"messageKeys":{}}},"pendingPreKey":{"signedKeyId":0,"baseKey":"Bd0rBZP1huEphD6iXQYVC1+7I6+SPk1b2xBtz/inVj03","preKeyId":11751172}},"BcUZtGCWZvfgtgYewj1RQetVRv0AOvMzY5uCXJPcidti":{"registrationId":1427299263,"currentRatchet":{"ephemeralKeyPair":{"pubKey":"BaE1zt1VbVmCD0nzKqKCiK2aZnTB02VMWiPimDg6LBh7","privKey":"mKK6EZGrXNumXf2FGHVkMfP14IBq1Qyesa+JjHXSm3A="},"lastRemoteEphemeralKey":"BfRY1f4BALioKDdivJ2KoHd8602onC46/Ak1+hv7GUoo","previousCounter":0,"rootKey":"+6OtW5djU+vbepnaIh8hhBFzzU3IMwLlr8P8GOt/crc="},"indexInfo":{"baseKey":"BcUZtGCWZvfgtgYewj1RQetVRv0AOvMzY5uCXJPcidti","baseKeyType":1,"closed":1690534171381,"used":1690534168451,"created":1690534168451,"remoteIdentityKey":"BRLjVOGtTdB+U9ND36uU2djl3pQSKDWByLB+wwQ39Iht"},"_chains":{"BaE1zt1VbVmCD0nzKqKCiK2aZnTB02VMWiPimDg6LBh7":{"chainKey":{"counter":0,"key":"CM80aJisAYQjWA6yCxNR7WmHLV0Hyyw7CUDp6wCnIOk="},"chainType":1,"messageKeys":{}}},"pendingPreKey":{"signedKeyId":0,"baseKey":"BcUZtGCWZvfgtgYewj1RQetVRv0AOvMzY5uCXJPcidti","preKeyId":11751264}},"BSFtTus1OBDvWLKNS+2PHmjsxEQB3LxBvMkfI++Sq+VP":{"registrationId":1427299263,"currentRatchet":{"ephemeralKeyPair":{"pubKey":"BQ0tRpncHzOltXJObb8mM/pxcYxoC8b7pv8AauYOWU0B","privKey":"sN0rYu2u4ZceWeswWiX299qvriZlT+YOL1/XPTuyw3k="},"lastRemoteEphemeralKey":"BfRY1f4BALioKDdivJ2KoHd8602onC46/Ak1+hv7GUoo","previousCounter":0,"rootKey":"XrlwXIAvb5Nej8k9gED579zrc0gcYVD2qum8aG+3rZ0="},"indexInfo":{"baseKey":"BSFtTus1OBDvWLKNS+2PHmjsxEQB3LxBvMkfI++Sq+VP","baseKeyType":1,"closed":1690534174376,"used":1690534171369,"created":1690534171369,"remoteIdentityKey":"BRLjVOGtTdB+U9ND36uU2djl3pQSKDWByLB+wwQ39Iht"},"_chains":{"BQ0tRpncHzOltXJObb8mM/pxcYxoC8b7pv8AauYOWU0B":{"chainKey":{"counter":0,"key":"UQ+hqkAv6//7zooDiqcxNRkxQRCkFTix+VPj27BnDbQ="},"chainType":1,"messageKeys":{}}},"pendingPreKey":{"signedKeyId":0,"baseKey":"BSFtTus1OBDvWLKNS+2PHmjsxEQB3LxBvMkfI++Sq+VP","preKeyId":11751760}},"BZ7tt82wUudBQHnTQB0Uv7zDbKdd0NdMLFglQipNVtF8":{"registrationId":1427299263,"currentRatchet":{"ephemeralKeyPair":{"pubKey":"BXBbD95vRe1xx2xEyXKd3mxBUClTIAhOM1EE6CfEn8NO","privKey":"4EC//XerAqzIt3SPj5IyzTueIf9QyrV3KTrTmmX/kGE="},"lastRemoteEphemeralKey":"BfRY1f4BALioKDdivJ2KoHd8602onC46/Ak1+hv7GUoo","previousCounter":0,"rootKey":"lUNOvhOu5F5mW0iVfRKl/xfjNh6iySL7B2iaG1KrESg="},"indexInfo":{"baseKey":"BZ7tt82wUudBQHnTQB0Uv7zDbKdd0NdMLFglQipNVtF8","baseKeyType":1,"closed":1690534177289,"used":1690534174363,"created":1690534174363,"remoteIdentityKey":"BRLjVOGtTdB+U9ND36uU2djl3pQSKDWByLB+wwQ39Iht"},"_chains":{"BXBbD95vRe1xx2xEyXKd3mxBUClTIAhOM1EE6CfEn8NO":{"chainKey":{"counter":0,"key":"NDRbsspwRDGj+NrBCspnmKI8Ie72fFWCEDwHeiNV0t0="},"chainType":1,"messageKeys":{}}},"pendingPreKey":{"signedKeyId":0,"baseKey":"BZ7tt82wUudBQHnTQB0Uv7zDbKdd0NdMLFglQipNVtF8","preKeyId":11751335}},"BeCMFIxqenJq11HL2wVpRlr1NVXTelSoDceRhhyYi8x9":{"registrationId":1427299263,"currentRatchet":{"ephemeralKeyPair":{"pubKey":"BfK9tdoounRlCiUNo/SjRFVoUPhbbc7JmWOcTNUE/jd/","privKey":"YBPlYWnhQ87XZR3wf1AJtLHao9Auiu5Kbdf+u3xwmmM="},"lastRemoteEphemeralKey":"BfRY1f4BALioKDdivJ2KoHd8602onC46/Ak1+hv7GUoo","previousCounter":0,"rootKey":"a7f4/PtitOHOk3+8dLueIycNFVQ1v6C7YqkArbgOLL8="},"indexInfo":{"baseKey":"BeCMFIxqenJq11HL2wVpRlr1NVXTelSoDceRhhyYi8x9","baseKeyType":1,"closed":-1,"used":1690534177271,"created":1690534177271,"remoteIdentityKey":"BRLjVOGtTdB+U9ND36uU2djl3pQSKDWByLB+wwQ39Iht"},"_chains":{"BfK9tdoounRlCiUNo/SjRFVoUPhbbc7JmWOcTNUE/jd/":{"chainKey":{"counter":91,"key":"g74dd2E18B1tfU1TwgQ+L1NLZWboq3+PC+y5fBgsqKw="},"chainType":1,"messageKeys":{}}},"pendingPreKey":{"signedKeyId":0,"baseKey":"BeCMFIxqenJq11HL2wVpRlr1NVXTelSoDceRhhyYi8x9","preKeyId":11751332}}},"version":"v1"}