{"_sessions":{"BX4jpeKi3cM1UNcmE+VO8WUqHUy71MH7+wGOp94/vb58":{"registrationId":16967069,"currentRatchet":{"ephemeralKeyPair":{"pubKey":"Ba3LKpr9x1qXV+WrMP/yDpuXIkFG0RgpMqG+Oym7u45U","privKey":"8BHwpc6uJ0EOdRy22HDAOfDmMyv1YOl5bLIYU7KyAn0="},"lastRemoteEphemeralKey":"BRmr54Wxhjo4Halw9T1wzGUi+3Ewahj+9hIfYq40VEIM","previousCounter":0,"rootKey":"LvMpebHHfkKC0u/0/yVUpVFp+fBV0jkXSJx0RdBFGAE="},"indexInfo":{"baseKey":"BX4jpeKi3cM1UNcmE+VO8WUqHUy71MH7+wGOp94/vb58","baseKeyType":1,"closed":-1,"used":1690523857580,"created":1690523857580,"remoteIdentityKey":"BR/APykwfp+VvdD2vljJZUXt1tjEeuzweIyRVZU+WEQl"},"_chains":{"Ba3LKpr9x1qXV+WrMP/yDpuXIkFG0RgpMqG+Oym7u45U":{"chainKey":{"counter":197,"key":"6O3leovVEomwBSKIWZnnN8Nce0iC7t5UjZvsZ7wUwSc="},"chainType":1,"messageKeys":{}}},"pendingPreKey":{"signedKeyId":1,"baseKey":"BX4jpeKi3cM1UNcmE+VO8WUqHUy71MH7+wGOp94/vb58","preKeyId":14928827}}},"version":"v1"}