{"_sessions":{"BXamz/lbBZL5h6FaHRCm1Cfl3812t6ida8eJyqVlV+oP":{"registrationId":1552856423,"currentRatchet":{"ephemeralKeyPair":{"pubKey":"Be6t9EHejrYOwEPFWRe+6dzWERx1eH798FQk9QTaCqxW","privKey":"yL1KUatlzwRMLPedWrH4cu7fwrOwzrxbJVf0gZYunU4="},"lastRemoteEphemeralKey":"BbcL9pcLjhFK7pK6tq/v/Y21g61HV9l87auoqeDrP99c","previousCounter":0,"rootKey":"/xmvZqMeV5w1ceCklHzQogtS6V1TocZmWLFXU0sJJxs="},"indexInfo":{"baseKey":"BXamz/lbBZL5h6FaHRCm1Cfl3812t6ida8eJyqVlV+oP","baseKeyType":1,"closed":-1,"used":1690512847213,"created":1690512847213,"remoteIdentityKey":"BRUjxPaLAAXjObwGxf5R/Zhq9UpZm7j3KoCGB277dRNY"},"_chains":{"Be6t9EHejrYOwEPFWRe+6dzWERx1eH798FQk9QTaCqxW":{"chainKey":{"counter":2,"key":"R66On5yOZrY0O4QVpWbd3mOsNH1At9lAkXgTd3V+ttY="},"chainType":1,"messageKeys":{}}},"pendingPreKey":{"signedKeyId":7,"baseKey":"BXamz/lbBZL5h6FaHRCm1Cfl3812t6ida8eJyqVlV+oP","preKeyId":4576816}}},"version":"v1"}