{"_sessions":{"BXbjSzPaXM8pKwy89lin+4pKQ+zTC0JtNl9PPaone1Rp":{"registrationId":139,"currentRatchet":{"ephemeralKeyPair":{"pubKey":"BSrp1ued1C34OHnBkyRfYf6BJg+BGAtpXi5CGvXzPm13","privKey":"KJ6cEPctvd/Kkbsi3hdWryclkQknLpgjDFmg30J+l3A="},"lastRemoteEphemeralKey":"BfrgXqc9hh+I3G68He2krQgpdhpBKFaXBoP6rq9yBAt0","previousCounter":0,"rootKey":"kxLEUlx5MiRNeVuvNlWZpArs51lF5Wu/yjpn4TNW4QQ="},"indexInfo":{"baseKey":"BXbjSzPaXM8pKwy89lin+4pKQ+zTC0JtNl9PPaone1Rp","baseKeyType":1,"closed":-1,"used":1690523855112,"created":1690523855112,"remoteIdentityKey":"BSplIdYQD6Q1qnlSVTcVMMzSE0HZ7RCuF748ck2xbkJ/"},"_chains":{"BSrp1ued1C34OHnBkyRfYf6BJg+BGAtpXi5CGvXzPm13":{"chainKey":{"counter":45,"key":"kaEx7Lq+OB9o/qAGE4RDU4wnZgIabG4R2uuhpprvNh4="},"chainType":1,"messageKeys":{}}},"pendingPreKey":{"signedKeyId":1,"baseKey":"BXbjSzPaXM8pKwy89lin+4pKQ+zTC0JtNl9PPaone1Rp"}}},"version":"v1"}