{"_sessions":{"BQK1fl0A59z9U1WAMGFt5i/2k1oER5AnBqqcyl3+AAwr":{"registrationId":554420089,"currentRatchet":{"ephemeralKeyPair":{"pubKey":"BTY0aRvDJ9AHuVEBRl6bbs/tJ19qs0kNDg9Nx7uJo1sN","privKey":"ILJLerVj7fSOxlxgUhSzikGlyY+3imgNV8u5hB806Gg="},"lastRemoteEphemeralKey":"BdArPQyd8qFxbTIGZWme6r0uBulb+FL7QmwPsolRC0YY","previousCounter":0,"rootKey":"di+t7/fR2EL2cGOTRDnYFctqTGgPJTNfJQyz1M+knpY="},"indexInfo":{"baseKey":"BQK1fl0A59z9U1WAMGFt5i/2k1oER5AnBqqcyl3+AAwr","baseKeyType":1,"closed":-1,"used":1690523856792,"created":1690523856792,"remoteIdentityKey":"BfOTW3+PRchI8w7hPClKZgNV7tyGv2zHlcLG6iyhChxR"},"_chains":{"BTY0aRvDJ9AHuVEBRl6bbs/tJ19qs0kNDg9Nx7uJo1sN":{"chainKey":{"counter":197,"key":"DhyPr1Q3n8+Ym0pIQtU/0Vu744M5j/pol/jkNLKCZGw="},"chainType":1,"messageKeys":{}}},"pendingPreKey":{"signedKeyId":1,"baseKey":"BQK1fl0A59z9U1WAMGFt5i/2k1oER5AnBqqcyl3+AAwr","preKeyId":1052405}}},"version":"v1"}