{"_sessions":{"BRPF4mR2BzpTrLIGrGD/lNNX8Y6t6v0xLmFaqmHS1cRT":{"registrationId":133,"currentRatchet":{"ephemeralKeyPair":{"pubKey":"BasFpKb5cIuv4z5Yb/TXMMpr44npwYiqpUaKqhQDexAp","privKey":"AL7wz7d/oPE2PbNx+idi2EM2AsO9sbB2c3XLSHkR03w="},"lastRemoteEphemeralKey":"Be09wiP1J95tk0LyXC8kDYXiyZIVlRyEhBSwFNyKNKEG","previousCounter":0,"rootKey":"knlKRqXRioMOax+y/mJzYcGmJGgZ5umb9cUTq8wHa3I="},"indexInfo":{"baseKey":"BRPF4mR2BzpTrLIGrGD/lNNX8Y6t6v0xLmFaqmHS1cRT","baseKeyType":1,"closed":-1,"used":1690526903331,"created":1690526903331,"remoteIdentityKey":"BUY8aCCO0AlHYyjRN515xHB9xln8EgkfKp0vFECDwu8x"},"_chains":{"BasFpKb5cIuv4z5Yb/TXMMpr44npwYiqpUaKqhQDexAp":{"chainKey":{"counter":11,"key":"UjzrPqPLS90AyJ4mQttLBqE65Xw2JPxrjofzSx8aakY="},"chainType":1,"messageKeys":{}}},"pendingPreKey":{"signedKeyId":1,"baseKey":"BRPF4mR2BzpTrLIGrGD/lNNX8Y6t6v0xLmFaqmHS1cRT"}}},"version":"v1"}