{"_sessions":{"BXBHlr6DSTy1M7f06EXmlH3Q+7nGaLsr4ny0DCSBKBso":{"registrationId":711931381,"currentRatchet":{"ephemeralKeyPair":{"pubKey":"BdlP4CUKo59Vf+Kzf0NCPbZ1l21ToIhbPSnghemzUktc","privKey":"2CArT9dke7J76qsb4JfOPLrgpCL4SEDCfFeM7JjPq2Y="},"lastRemoteEphemeralKey":"BQ0d8lNUYHxU3n45EHCoQUIMInaJqstu/7GBzlE18qJn","previousCounter":0,"rootKey":"HUQrCuYXFRl0TtAx5I2uwg+95wXjZ0pIREhyW7En9uk="},"indexInfo":{"baseKey":"BXBHlr6DSTy1M7f06EXmlH3Q+7nGaLsr4ny0DCSBKBso","baseKeyType":1,"closed":-1,"used":1690512636124,"created":1690512636124,"remoteIdentityKey":"BShjUbBa/LnWG1fxxJEQAQOuo1jGoWTQ8fR1H735LV5O"},"_chains":{"BdlP4CUKo59Vf+Kzf0NCPbZ1l21ToIhbPSnghemzUktc":{"chainKey":{"counter":124,"key":"fpY7l61PfZa7CHPyiFAxioph+kFHL4U33+n1IsPMX2I="},"chainType":1,"messageKeys":{}}},"pendingPreKey":{"signedKeyId":0,"baseKey":"BXBHlr6DSTy1M7f06EXmlH3Q+7nGaLsr4ny0DCSBKBso"}}},"version":"v1"}