{"_sessions":{"BYNOlCvhiSaFVkkWlmCum8RsZ7GxdjxnDzjc24EeRetP":{"registrationId":443667716,"currentRatchet":{"ephemeralKeyPair":{"pubKey":"BTwJzdFD97HuUHgLKLk6tTStX42uJz8Erf84b9AWiIJL","privKey":"YE2PQz4KqPJRrFaS33VlH5ShuQenoLiuP3OEplyyAWQ="},"lastRemoteEphemeralKey":"BUABObeHU22Sx2PLFDHOd3LT22hl5nURUWMd993Wl2R4","previousCounter":0,"rootKey":"7foYRj1zx2Ufe4+HmikMnrry4F5u8+IKa0aNa9RDXtk="},"indexInfo":{"baseKey":"BYNOlCvhiSaFVkkWlmCum8RsZ7GxdjxnDzjc24EeRetP","baseKeyType":1,"closed":-1,"used":1690523858083,"created":1690523858083,"remoteIdentityKey":"Bc3Gbw8+joNgJlpMze0Zk93BfVNm5m/boVTu8snLvzlD"},"_chains":{"BTwJzdFD97HuUHgLKLk6tTStX42uJz8Erf84b9AWiIJL":{"chainKey":{"counter":197,"key":"GtPPDHAMknLHbUecmOYBNRrqBT8XJ66LVlwI6YHGizQ="},"chainType":1,"messageKeys":{}}},"pendingPreKey":{"signedKeyId":6,"baseKey":"BYNOlCvhiSaFVkkWlmCum8RsZ7GxdjxnDzjc24EeRetP","preKeyId":3918754}}},"version":"v1"}