{"_sessions":{"BfPTEao2Qi1jlyAWONNM8PHsK9KbJPIwA93DJthCoNkz":{"registrationId":887712315,"currentRatchet":{"ephemeralKeyPair":{"pubKey":"BY11Xo30Zhci/b6bMTasMtUZP1MlCPDYJPqqW0P+SPdT","privKey":"eDs7W3MWyRhjrf+nvDPzV5dVOr3rxYo2D08+raRFhWs="},"lastRemoteEphemeralKey":"Ba4bLuSSpA9JiWryc/YZvISIRSIIzj/jmh1XHYcMQz0L","previousCounter":0,"rootKey":"n3Fx7Mdo0EzNhtVIsdCdAlc4L2yj+tv8GzoRgW5Yk3I="},"indexInfo":{"baseKey":"BfPTEao2Qi1jlyAWONNM8PHsK9KbJPIwA93DJthCoNkz","baseKeyType":1,"closed":-1,"used":1690512846794,"created":1690512846794,"remoteIdentityKey":"BTrUbMlCahjcNGdpV9hpBvnyHCXY4N3H6rtkyVESgTdA"},"_chains":{"BY11Xo30Zhci/b6bMTasMtUZP1MlCPDYJPqqW0P+SPdT":{"chainKey":{"counter":2,"key":"3As6Nw1dUUasbVxLE3pjCJrbNmOOH4xxiqbdrn1IJoc="},"chainType":1,"messageKeys":{}}},"pendingPreKey":{"signedKeyId":1,"baseKey":"BfPTEao2Qi1jlyAWONNM8PHsK9KbJPIwA93DJthCoNkz","preKeyId":5008922}}},"version":"v1"}