{"_sessions":{"BZ+n2yMW5Bj6TO9r3QcjyxvCha40pujeUtUkEyJRYTVo":{"registrationId":1248920198,"currentRatchet":{"ephemeralKeyPair":{"pubKey":"BYLle55fHnAawC48sLMDwDdw3CI7iodkjbGH8IQxZGdr","privKey":"uHvHNLyFYvRma5B32n99fyAYARlWMXTgF4KdtEw4aFA="},"lastRemoteEphemeralKey":"BSTPU3rRvqljT1L6sOA+Ah8EpWNg6ahGkb2tgboCglVJ","previousCounter":0,"rootKey":"X8gjWLApCLjA6z3QjgaIXR8/r1+VlMOdBMi2R5Tb3G8="},"indexInfo":{"baseKey":"BZ+n2yMW5Bj6TO9r3QcjyxvCha40pujeUtUkEyJRYTVo","baseKeyType":1,"closed":-1,"used":1690523857106,"created":1690523857106,"remoteIdentityKey":"BUPqL1AzY2z4iAimm/3tJKgoiWz00cWiqanzsnaRSOEM"},"_chains":{"BYLle55fHnAawC48sLMDwDdw3CI7iodkjbGH8IQxZGdr":{"chainKey":{"counter":197,"key":"j7axmQvsUjZuDO86KKgF4Zf2l9+1Qr5HpYJqVTnjaaI="},"chainType":1,"messageKeys":{}}},"pendingPreKey":{"signedKeyId":3,"baseKey":"BZ+n2yMW5Bj6TO9r3QcjyxvCha40pujeUtUkEyJRYTVo","preKeyId":10665324}}},"version":"v1"}