{"_sessions":{"BUZGuTiBSYvMZ9ST3PU7U5gsijEzO+r7K05LW1bsNONJ":{"registrationId":117434200,"currentRatchet":{"ephemeralKeyPair":{"pubKey":"BaunLe/yAyGsve9RYFTZt2mRjCatoo0lIBcXSjRar3xq","privKey":"eKIIogl+Bf7Y3K0FokRhP28jDRv8rky4aTS+tYdnoXQ="},"lastRemoteEphemeralKey":"BXrJv5MlM4n+g7TYw7ZxbBPB1ert4Q7xsK897hYllWp8","previousCounter":0,"rootKey":"4iLKX7Frf9woz6poKuydRWvPJQRW0ea0X83mCUzffYk="},"indexInfo":{"baseKey":"BUZGuTiBSYvMZ9ST3PU7U5gsijEzO+r7K05LW1bsNONJ","baseKeyType":1,"closed":-1,"used":1690512636944,"created":1690512636944,"remoteIdentityKey":"BWxHJbbEeqjGcR8Ps5bSfk10httakiVMn36Dp9+kddpZ"},"_chains":{"BaunLe/yAyGsve9RYFTZt2mRjCatoo0lIBcXSjRar3xq":{"chainKey":{"counter":124,"key":"s87kXkBTVvA/7VxPSCS8Wq1A6i9bpPEpSfUgZXwu8AE="},"chainType":1,"messageKeys":{}}},"pendingPreKey":{"signedKeyId":5,"baseKey":"BUZGuTiBSYvMZ9ST3PU7U5gsijEzO+r7K05LW1bsNONJ"}}},"version":"v1"}