{"_sessions":{"Bc65+/JDxcj/G78tcp7pFfVXsk4BtLB8CJdQoUs9MrME":{"registrationId":1203090176,"currentRatchet":{"ephemeralKeyPair":{"pubKey":"BfSaixWdVl4Fgb+McwHVLYSctFC9F7jSAceGefZv/gUp","privKey":"EDnEiY7U7c4RLfFd2PW04VGt71lfE9FaTZ2NYnhPxHE="},"lastRemoteEphemeralKey":"BWuEjrqnXdkhtOd1fIsajLmWZj3hotUgJK0XsOXperpy","previousCounter":0,"rootKey":"g8XxfibaNwUdeyxIII/il49NCqFz6wiYys18KURPwfg="},"indexInfo":{"baseKey":"Bc65+/JDxcj/G78tcp7pFfVXsk4BtLB8CJdQoUs9MrME","baseKeyType":1,"closed":-1,"used":1690512636691,"created":1690512636691,"remoteIdentityKey":"BaalItGomlpcPPMU+gwSb44q6NrSs4ELTv6GlGdejYZD"},"_chains":{"BfSaixWdVl4Fgb+McwHVLYSctFC9F7jSAceGefZv/gUp":{"chainKey":{"counter":124,"key":"mpbARQAjHjV0DHsivENgkxXgifsVIzq2yWms9KhQR2o="},"chainType":1,"messageKeys":{}}},"pendingPreKey":{"signedKeyId":9,"baseKey":"Bc65+/JDxcj/G78tcp7pFfVXsk4BtLB8CJdQoUs9MrME","preKeyId":12817606}}},"version":"v1"}