{"_sessions":{"BTf4K9ndbw9jPCl4Sv0sh2KnkiHxnb71v7zTtr1UO5E/":{"registrationId":1277306157,"currentRatchet":{"ephemeralKeyPair":{"pubKey":"BZodrtIEDeZQtlv4QkcU1/wmv/Mq7T3/Txwq1i9v1QE5","privKey":"ELeDXvTuY4H/hUV8iYiA6PXjWEd4fGn+MRoOhm1UoU4="},"lastRemoteEphemeralKey":"Bfc3taCrJ85DNp9NYEeMUKxOesygq/uQUDwINocMjdJ8","previousCounter":0,"rootKey":"63oy15qgKzeRIXpOQfPRdKnh20Kr2dAW7LoK0bU2w8w="},"indexInfo":{"baseKey":"BTf4K9ndbw9jPCl4Sv0sh2KnkiHxnb71v7zTtr1UO5E/","baseKeyType":1,"closed":-1,"used":1690523856860,"created":1690523856860,"remoteIdentityKey":"BQ5yoFEjmE2wU8Xpph833RHVOvkDp0hFah+DZg0vWggW"},"_chains":{"BZodrtIEDeZQtlv4QkcU1/wmv/Mq7T3/Txwq1i9v1QE5":{"chainKey":{"counter":197,"key":"Riaazsq6knWh5MAF02lEQi0geaAHoeNz3p5DYDOhtQA="},"chainType":1,"messageKeys":{}}},"pendingPreKey":{"signedKeyId":2,"baseKey":"BTf4K9ndbw9jPCl4Sv0sh2KnkiHxnb71v7zTtr1UO5E/"}}},"version":"v1"}