{"_sessions":{"Bd13EJjA3yE811SSaPSSPJUsfD0A2oQAnFzyMfyEOs4E":{"registrationId":1042392291,"currentRatchet":{"ephemeralKeyPair":{"pubKey":"BYC3DDi40Ij+N0N+9lRmF+Yvo8Jga1e2mHs8T1nk6h5W","privKey":"KHEy9bm+cZICY9dzd/PJxR4HtMHiIefqXhFK/9aVrmo="},"lastRemoteEphemeralKey":"BZpZByHN3WSfZoTLANBi2Pzx1G55lM752Yzy8DfnjRM+","previousCounter":0,"rootKey":"k5ra/0UIfGuz7G2GH8bR0h1wTtLJzA0yxZk3E68+ajU="},"indexInfo":{"baseKey":"Bd13EJjA3yE811SSaPSSPJUsfD0A2oQAnFzyMfyEOs4E","baseKeyType":1,"closed":-1,"used":1690512847066,"created":1690512847066,"remoteIdentityKey":"BarNczY8ETCPK2JAe3XtiQbEsnkNcW6NAh1FxCF11oVM"},"_chains":{"BYC3DDi40Ij+N0N+9lRmF+Yvo8Jga1e2mHs8T1nk6h5W":{"chainKey":{"counter":2,"key":"ijpRJZf7D7UT2K3mxQUviwbmPDHi7C5w6mh9x9eGpsY="},"chainType":1,"messageKeys":{}}},"pendingPreKey":{"signedKeyId":1,"baseKey":"Bd13EJjA3yE811SSaPSSPJUsfD0A2oQAnFzyMfyEOs4E","preKeyId":5480890}}},"version":"v1"}