{"_sessions":{"BT0quQpVWl8lAbkE5xVTEVfY3fuBUFPyY6j0OueoI85P":{"registrationId":12864,"currentRatchet":{"ephemeralKeyPair":{"pubKey":"BYjyzBp/wiqU2Vo1D4Zs1SeKejJvD7ojwTOSom+Lhtpr","privKey":"2GDZyjEq7naV88PUvWV13TBLXabnlRIWioEIYNovvHU="},"lastRemoteEphemeralKey":"BSz8UQvid310wyjgk7hlbs1AGSmoFFEWZ2SZg+tBT7wx","previousCounter":0,"rootKey":"d44ju8FPKwK15wiCXW+6Joo1ena/o1N6ABJ0mbYsq9Y="},"indexInfo":{"baseKey":"BT0quQpVWl8lAbkE5xVTEVfY3fuBUFPyY6j0OueoI85P","baseKeyType":1,"closed":-1,"used":1690512846306,"created":1690512846306,"remoteIdentityKey":"BdLivGIyJCL0pa/fTtEZi2oF5CojVunyO5Y2PyohHOpm"},"_chains":{"BYjyzBp/wiqU2Vo1D4Zs1SeKejJvD7ojwTOSom+Lhtpr":{"chainKey":{"counter":0,"key":"cYkHTv1QHoRe2dL9Cp9C7WfBpPQwHZPb/1pkE3HYHhY="},"chainType":1,"messageKeys":{}}},"pendingPreKey":{"signedKeyId":1,"baseKey":"BT0quQpVWl8lAbkE5xVTEVfY3fuBUFPyY6j0OueoI85P"}}},"version":"v1"}