{"_sessions":{"BWrClGWqaxJwDvdeU6/8j4jeO6hRC2qrfRUNpONWAxYS":{"registrationId":572958722,"currentRatchet":{"ephemeralKeyPair":{"pubKey":"BW1AVfTq/eVE88/nI1h4Sf3SeZJYmmgc4hB+zivbshsV","privKey":"GPxhVgcDJJHl9vF1LN4TZKEou7MmljNAstxQjicQpk4="},"lastRemoteEphemeralKey":"BegeKlBVZngdy8LZMUpSPZHrawfwFc/E2G2JGMhpHMo5","previousCounter":2,"rootKey":"2XU5lYvGkZkUocrklUIXwRoEInu5+Oq0OCoW4dUh+Ug="},"indexInfo":{"baseKey":"BWrClGWqaxJwDvdeU6/8j4jeO6hRC2qrfRUNpONWAxYS","baseKeyType":1,"closed":-1,"used":1690513610507,"created":1690512636781,"remoteIdentityKey":"BbfIQi5YSh7NJp3IYzbHn2jgYUXjSUk+S/Ocpd6M7fod"},"_chains":{"BegeKlBVZngdy8LZMUpSPZHrawfwFc/E2G2JGMhpHMo5":{"chainKey":{"counter":0,"key":"6NNG9n9F13/4pJNR5BuPmL84Da3XjrI6RbZvSzEZb5U="},"chainType":2,"messageKeys":{}},"BW1AVfTq/eVE88/nI1h4Sf3SeZJYmmgc4hB+zivbshsV":{"chainKey":{"counter":121,"key":"UiEMlcInUP8IiN1yaeBEufXO84g/LDfYfNBihJGI4i4="},"chainType":1,"messageKeys":{}}}}},"version":"v1"}