{"_sessions":{"BVLeFk8qaKOBS9p8nol1xJnOTAVFVud7Dhk7Ql/Y2gRK":{"registrationId":92076303,"currentRatchet":{"ephemeralKeyPair":{"pubKey":"BSWADGUWBGVve+y0MfIT4RSshGMYMFDGjSwYw1wH3sVA","privKey":"oH3Y0P3i+WZR/4wNp+nMJ/tyhWX0sF9JA34jQZ1qKW8="},"lastRemoteEphemeralKey":"Bcs8R+W3iAXIjUl4W8119NjF8wuAV57Ht073EbR1TkZu","previousCounter":0,"rootKey":"PoF/4hT89SeW7TjpRbbX8FNIcIJEmVJChm81RH1PxVo="},"indexInfo":{"baseKey":"BVLeFk8qaKOBS9p8nol1xJnOTAVFVud7Dhk7Ql/Y2gRK","baseKeyType":1,"closed":-1,"used":1690512845852,"created":1690512845852,"remoteIdentityKey":"BZ4FA6bnnsHaASpYI6fmZw04OZ20d3B5Wk8h0nxIYBVq"},"_chains":{"BSWADGUWBGVve+y0MfIT4RSshGMYMFDGjSwYw1wH3sVA":{"chainKey":{"counter":0,"key":"TlaSte0fXh/b68z3/Kr+uC/a7FfPhuQf/7gUxnLnLRI="},"chainType":1,"messageKeys":{}}},"pendingPreKey":{"signedKeyId":1,"baseKey":"BVLeFk8qaKOBS9p8nol1xJnOTAVFVud7Dhk7Ql/Y2gRK","preKeyId":4343913}}},"version":"v1"}