{"_sessions":{"BcImu/cqMjcx4VNDvLTEgkGuaQ6iwEI4C3y01SeIY2xX":{"registrationId":790773452,"currentRatchet":{"ephemeralKeyPair":{"pubKey":"BWXm8Yb/qDF7jWWRlS0SPfIgQ4n2ScbzTjrcEiz//cZM","privKey":"EMM7VRG5tNyw2PJCrG4ZJZzyN0WuWcaysQibWKKFQWM="},"lastRemoteEphemeralKey":"Be3FkX7+gQ5X8TkE7Ve/sWpPU08j2m6gPIJSYVdk5J4u","previousCounter":0,"rootKey":"XXTJ+KtPIBhNwtmSJPK7kdjE/5V4dzc09I6DKecE+lc="},"indexInfo":{"baseKey":"BcImu/cqMjcx4VNDvLTEgkGuaQ6iwEI4C3y01SeIY2xX","baseKeyType":1,"closed":-1,"used":1690525403167,"created":1690525403167,"remoteIdentityKey":"BUk0ECW7sb6/D7w1Mc5XTxrtSt/x49gSr5rhmA+OicYY"},"_chains":{"BWXm8Yb/qDF7jWWRlS0SPfIgQ4n2ScbzTjrcEiz//cZM":{"chainKey":{"counter":2,"key":"Hiaf1KJVPcc+cp8BosbbJp05OXkNaFB+WxGvTlZs8uE="},"chainType":1,"messageKeys":{}}},"pendingPreKey":{"signedKeyId":9,"baseKey":"BcImu/cqMjcx4VNDvLTEgkGuaQ6iwEI4C3y01SeIY2xX","preKeyId":3026810}}},"version":"v1"}