{"_sessions":{"BZXCP3TmSdpPtWZhebGBGZG/s4pGlSa3mucPU0bqiJVe":{"registrationId":1894080383,"currentRatchet":{"ephemeralKeyPair":{"pubKey":"BbfDJ1EdcMhcxsDexqY9gCrHQUyCntPdzr3cmpkRmBoV","privKey":"eDBlqk40T9c/FcJebYQKq/wfVC9OIZkyPvfNycVGA3g="},"lastRemoteEphemeralKey":"BSBNYQPCxe0hQvxPyWjNV4NAtvLA0bNKol791h42haU2","previousCounter":0,"rootKey":"a+i/IHXz0SVxstOBDvNa3/0KmRbNDPk9cb1Uodic45I="},"indexInfo":{"baseKey":"BZXCP3TmSdpPtWZhebGBGZG/s4pGlSa3mucPU0bqiJVe","baseKeyType":2,"closed":-1,"used":1690513289121,"created":1690513289121,"remoteIdentityKey":"BVB9F8QfiVJton5+9ovnv5bHKHgkY3AaWloJpCf6t3RP"},"_chains":{"BSBNYQPCxe0hQvxPyWjNV4NAtvLA0bNKol791h42haU2":{"chainKey":{"counter":0,"key":"FTpXTAETfQPHZQLDN6sVg7AqF5v1LeR7gaYKnoOkpcU="},"chainType":2,"messageKeys":{}},"BbfDJ1EdcMhcxsDexqY9gCrHQUyCntPdzr3cmpkRmBoV":{"chainKey":{"counter":2,"key":"OXo0f/p2NZQ4rx7yqI63zURyj8xGAc7PAj5lcM6RtEA="},"chainType":1,"messageKeys":{}}}}},"version":"v1"}