{"_sessions":{"BVO/i1RzG+QtRVHdVs6FzjKYlwMmc6Uh8lcbMlrBvRA5":{"registrationId":1290832880,"currentRatchet":{"ephemeralKeyPair":{"pubKey":"BRWd7KakhHd/lE6K+kzU0eCIFvNcMVLACcd4Y5CdIqpd","privKey":"ePjPrcrBg/52j5q88hIUBpkhIODEeSIsdYXOT+6URUQ="},"lastRemoteEphemeralKey":"BYWAF+Ch4HOy5irGERpzPwB6rQGUv9K9koKSijYASHYc","previousCounter":0,"rootKey":"enYuoZMd8S3m5PLWa+W2zJoR8Kq8Cepze0xFQB+dbes="},"indexInfo":{"baseKey":"BVO/i1RzG+QtRVHdVs6FzjKYlwMmc6Uh8lcbMlrBvRA5","baseKeyType":1,"closed":1690548014026,"used":1690523857165,"created":1690523857165,"remoteIdentityKey":"BdLF8UXZUYKVESTdPWZmgBu4wlnVjqHMKHFvyKmYomhp"},"_chains":{"BRWd7KakhHd/lE6K+kzU0eCIFvNcMVLACcd4Y5CdIqpd":{"chainKey":{"counter":141,"key":"uv+mYJESEU2ssrFpBnjDlzQW0W5Q9AFjNBE88G9Jht4="},"chainType":1,"messageKeys":{}}},"pendingPreKey":{"signedKeyId":0,"baseKey":"BVO/i1RzG+QtRVHdVs6FzjKYlwMmc6Uh8lcbMlrBvRA5"}},"BdSJdbFT4cY/0/al1x3QoUPfZjyZLf113emt1BtYM8J0":{"registrationId":343446898,"currentRatchet":{"ephemeralKeyPair":{"pubKey":"BYnVPF+OH6DYdG8ogkJeeSBlo8mrBlDGK3RrjsFx4k98","privKey":"+PFUyqW+SJlA+Vjhs+bscbMWjAX1eZLmaTJxRK397Uw="},"lastRemoteEphemeralKey":"BZNmCSoooh92p14H7/ANRIqv58lnHo7yEA4eDnjsnxJs","previousCounter":0,"rootKey":"ypvasxVBRtgWfrZ+qvQYnWpnwampzMKklHz6ZFzfx4g="},"indexInfo":{"baseKey":"BdSJdbFT4cY/0/al1x3QoUPfZjyZLf113emt1BtYM8J0","baseKeyType":1,"closed":1690548019046,"used":1690548013996,"created":1690548013996,"remoteIdentityKey":"BfkYpWNgD3yv8mSsjPf7zQMQ8E+RX483cZmQ8WdZdt9a"},"_chains":{"BYnVPF+OH6DYdG8ogkJeeSBlo8mrBlDGK3RrjsFx4k98":{"chainKey":{"counter":0,"key":"3Tm8VODscFLB82SV+In2TiBfdX7YcHCeaszfvWXwqlI="},"chainType":1,"messageKeys":{}}},"pendingPreKey":{"signedKeyId":0,"baseKey":"BdSJdbFT4cY/0/al1x3QoUPfZjyZLf113emt1BtYM8J0","preKeyId":3886978}},"BYt0EK0cI6upSF2W9Nfj4WvSmSUzQlbWWQWFSPqQ2WwZ":{"registrationId":343446898,"currentRatchet":{"ephemeralKeyPair":{"pubKey":"BeHqmiuj/eWVK2W34/9fa/3YkiFVZZRK8Gx1dpEKqOMh","privKey":"wMSz0fIZsFk+2ftePoHluQ5dtddS6MbIvUNJGNGPrGI="},"lastRemoteEphemeralKey":"BZNmCSoooh92p14H7/ANRIqv58lnHo7yEA4eDnjsnxJs","previousCounter":0,"rootKey":"849sm3l1/oQOfPB2i7IUk8Q0CbrWz0ryf7IQg1iTG+I="},"indexInfo":{"baseKey":"BYt0EK0cI6upSF2W9Nfj4WvSmSUzQlbWWQWFSPqQ2WwZ","baseKeyType":1,"closed":1690548023155,"used":1690548019020,"created":1690548019020,"remoteIdentityKey":"BfkYpWNgD3yv8mSsjPf7zQMQ8E+RX483cZmQ8WdZdt9a"},"_chains":{"BeHqmiuj/eWVK2W34/9fa/3YkiFVZZRK8Gx1dpEKqOMh":{"chainKey":{"counter":0,"key":"6EImqR5PwU8CIbOawq+SXKfWnRdzNVver1ehcZK4Wxk="},"chainType":1,"messageKeys":{}}},"pendingPreKey":{"signedKeyId":0,"baseKey":"BYt0EK0cI6upSF2W9Nfj4WvSmSUzQlbWWQWFSPqQ2WwZ","preKeyId":3887208}},"BYzCnANJwKQUFhD06EHafbtF2bpWa1DKVvGcgnMI52EV":{"registrationId":343446898,"currentRatchet":{"ephemeralKeyPair":{"pubKey":"BZj9CYf9xW4wnP9QoM47VOiI7oKTmU30UVEZiyS0JVpT","privKey":"cLYNxGfxvdN8j6Kd0Ca6gus88M7mCY+RXWiiLWY2HHY="},"lastRemoteEphemeralKey":"BZNmCSoooh92p14H7/ANRIqv58lnHo7yEA4eDnjsnxJs","previousCounter":0,"rootKey":"jPCNckJQv/fNkBxobKKFdqB8sJGV0m0CLh76DrsqLZs="},"indexInfo":{"baseKey":"BYzCnANJwKQUFhD06EHafbtF2bpWa1DKVvGcgnMI52EV","baseKeyType":1,"closed":1690548027712,"used":1690548023146,"created":1690548023146,"remoteIdentityKey":"BfkYpWNgD3yv8mSsjPf7zQMQ8E+RX483cZmQ8WdZdt9a"},"_chains":{"BZj9CYf9xW4wnP9QoM47VOiI7oKTmU30UVEZiyS0JVpT":{"chainKey":{"counter":0,"key":"KLI39fEPZ67+BUX6oOmOayanBh94ZjxrUHkStvLy56M="},"chainType":1,"messageKeys":{}}},"pendingPreKey":{"signedKeyId":0,"baseKey":"BYzCnANJwKQUFhD06EHafbtF2bpWa1DKVvGcgnMI52EV","preKeyId":3887135}},"BZVIEOthveON2yU839HBOZdHRwfAgrYR5B4368y2DSBi":{"registrationId":343446898,"currentRatchet":{"ephemeralKeyPair":{"pubKey":"BQq2Fh4zGmySR5nmMIed1MeQQHtVvZctZy5LYC0bvL4I","privKey":"gKwWn9GLeqLQpUkkACsrni+ln8Ais5lAAFETC2Xi4UI="},"lastRemoteEphemeralKey":"BZNmCSoooh92p14H7/ANRIqv58lnHo7yEA4eDnjsnxJs","previousCounter":0,"rootKey":"Upg8HI4olXwZIE3QuydNbHTtIXKGrNRyA5/ghcwbGQM="},"indexInfo":{"baseKey":"BZVIEOthveON2yU839HBOZdHRwfAgrYR5B4368y2DSBi","baseKeyType":1,"closed":1690548031928,"used":1690548027697,"created":1690548027697,"remoteIdentityKey":"BfkYpWNgD3yv8mSsjPf7zQMQ8E+RX483cZmQ8WdZdt9a"},"_chains":{"BQq2Fh4zGmySR5nmMIed1MeQQHtVvZctZy5LYC0bvL4I":{"chainKey":{"counter":0,"key":"lyYerYbEc5aqp2Z5Hu2vJe995IHFzOvWp9vBKM3lsp4="},"chainType":1,"messageKeys":{}}},"pendingPreKey":{"signedKeyId":0,"baseKey":"BZVIEOthveON2yU839HBOZdHRwfAgrYR5B4368y2DSBi","preKeyId":3886594}},"BSee5JDJwW5Fs07WHAa0pJpbUMuIKSuQUoft25W/skcX":{"registrationId":343446898,"currentRatchet":{"ephemeralKeyPair":{"pubKey":"BZDkgtkExX8nYW/UX/PMze8pIb1KCDP0Z9ppTCYLueEn","privKey":"ED9sR6MMckfabZcsmezaZp1x+K+VHv7jeR6eXb1OOk0="},"lastRemoteEphemeralKey":"BZNmCSoooh92p14H7/ANRIqv58lnHo7yEA4eDnjsnxJs","previousCounter":0,"rootKey":"0TLaIcuJBPHJ8Qxnnajw/pJv+++I/XoV70HQZcCngxE="},"indexInfo":{"baseKey":"BSee5JDJwW5Fs07WHAa0pJpbUMuIKSuQUoft25W/skcX","baseKeyType":1,"closed":1690548036110,"used":1690548031911,"created":1690548031911,"remoteIdentityKey":"BfkYpWNgD3yv8mSsjPf7zQMQ8E+RX483cZmQ8WdZdt9a"},"_chains":{"BZDkgtkExX8nYW/UX/PMze8pIb1KCDP0Z9ppTCYLueEn":{"chainKey":{"counter":0,"key":"PaiLMwURFG4dne51/hsl3meiVeSjMGLZ7Pq/ek/BrZU="},"chainType":1,"messageKeys":{}}},"pendingPreKey":{"signedKeyId":0,"baseKey":"BSee5JDJwW5Fs07WHAa0pJpbUMuIKSuQUoft25W/skcX","preKeyId":3886688}},"BZBll1fPIEKy0sJudY9Gl43Q330K7HvU8ggYBjx8Z2xL":{"registrationId":343446898,"currentRatchet":{"ephemeralKeyPair":{"pubKey":"BYgjWyaELzAS+8DIbPsmW8vJblrlFRFMLAs4Q84LsrF+","privKey":"iFI5L1wt9P5I5ltBnyFZEgRk6NsdSY7+j8KSJjTCJXo="},"lastRemoteEphemeralKey":"BZNmCSoooh92p14H7/ANRIqv58lnHo7yEA4eDnjsnxJs","previousCounter":0,"rootKey":"EsxO63i2FQNMuAAMUvNLb6SvRm6zkyvBY7IsbFK5CdE="},"indexInfo":{"baseKey":"BZBll1fPIEKy0sJudY9Gl43Q330K7HvU8ggYBjx8Z2xL","baseKeyType":1,"closed":1690548040890,"used":1690548036091,"created":1690548036091,"remoteIdentityKey":"BfkYpWNgD3yv8mSsjPf7zQMQ8E+RX483cZmQ8WdZdt9a"},"_chains":{"BYgjWyaELzAS+8DIbPsmW8vJblrlFRFMLAs4Q84LsrF+":{"chainKey":{"counter":0,"key":"Ckbk2fTyL2mgL0cWEJMgYLn2ZJIigH1rTaLz1aTVkYU="},"chainType":1,"messageKeys":{}}},"pendingPreKey":{"signedKeyId":0,"baseKey":"BZBll1fPIEKy0sJudY9Gl43Q330K7HvU8ggYBjx8Z2xL","preKeyId":3886920}},"BbLBsWRiN7KzJA5Al6JfcAO4IYUNoUrKEOy9Kot8phh5":{"registrationId":343446898,"currentRatchet":{"ephemeralKeyPair":{"pubKey":"Bb58S/p8C65P5Kn60vA1QR7m3C1wtRaJdqabgPtDlYcr","privKey":"CN9UjyPDwR8RhaJywEp45DEqQFWsxIeWeFiGB6HHc0g="},"lastRemoteEphemeralKey":"BZNmCSoooh92p14H7/ANRIqv58lnHo7yEA4eDnjsnxJs","previousCounter":0,"rootKey":"leBW6KIv2N7JHUmOoe3b4KrwCJE5++dwMUdurREJ9cg="},"indexInfo":{"baseKey":"BbLBsWRiN7KzJA5Al6JfcAO4IYUNoUrKEOy9Kot8phh5","baseKeyType":1,"closed":1690548051367,"used":1690548040853,"created":1690548040853,"remoteIdentityKey":"BfkYpWNgD3yv8mSsjPf7zQMQ8E+RX483cZmQ8WdZdt9a"},"_chains":{"Bb58S/p8C65P5Kn60vA1QR7m3C1wtRaJdqabgPtDlYcr":{"chainKey":{"counter":1,"key":"kcqWS78DswYY8BgezpOhg/9Q7CrVtBnrvXv4qE/0iVM="},"chainType":1,"messageKeys":{}}},"pendingPreKey":{"signedKeyId":0,"baseKey":"BbLBsWRiN7KzJA5Al6JfcAO4IYUNoUrKEOy9Kot8phh5","preKeyId":3886966}},"BQ/cL7RyWT8jt5gne/I0z7NYP8W2GC0V/quxWHaWmRZ+":{"registrationId":343446898,"currentRatchet":{"ephemeralKeyPair":{"pubKey":"BckdzARCKTTCwpJkhOO6BsYo7FRzsSAy3I7Esfd18mwp","privKey":"wB3ehu54c6Jkkf3HmyS2kQsBV0ECtt3iiGqn3NAhvFk="},"lastRemoteEphemeralKey":"BZNmCSoooh92p14H7/ANRIqv58lnHo7yEA4eDnjsnxJs","previousCounter":0,"rootKey":"nb7zfU6OgHxOnfeQkHlbgI2Z830ADRHUXuSdinkeiYs="},"indexInfo":{"baseKey":"BQ/cL7RyWT8jt5gne/I0z7NYP8W2GC0V/quxWHaWmRZ+","baseKeyType":1,"closed":1690548054729,"used":1690548051335,"created":1690548051335,"remoteIdentityKey":"BfkYpWNgD3yv8mSsjPf7zQMQ8E+RX483cZmQ8WdZdt9a"},"_chains":{"BckdzARCKTTCwpJkhOO6BsYo7FRzsSAy3I7Esfd18mwp":{"chainKey":{"counter":0,"key":"OtdAG2+lDZRWX/jGmwkIo0SxpSTurlZMxPJHum+O3sI="},"chainType":1,"messageKeys":{}}},"pendingPreKey":{"signedKeyId":0,"baseKey":"BQ/cL7RyWT8jt5gne/I0z7NYP8W2GC0V/quxWHaWmRZ+","preKeyId":3886912}},"BTchdnPl/Bq+P9Vp8/wDZm0jEOeo+UbE1kTvcTR+bk9f":{"registrationId":343446898,"currentRatchet":{"ephemeralKeyPair":{"pubKey":"BVRbWNe5KvGa3NF4tEwptkfhfFXJ5wD7Ga/6tFyLW7Av","privKey":"YHEH6Hhs2TzWO5tJ7RcA/j6cts4/1iJZ9ZhMURYl5E4="},"lastRemoteEphemeralKey":"BZNmCSoooh92p14H7/ANRIqv58lnHo7yEA4eDnjsnxJs","previousCounter":0,"rootKey":"XvcCOC9vU3yGR96mRd2b71FVyt7h9/4EJVysxBGnUvg="},"indexInfo":{"baseKey":"BTchdnPl/Bq+P9Vp8/wDZm0jEOeo+UbE1kTvcTR+bk9f","baseKeyType":1,"closed":1690548059794,"used":1690548054710,"created":1690548054710,"remoteIdentityKey":"BfkYpWNgD3yv8mSsjPf7zQMQ8E+RX483cZmQ8WdZdt9a"},"_chains":{"BVRbWNe5KvGa3NF4tEwptkfhfFXJ5wD7Ga/6tFyLW7Av":{"chainKey":{"counter":0,"key":"tAWpJhgvKnec/yjeePB5F37hcIYQDndBuWS0kNFC9ng="},"chainType":1,"messageKeys":{}}},"pendingPreKey":{"signedKeyId":0,"baseKey":"BTchdnPl/Bq+P9Vp8/wDZm0jEOeo+UbE1kTvcTR+bk9f","preKeyId":3886409}},"BW3hgMhY8lL5Y4Kdn06H71PwjkKRZ2fSi4JDBbGV0ZhI":{"registrationId":343446898,"currentRatchet":{"ephemeralKeyPair":{"pubKey":"Bd3SVrKdLsJSt4nt+N0pec9x+WczXhTH3gomKk8DrApv","privKey":"MEqyTVRYW86Euc+Qt/Z42aJz0ldzZHwQgewZVo3ihEE="},"lastRemoteEphemeralKey":"BZNmCSoooh92p14H7/ANRIqv58lnHo7yEA4eDnjsnxJs","previousCounter":0,"rootKey":"aQ7tfJQA0Y2X3t8NN5MCqIDIm327w7fEx6P64Zw+Gos="},"indexInfo":{"baseKey":"BW3hgMhY8lL5Y4Kdn06H71PwjkKRZ2fSi4JDBbGV0ZhI","baseKeyType":1,"closed":1690548063534,"used":1690548059770,"created":1690548059770,"remoteIdentityKey":"BfkYpWNgD3yv8mSsjPf7zQMQ8E+RX483cZmQ8WdZdt9a"},"_chains":{"Bd3SVrKdLsJSt4nt+N0pec9x+WczXhTH3gomKk8DrApv":{"chainKey":{"counter":0,"key":"ZUVT0clg7hIHAhia5sj1YNrv6nZKLL0qkF1d4uurGNs="},"chainType":1,"messageKeys":{}}},"pendingPreKey":{"signedKeyId":0,"baseKey":"BW3hgMhY8lL5Y4Kdn06H71PwjkKRZ2fSi4JDBbGV0ZhI","preKeyId":3886437}},"BcPr2eD3ACm/Fg8WR890//mHUUFJhbh3to3/ueLfG3Fi":{"registrationId":343446898,"currentRatchet":{"ephemeralKeyPair":{"pubKey":"BdRoFE4UPvY+ANPhdKTFIY+7g/XX671Tp9ds/M9SoNcv","privKey":"KDegBDPnDctM8jYTPCG5mLt3UdfFcQuzpeBpet19NHQ="},"lastRemoteEphemeralKey":"BZNmCSoooh92p14H7/ANRIqv58lnHo7yEA4eDnjsnxJs","previousCounter":0,"rootKey":"2RoyeyVY99pX7UUfu8/kcLbnO2sUUAwFlr9AaPD/Fg4="},"indexInfo":{"baseKey":"BcPr2eD3ACm/Fg8WR890//mHUUFJhbh3to3/ueLfG3Fi","baseKeyType":1,"closed":1690548066870,"used":1690548063521,"created":1690548063521,"remoteIdentityKey":"BfkYpWNgD3yv8mSsjPf7zQMQ8E+RX483cZmQ8WdZdt9a"},"_chains":{"BdRoFE4UPvY+ANPhdKTFIY+7g/XX671Tp9ds/M9SoNcv":{"chainKey":{"counter":0,"key":"CDqoKkpvuERJ1V8FzDjSgwKj675w4u1/PmmdmDkAAOQ="},"chainType":1,"messageKeys":{}}},"pendingPreKey":{"signedKeyId":0,"baseKey":"BcPr2eD3ACm/Fg8WR890//mHUUFJhbh3to3/ueLfG3Fi","preKeyId":3886677}},"BSQ2spY76eL6Lm7YEesMNAGcnKJymV3PH46sY8CDJtpG":{"registrationId":343446898,"currentRatchet":{"ephemeralKeyPair":{"pubKey":"BcU46+wCA2yylePlQVEl+Qc4qDezdk0AyWJGrHp/ca09","privKey":"EBE/K43LCIz7nl4A3gWyAR+GFzDgah0iCUb3NJeZyWM="},"lastRemoteEphemeralKey":"BZNmCSoooh92p14H7/ANRIqv58lnHo7yEA4eDnjsnxJs","previousCounter":0,"rootKey":"msQZ4w0qLbcBLmoRy4PFFWCHHWCvVCQ3tMERlZ0wuK8="},"indexInfo":{"baseKey":"BSQ2spY76eL6Lm7YEesMNAGcnKJymV3PH46sY8CDJtpG","baseKeyType":1,"closed":1690548070082,"used":1690548066851,"created":1690548066851,"remoteIdentityKey":"BfkYpWNgD3yv8mSsjPf7zQMQ8E+RX483cZmQ8WdZdt9a"},"_chains":{"BcU46+wCA2yylePlQVEl+Qc4qDezdk0AyWJGrHp/ca09":{"chainKey":{"counter":0,"key":"TW8AvIEYoZui+XJEH9jwkBR12POU9VFUExGNp8CyYBo="},"chainType":1,"messageKeys":{}}},"pendingPreKey":{"signedKeyId":0,"baseKey":"BSQ2spY76eL6Lm7YEesMNAGcnKJymV3PH46sY8CDJtpG","preKeyId":3886576}},"BYgKl+EPep3dbZH3BIxXyF2rN7NAg/dbFz5ImtvEjvo4":{"registrationId":343446898,"currentRatchet":{"ephemeralKeyPair":{"pubKey":"BdYFlTOj2ZfTmfHSUC08ujBNKBT/fk+ml4omBiFIQgJ1","privKey":"iJZLZX72zEJkGfnFV8oxM6g+wucZAYZbnSUxHv8Otkg="},"lastRemoteEphemeralKey":"BZNmCSoooh92p14H7/ANRIqv58lnHo7yEA4eDnjsnxJs","previousCounter":0,"rootKey":"gFvhYv2QB5vD5OMFqsw24CapNxQOCd40qu5+qiLwz14="},"indexInfo":{"baseKey":"BYgKl+EPep3dbZH3BIxXyF2rN7NAg/dbFz5ImtvEjvo4","baseKeyType":1,"closed":1690548073664,"used":1690548070066,"created":1690548070066,"remoteIdentityKey":"BfkYpWNgD3yv8mSsjPf7zQMQ8E+RX483cZmQ8WdZdt9a"},"_chains":{"BdYFlTOj2ZfTmfHSUC08ujBNKBT/fk+ml4omBiFIQgJ1":{"chainKey":{"counter":0,"key":"KnBdNmLNntRV9xMeVXqZHu9rnlrEa4eP4JXTYpPEEZk="},"chainType":1,"messageKeys":{}}},"pendingPreKey":{"signedKeyId":0,"baseKey":"BYgKl+EPep3dbZH3BIxXyF2rN7NAg/dbFz5ImtvEjvo4","preKeyId":3886662}},"BU7N68lmAGCf3S6hVDpjWKxXaAxEDseCyG+IxAnBPqk7":{"registrationId":343446898,"currentRatchet":{"ephemeralKeyPair":{"pubKey":"BR5QzRWT0Cx89CEv32hr5m8sgHdHpmTC9fl+kJLCozlW","privKey":"kHpIm+W3EIv/kAUYCmyfCdi0h7tiUZPSQoDfueCEf0s="},"lastRemoteEphemeralKey":"BZNmCSoooh92p14H7/ANRIqv58lnHo7yEA4eDnjsnxJs","previousCounter":0,"rootKey":"Wf7xgX0h398puQDtNuDMYgK5c5s2pk4lkKGjmjcg1ro="},"indexInfo":{"baseKey":"BU7N68lmAGCf3S6hVDpjWKxXaAxEDseCyG+IxAnBPqk7","baseKeyType":1,"closed":1690548077123,"used":1690548073644,"created":1690548073644,"remoteIdentityKey":"BfkYpWNgD3yv8mSsjPf7zQMQ8E+RX483cZmQ8WdZdt9a"},"_chains":{"BR5QzRWT0Cx89CEv32hr5m8sgHdHpmTC9fl+kJLCozlW":{"chainKey":{"counter":0,"key":"qdHI5PLSSLGH3HIAvE46OEmBPrXQqxt0akP/fsfqPdk="},"chainType":1,"messageKeys":{}}},"pendingPreKey":{"signedKeyId":0,"baseKey":"BU7N68lmAGCf3S6hVDpjWKxXaAxEDseCyG+IxAnBPqk7","preKeyId":3886730}},"BSCyU137yHuWku1q/RsuEVsWot1prxgkT4G5mvhDrEsx":{"registrationId":343446898,"currentRatchet":{"ephemeralKeyPair":{"pubKey":"BRmghJe+7zw9a6CpGyCoeLjHcz5CSUCzhkzTGCuDrVZ5","privKey":"KLrUitWBeBdw8L3XcLiK4c20kyru0hdk9/CboiA5QGE="},"lastRemoteEphemeralKey":"BZNmCSoooh92p14H7/ANRIqv58lnHo7yEA4eDnjsnxJs","previousCounter":0,"rootKey":"qHmfBXQwCK6WThHtoNTNLxD/ibFrwq4ERgHHttDkrMQ="},"indexInfo":{"baseKey":"BSCyU137yHuWku1q/RsuEVsWot1prxgkT4G5mvhDrEsx","baseKeyType":1,"closed":1690548162838,"used":1690548077108,"created":1690548077108,"remoteIdentityKey":"BfkYpWNgD3yv8mSsjPf7zQMQ8E+RX483cZmQ8WdZdt9a"},"_chains":{"BRmghJe+7zw9a6CpGyCoeLjHcz5CSUCzhkzTGCuDrVZ5":{"chainKey":{"counter":14,"key":"aKJbLl/a06AcXMasrfjksxxDTt5pPtgfYACKXLXvTsk="},"chainType":1,"messageKeys":{}}},"pendingPreKey":{"signedKeyId":0,"baseKey":"BSCyU137yHuWku1q/RsuEVsWot1prxgkT4G5mvhDrEsx","preKeyId":3886869}},"BfspbVustX2ICcveAPdJMmd37xQE1PwMEZmyG+BwARVs":{"registrationId":343446898,"currentRatchet":{"ephemeralKeyPair":{"pubKey":"Bd/vknx9W0Ext81JqnYkGkSOpYJZGsjHNIMfuMEXtAV2","privKey":"MAqPaeRHbkIySdrHVOlMdl3P4EdKIU4OsDfV9H7Ym0I="},"lastRemoteEphemeralKey":"BZNmCSoooh92p14H7/ANRIqv58lnHo7yEA4eDnjsnxJs","previousCounter":0,"rootKey":"NBMDmdE4s6l83DGWPbkAjil4P9o/uUZxxvUqmpgeDac="},"indexInfo":{"baseKey":"BfspbVustX2ICcveAPdJMmd37xQE1PwMEZmyG+BwARVs","baseKeyType":1,"closed":-1,"used":1690548162824,"created":1690548162824,"remoteIdentityKey":"BfkYpWNgD3yv8mSsjPf7zQMQ8E+RX483cZmQ8WdZdt9a"},"_chains":{"Bd/vknx9W0Ext81JqnYkGkSOpYJZGsjHNIMfuMEXtAV2":{"chainKey":{"counter":25,"key":"PfvlDGNaoNCCo3apbLSUJP0tPt6Nzc1MXirwoCbipFg="},"chainType":1,"messageKeys":{}}},"pendingPreKey":{"signedKeyId":0,"baseKey":"BfspbVustX2ICcveAPdJMmd37xQE1PwMEZmyG+BwARVs"}}},"version":"v1"}