{"_sessions":{"BeWVGMHwxd7/Dv3vQIv3tKUBpeHPIbvAIL2m7cg91XZ8":{"registrationId":737447167,"currentRatchet":{"ephemeralKeyPair":{"pubKey":"BcyQi63hrQuH/n7/DpQLtHnHhGOvSVzGReMyR/Z2Yn9i","privKey":"ILbnKpIqQuvo958MKqHnG9kTXPzDe/lKX3xm41GzvkU="},"lastRemoteEphemeralKey":"BV/do1sV2q3AcQaCeAIs5JqLAlb8RvGst0BQI08jxXJu","previousCounter":0,"rootKey":"kyp957sugW69kwP2M62Lkawz3PRRJACNG89ddjTNwdw="},"indexInfo":{"baseKey":"BeWVGMHwxd7/Dv3vQIv3tKUBpeHPIbvAIL2m7cg91XZ8","baseKeyType":1,"closed":-1,"used":1690523857740,"created":1690523857740,"remoteIdentityKey":"BRz2aE90zIshDU99pKlTOfldZ4CDkV0TLiWl/5OEPUlx"},"_chains":{"BcyQi63hrQuH/n7/DpQLtHnHhGOvSVzGReMyR/Z2Yn9i":{"chainKey":{"counter":197,"key":"8suEAGcoz82Dqrzp4zngvB4JqFn2rOxjupreLaS0a6s="},"chainType":1,"messageKeys":{}}},"pendingPreKey":{"signedKeyId":2,"baseKey":"BeWVGMHwxd7/Dv3vQIv3tKUBpeHPIbvAIL2m7cg91XZ8","preKeyId":13641949}}},"version":"v1"}