{"_sessions":{"BT2oY6KcVkMHD+bezEUvMB1lkSzo2pve32ZnqEfl/9dA":{"registrationId":1654631523,"currentRatchet":{"ephemeralKeyPair":{"pubKey":"BaJQRZpPuf2XUDs+fuASJ4Sq0gGuva60ELE7NGRe++18","privKey":"wGVCBfhf9WKuxsdOKXBJpZUvly9rEV/rauAw3ZZabm0="},"lastRemoteEphemeralKey":"BQGE4UftbY6VxNZuAHgKE0BsHg37gdspzox4lGEYoK9T","previousCounter":0,"rootKey":"R0f7p5LAGQXJ/c4gnzKYJtMIRLoI9kSYExUSmxgltqM="},"indexInfo":{"baseKey":"BT2oY6KcVkMHD+bezEUvMB1lkSzo2pve32ZnqEfl/9dA","baseKeyType":1,"closed":-1,"used":1690512846941,"created":1690512846941,"remoteIdentityKey":"BalZO0s6GL3IZw2SF8oSUnEus2kvsZLG/oL/7HseD8kx"},"_chains":{"BaJQRZpPuf2XUDs+fuASJ4Sq0gGuva60ELE7NGRe++18":{"chainKey":{"counter":2,"key":"eadR5vO6EJ1egZEvJa8KFOkbGteWaEx8HoxB3VP6N50="},"chainType":1,"messageKeys":{}}},"pendingPreKey":{"signedKeyId":1,"baseKey":"BT2oY6KcVkMHD+bezEUvMB1lkSzo2pve32ZnqEfl/9dA","preKeyId":4887119}}},"version":"v1"}