{"_sessions":{"BRvVsegSJBgkm1DVqQJrnbF0+ZP0JKni5VCmwlP3pXJ/":{"registrationId":575039012,"currentRatchet":{"ephemeralKeyPair":{"pubKey":"BZkCLS1fLRIO7pCE+QhG3oalyEj2tpDj662QXCI0h2dn","privKey":"8I4vYvMaw4l29cRXfLh4NS4TWMz1kJTNmoCnDEf5nEU="},"lastRemoteEphemeralKey":"Bc2KmvdvtH61FEdbNEfEQFUfI8R6mdnMwKklfKrgCplL","previousCounter":0,"rootKey":"YCVlt2Gjq4UlXvrU/Etlw7qpUrEmrH0qs6eVuRb/xAU="},"indexInfo":{"baseKey":"BRvVsegSJBgkm1DVqQJrnbF0+ZP0JKni5VCmwlP3pXJ/","baseKeyType":1,"closed":-1,"used":1690523856933,"created":1690523856933,"remoteIdentityKey":"BaXSUbqqn9k6+XRBZLP4dBgxCA+7c+R0DXzayGsCk6Ah"},"_chains":{"BZkCLS1fLRIO7pCE+QhG3oalyEj2tpDj662QXCI0h2dn":{"chainKey":{"counter":197,"key":"OpsnmOLcuVok6ApDwuk7kdFFlyup7IaCKzlwB7JLlq8="},"chainType":1,"messageKeys":{}}},"pendingPreKey":{"signedKeyId":3,"baseKey":"BRvVsegSJBgkm1DVqQJrnbF0+ZP0JKni5VCmwlP3pXJ/","preKeyId":14838860}}},"version":"v1"}