{"_sessions":{"Bf6qZ7trK6hEb/QzGoywyCEoCu5GgHTL4MnYsHQT0FpY":{"registrationId":434696102,"currentRatchet":{"ephemeralKeyPair":{"pubKey":"BXL+I/B21U4gLdN21jFm5aToHQq/8KGXlYa4ehK4vwUW","privKey":"IGXtKjT/lQ956we3kBWUHE5Ybt6Jke4Ze1BTATZU2Gw="},"lastRemoteEphemeralKey":"BRfu/v13drBZxCwV3RvFN9h+Gcvox+sQm0UtA5fIvgRF","previousCounter":0,"rootKey":"CYqNG6tofVAI4BOm3j6ZTFBXv6WhKVG4CU61Xh3dVqk="},"indexInfo":{"baseKey":"Bf6qZ7trK6hEb/QzGoywyCEoCu5GgHTL4MnYsHQT0FpY","baseKeyType":1,"closed":-1,"used":1690523857946,"created":1690523857946,"remoteIdentityKey":"BSuMgU6CMl9RiwGo4A6XsFKqycfZh1/vJPXbWK4EIZxO"},"_chains":{"BXL+I/B21U4gLdN21jFm5aToHQq/8KGXlYa4ehK4vwUW":{"chainKey":{"counter":197,"key":"3Yt0PbSFSSsSEno2EK+TD9sOVaRc5trAUHacwXwbzoQ="},"chainType":1,"messageKeys":{}}},"pendingPreKey":{"signedKeyId":2,"baseKey":"Bf6qZ7trK6hEb/QzGoywyCEoCu5GgHTL4MnYsHQT0FpY","preKeyId":2834303}}},"version":"v1"}