{"_sessions":{"BUnVDwKw3nLiqy06Ot6JB/iQp6MqULZ1ZcfuL/N+aiQQ":{"registrationId":166,"currentRatchet":{"ephemeralKeyPair":{"pubKey":"BU68YJFSqi3svk+B/+hDvhj/eON0X5dSfp8yaaGK3YBi","privKey":"2M4RX1eq0ls+bffJPnTfjvucqiT23hyOKJjLUMX5Tkk="},"lastRemoteEphemeralKey":"BfWw7/wp/EgKg2UoHWAcTLPd54bipkFBjO/NBO06VkBf","previousCounter":0,"rootKey":"yZOdx2cyyv/W4YJqLlOdW+I7pOnHrBFYhxwY4WDgeIo="},"indexInfo":{"baseKey":"BUnVDwKw3nLiqy06Ot6JB/iQp6MqULZ1ZcfuL/N+aiQQ","baseKeyType":1,"closed":1690532703017,"used":1690512846440,"created":1690512846440,"remoteIdentityKey":"BRdPy/8P7R0duwxPyOqEtIhf4ioyxnGWr+wPBiLhQflS"},"_chains":{"BU68YJFSqi3svk+B/+hDvhj/eON0X5dSfp8yaaGK3YBi":{"chainKey":{"counter":1,"key":"OKPV0B2DsbqP8iB42PA+7BlmWpxjXgFnC8Laq7ukFXQ="},"chainType":1,"messageKeys":{}}},"pendingPreKey":{"signedKeyId":1,"baseKey":"BUnVDwKw3nLiqy06Ot6JB/iQp6MqULZ1ZcfuL/N+aiQQ","preKeyId":63}},"BTTi5q6PDzfLXcsh0NQvakbci8KZuNwc3IjXpEQz/vQ8":{"registrationId":166,"currentRatchet":{"ephemeralKeyPair":{"pubKey":"BWRSPM3Z3FfM8WnYq0mlY7q/4yRgeqc+EQcow4FY+Fom","privKey":"eM1OdAzUTXW95ptONCpUrSzFMVI0udcfhVV6RRZ+Y1Y="},"lastRemoteEphemeralKey":"BfWw7/wp/EgKg2UoHWAcTLPd54bipkFBjO/NBO06VkBf","previousCounter":0,"rootKey":"GsqLFQKDVPBqBVfqCR7mGfJ37mIxZNUzpYOQ+7ZNkmY="},"indexInfo":{"baseKey":"BTTi5q6PDzfLXcsh0NQvakbci8KZuNwc3IjXpEQz/vQ8","baseKeyType":1,"closed":-1,"used":1690532702970,"created":1690532702970,"remoteIdentityKey":"BRdPy/8P7R0duwxPyOqEtIhf4ioyxnGWr+wPBiLhQflS"},"_chains":{"BWRSPM3Z3FfM8WnYq0mlY7q/4yRgeqc+EQcow4FY+Fom":{"chainKey":{"counter":1,"key":"yIyQh0xkvbFTeaOMD9YUXR2lXnSSEV5IAHon9cNX2zg="},"chainType":1,"messageKeys":{}}},"pendingPreKey":{"signedKeyId":1,"baseKey":"BTTi5q6PDzfLXcsh0NQvakbci8KZuNwc3IjXpEQz/vQ8","preKeyId":85}}},"version":"v1"}