{"_sessions":{"BW2uCvPShhdchVKcwfuor03iEDTanMDMW6ZjNz1815BB":{"registrationId":1833470583,"currentRatchet":{"ephemeralKeyPair":{"pubKey":"Bdl9UB6zLrjFelpJXWCHgUg4sA9PN7+QBQ8/Vu1Aw793","privKey":"kCv29QEG0igQep2WXm0f0It83yq9gLsipr8KMnWtb2A="},"lastRemoteEphemeralKey":"BViKiRXDXFaw4CGT60VK8YdW0xwOSzluBaiOuX3djN4V","previousCounter":0,"rootKey":"qcYRPBqfPXTrzRZZPeyetXP4R/CADsFYXUK+/w+onwI="},"indexInfo":{"baseKey":"BW2uCvPShhdchVKcwfuor03iEDTanMDMW6ZjNz1815BB","baseKeyType":1,"closed":-1,"used":1690512636042,"created":1690512636042,"remoteIdentityKey":"BfNKALRxgvP7t+jExGE+sVvTIVJ5RVXNBB1DY+TVXmAj"},"_chains":{"Bdl9UB6zLrjFelpJXWCHgUg4sA9PN7+QBQ8/Vu1Aw793":{"chainKey":{"counter":124,"key":"1So7CY0BFjeHQv91sZ5ousFBf9pab7qE35B9CzLXgLE="},"chainType":1,"messageKeys":{}}},"pendingPreKey":{"signedKeyId":3,"baseKey":"BW2uCvPShhdchVKcwfuor03iEDTanMDMW6ZjNz1815BB","preKeyId":3534487}}},"version":"v1"}