{"_sessions":{"BWazObUIpps4hvuhKAsdS6Rw2gmkQfErvDgBtUgOgv5W":{"registrationId":96,"currentRatchet":{"ephemeralKeyPair":{"pubKey":"BYasmzNIHgFAzQBCt5mbE0JG7OHon5lEpOdSx/HnehMr","privKey":"aA5NFUbziG8e38xZoWKJ8eiu3VL2uFzC+bJLBHvXVF8="},"lastRemoteEphemeralKey":"BRWH9yPfWLbS5/VnTPyxPtyC34eibY+zAaqcDlnm02NI","previousCounter":0,"rootKey":"AdO3Nk+zLMI4cCanNoc3VnTzLva/rX4tmMNLK9Wg2Qc="},"indexInfo":{"baseKey":"BWazObUIpps4hvuhKAsdS6Rw2gmkQfErvDgBtUgOgv5W","baseKeyType":1,"closed":-1,"used":1690523855657,"created":1690523855657,"remoteIdentityKey":"BeqdnYyRTbVTKJIx/Y2HPZ1gBgq93boBqQLhWgiA8Ptm"},"_chains":{"BYasmzNIHgFAzQBCt5mbE0JG7OHon5lEpOdSx/HnehMr":{"chainKey":{"counter":197,"key":"AyQ6sM7HebPYyyxxw02a/bzBq04yEnxZ13T/SASIPTk="},"chainType":1,"messageKeys":{}}},"pendingPreKey":{"signedKeyId":1,"baseKey":"BWazObUIpps4hvuhKAsdS6Rw2gmkQfErvDgBtUgOgv5W"}}},"version":"v1"}