{"_sessions":{"BWagYhoMbmGIOMVQs2xahZUxH0uKOPUbXcWe6twcyCpW":{"registrationId":279253808,"currentRatchet":{"ephemeralKeyPair":{"pubKey":"BUQLdhyuoM+sofeAyVNum53ZBjO18SiZpcP99JcD8R85","privKey":"EN0qcxx77evql0cNjPnW8tXlS3xiihqLtod+ef3on08="},"lastRemoteEphemeralKey":"BfZM57/5J84t1BZmdswd0EksZHxCpYNtKmm/LQ185exz","previousCounter":0,"rootKey":"Klb027tpV1pTWIotr61B+2MzIXnsn3BE1/Hr+A9fKZ0="},"indexInfo":{"baseKey":"BWagYhoMbmGIOMVQs2xahZUxH0uKOPUbXcWe6twcyCpW","baseKeyType":1,"closed":-1,"used":1690525403222,"created":1690525403222,"remoteIdentityKey":"BYbw2Q67mloDAIlVbgJSFqgF/8AeqY6sRTRRAqdM9CwL"},"_chains":{"BUQLdhyuoM+sofeAyVNum53ZBjO18SiZpcP99JcD8R85":{"chainKey":{"counter":2,"key":"ZXQOTXGgcVNKJWcuQU6UDY2Qcb35VOzK41YKeAHhOTs="},"chainType":1,"messageKeys":{}}},"pendingPreKey":{"signedKeyId":7,"baseKey":"BWagYhoMbmGIOMVQs2xahZUxH0uKOPUbXcWe6twcyCpW","preKeyId":10451421}}},"version":"v1"}