{"_sessions":{"BfKCa7ZE0JCSDx5llX7rrlJqW6zXfUybNL5jP/XvSxRr":{"registrationId":1819430002,"currentRatchet":{"ephemeralKeyPair":{"pubKey":"BUUzoo4dSJOx4DZxiMzVxiGt388V3B5RZeS4R5jmxNMA","privKey":"oEICZYsmMJJepZEZzJihNPMzwMWTF3rW/OmpWKGOG38="},"lastRemoteEphemeralKey":"BWn5qjyTEYWRjIRDymvKOsH9Lde/uJBUOiUDIGnTjAds","previousCounter":0,"rootKey":"OuopkjLcbzS4rL94CeP78WGIaZznLu1EMKwc0gC5qbI="},"indexInfo":{"baseKey":"BfKCa7ZE0JCSDx5llX7rrlJqW6zXfUybNL5jP/XvSxRr","baseKeyType":1,"closed":-1,"used":1690526903519,"created":1690526903519,"remoteIdentityKey":"BRMiUuH75x7TEdaq5ykkqPTsy3EI52SDhEPEdVGcCboh"},"_chains":{"BUUzoo4dSJOx4DZxiMzVxiGt388V3B5RZeS4R5jmxNMA":{"chainKey":{"counter":11,"key":"KemAJOhiWmd41mqmtX4ALeU6ZnpCH5F7z/wKXGLDgso="},"chainType":1,"messageKeys":{}}},"pendingPreKey":{"signedKeyId":4,"baseKey":"BfKCa7ZE0JCSDx5llX7rrlJqW6zXfUybNL5jP/XvSxRr"}}},"version":"v1"}