{"_sessions":{"BfCx1F+ofd0JhTB9wAnyyyZVSGktFBUVMbWWh/ukrYpQ":{"registrationId":378035851,"currentRatchet":{"ephemeralKeyPair":{"pubKey":"BcN9r+nmU9BWD6oB5CBf4JBvv3Sn4+iCNd9NFCRHmW1I","privKey":"eORKUnsu7N1WyattFmsxya225abLmLUX1sfXR6zBwWg="},"lastRemoteEphemeralKey":"BXF5AW6dnOLCkP5erBaAH1gbP1zfP8mdTyNC0I2w2VJF","previousCounter":0,"rootKey":"S+suv5AZAZB2JkrlNMwD31UrEsFaTxA0ZRw4yTGA5AQ="},"indexInfo":{"baseKey":"BfCx1F+ofd0JhTB9wAnyyyZVSGktFBUVMbWWh/ukrYpQ","baseKeyType":1,"closed":-1,"used":1690512847005,"created":1690512847005,"remoteIdentityKey":"Bb4kkCXTTHvyVAVPnXus6g9UPDD4wX+SmDK7pZs46mwd"},"_chains":{"BcN9r+nmU9BWD6oB5CBf4JBvv3Sn4+iCNd9NFCRHmW1I":{"chainKey":{"counter":2,"key":"zFEotWDGca3VT7+HYqe1t17jVVI/+kQwpvgeoWWyUpo="},"chainType":1,"messageKeys":{}}},"pendingPreKey":{"signedKeyId":9,"baseKey":"BfCx1F+ofd0JhTB9wAnyyyZVSGktFBUVMbWWh/ukrYpQ","preKeyId":7253055}}},"version":"v1"}