{"_sessions":{"BUQ0JIgllCQI8a4PI9WMuszo9EFwvKvyS3/RKKZZ5fdF":{"registrationId":708664584,"currentRatchet":{"ephemeralKeyPair":{"pubKey":"BRSAOiDxap9ac52NFfVrUN/LvGBy+CacFqxOuszKelMs","privKey":"6DRZhvBRmRs4jz99qASdD9HYjCdKH0o5WGqV4OE9w3U="},"lastRemoteEphemeralKey":"BZLNHxMIzBRcw0HzJyvvL4qEJ9xNIxWuRliKTpzFmtg3","previousCounter":0,"rootKey":"4vU3nPxQfmix/EOYhTouAP8zDZuKbLWql084qajXcvM="},"indexInfo":{"baseKey":"BUQ0JIgllCQI8a4PI9WMuszo9EFwvKvyS3/RKKZZ5fdF","baseKeyType":1,"closed":-1,"used":1690512636396,"created":1690512636396,"remoteIdentityKey":"BQs+YNTlM14yOCpZ10Z+EtZPSeW8fGjDjwLgmIazbxMu"},"_chains":{"BRSAOiDxap9ac52NFfVrUN/LvGBy+CacFqxOuszKelMs":{"chainKey":{"counter":322,"key":"F9RduQESeBezc+2sBwCPlp+7UW2xq9pcJg/2Xdu2DXg="},"chainType":1,"messageKeys":{}}},"pendingPreKey":{"signedKeyId":12,"baseKey":"BUQ0JIgllCQI8a4PI9WMuszo9EFwvKvyS3/RKKZZ5fdF"}}},"version":"v1"}