{"_sessions":{"BThhIGafz2xEm51LiElRYR6YotQlEXYktXAyfJnCVOpq":{"registrationId":355080058,"currentRatchet":{"ephemeralKeyPair":{"pubKey":"BSiz7q6icTbyReR9RytwrafntDEaObGuDh8l7bIo3lAZ","privKey":"kOIpLqc+TC3Nb32mj+Jgy3ua7VrUyUVvDcye8PS9T0I="},"lastRemoteEphemeralKey":"BcMs59BGKfNoUwPRzDn9LmN6bg1GDiYC0YES9VeU4Nds","previousCounter":0,"rootKey":"nzfLOva5aczZmY5UsJzmyNUK0NjFC2s7pth2+3fU51k="},"indexInfo":{"baseKey":"BThhIGafz2xEm51LiElRYR6YotQlEXYktXAyfJnCVOpq","baseKeyType":1,"closed":-1,"used":1690512847150,"created":1690512847150,"remoteIdentityKey":"BR2UwDU3aWIBqQj0KgbEMhLZwctmcORKYOZwrNnjwKpJ"},"_chains":{"BSiz7q6icTbyReR9RytwrafntDEaObGuDh8l7bIo3lAZ":{"chainKey":{"counter":2,"key":"m+gj6cDCFoD+CJkKjxHum+a18u0ddrifO6GZXDtRHEk="},"chainType":1,"messageKeys":{}}},"pendingPreKey":{"signedKeyId":9,"baseKey":"BThhIGafz2xEm51LiElRYR6YotQlEXYktXAyfJnCVOpq","preKeyId":3556040}}},"version":"v1"}