{"_sessions":{"BWUakkth4gzJ5nSLmEHU+EWeb3oTq6M1+vQiElicX7UV":{"registrationId":16230,"currentRatchet":{"ephemeralKeyPair":{"pubKey":"BZYmWKyh4PK+JEWe/4h5xaUssleRcxec2jokErea9+1q","privKey":"6NYOrgL/RBie0cmDAHAgxYzh9CL2GOgorEq2oKSTmEM="},"lastRemoteEphemeralKey":"BSGYl9ZOJ9Y9zCJFAXsd1Wq5H5jKGzuTy31QRkrNtMQq","previousCounter":0,"rootKey":"0PmYiUJa8f0XilxGla5qH9GlvRIESXd9/JQXuThj4Ww="},"indexInfo":{"baseKey":"BWUakkth4gzJ5nSLmEHU+EWeb3oTq6M1+vQiElicX7UV","baseKeyType":1,"closed":-1,"used":1690512845655,"created":1690512845655,"remoteIdentityKey":"BdQTfDwMx6p4G4WEfswzCLhZ2kS2S2MmN7oZofPbjlwM"},"_chains":{"BZYmWKyh4PK+JEWe/4h5xaUssleRcxec2jokErea9+1q":{"chainKey":{"counter":2,"key":"kmZLwYRBt8bYRqyUg35Bs5NPC7S+a+nZECIQYV0Nfgg="},"chainType":1,"messageKeys":{}}},"pendingPreKey":{"signedKeyId":2,"baseKey":"BWUakkth4gzJ5nSLmEHU+EWeb3oTq6M1+vQiElicX7UV","preKeyId":4947}}},"version":"v1"}