{"_sessions":{"BYJQzD2FAZA+PgUnhJtfgIHlxmG3GE3D2KofvVLhwcRP":{"registrationId":469371993,"currentRatchet":{"ephemeralKeyPair":{"pubKey":"BT0aatDjhyY/H7GKF8CcrACefKJVn5kMDFhsw0gbvpo/","privKey":"ONRjcdhSuTHFEIRm3OQ329wLlY4SdZxG3S8Dc9+th2A="},"lastRemoteEphemeralKey":"BT1IHBvrkIMbnrK3MoNnZRomcboF0Gh3Bdf6fdju3T0+","previousCounter":0,"rootKey":"shx57qmPqyUhSwaKz2MVVHqMRVMe4laz6wTGvqQqTok="},"indexInfo":{"baseKey":"BYJQzD2FAZA+PgUnhJtfgIHlxmG3GE3D2KofvVLhwcRP","baseKeyType":1,"closed":-1,"used":1690512847356,"created":1690512847356,"remoteIdentityKey":"BX7PvjBLWgNruNHjLTKvZSgkQC/A5txCEVS/abD6o4gP"},"_chains":{"BT0aatDjhyY/H7GKF8CcrACefKJVn5kMDFhsw0gbvpo/":{"chainKey":{"counter":2,"key":"12mmXppCo94X2AjCb/vldShSI9c8bQ42cLGSd805+IU="},"chainType":1,"messageKeys":{}}},"pendingPreKey":{"signedKeyId":3876455,"baseKey":"BYJQzD2FAZA+PgUnhJtfgIHlxmG3GE3D2KofvVLhwcRP","preKeyId":4017}}},"version":"v1"}