{"_sessions":{"BT+to944RnlSAfs9IPazCTnd9xt+wLjznF1/72Y/Gm5S":{"registrationId":1178548352,"currentRatchet":{"ephemeralKeyPair":{"pubKey":"BZ5zc5UU7Ad/pr2P0zuG2e+DloegCzJ2R40Y8BGOSskr","privKey":"2Mi777FxEQEheEIjMaje4dxygjAGTZ6Rx557aoQQIVY="},"lastRemoteEphemeralKey":"BRIrg1cl99pYFLgFawCmrRf5Jt5SCsKmu04maTKPpxsR","previousCounter":0,"rootKey":"9fCVoGlqGZNpRMNgYCayDeHAScXjT7QZ1hCWJ52ocgw="},"indexInfo":{"baseKey":"BT+to944RnlSAfs9IPazCTnd9xt+wLjznF1/72Y/Gm5S","baseKeyType":1,"closed":-1,"used":1690523857929,"created":1690523857929,"remoteIdentityKey":"BQXn0XGNnXcU/KqzHElIPpAXzrabVuKiSpcLelYM77Ro"},"_chains":{"BZ5zc5UU7Ad/pr2P0zuG2e+DloegCzJ2R40Y8BGOSskr":{"chainKey":{"counter":197,"key":"Zqm16xXCGpM2vvn5Ab1j+HSpDH2Ix6a5JUczvAf2RWQ="},"chainType":1,"messageKeys":{}}},"pendingPreKey":{"signedKeyId":3,"baseKey":"BT+to944RnlSAfs9IPazCTnd9xt+wLjznF1/72Y/Gm5S","preKeyId":6171558}}},"version":"v1"}