{"_sessions":{"BZ6MtwtUwk8IfYZANZfpzkQ7NJa9oBtpCQ5RWd/mCJw3":{"registrationId":178874490,"currentRatchet":{"ephemeralKeyPair":{"pubKey":"BYzZRqEL9yeunR+Gm7G7gFmi5Bk1G3+qFUHxcb0CZPQx","privKey":"8AIpjQkzCQ5sJsfJ0qsnR+kfs/4ftztVxja2jYQxJUE="},"lastRemoteEphemeralKey":"BeQc7btMdT4VkT8gvH/yRZS0cpx01PMhnLsMNMLOriZg","previousCounter":0,"rootKey":"SqZNwrqiHEO9ZITnk07u8BHtWXKb+Yhi14+5Co496zs="},"indexInfo":{"baseKey":"BZ6MtwtUwk8IfYZANZfpzkQ7NJa9oBtpCQ5RWd/mCJw3","baseKeyType":1,"closed":-1,"used":1690523856366,"created":1690523856366,"remoteIdentityKey":"BUhktkfGd1OJW+2/jKEMemnRBnqtNdCnzRgh9+OShClQ"},"_chains":{"BYzZRqEL9yeunR+Gm7G7gFmi5Bk1G3+qFUHxcb0CZPQx":{"chainKey":{"counter":197,"key":"EVm3QWa1a1zMgcaqSeSghNzloZ6ywLo2+DV8shoEiUs="},"chainType":1,"messageKeys":{}}},"pendingPreKey":{"signedKeyId":1,"baseKey":"BZ6MtwtUwk8IfYZANZfpzkQ7NJa9oBtpCQ5RWd/mCJw3","preKeyId":6924462}}},"version":"v1"}