{"_sessions":{"BW59cC/BfnnNNhAz2hSp+dBY9ntRo1HZWSijL3rNMLgi":{"registrationId":1146514999,"currentRatchet":{"ephemeralKeyPair":{"pubKey":"BZsYtDae/eWTtL4Q+EiT3o2RxiaSiVuFSbNpYatVYxdh","privKey":"sGn2sWEnapdyWEcELMVPQ63+mUHYIKsVN7Gq0aSgAks="},"lastRemoteEphemeralKey":"BeI7g3Pgclo99ZnwI4/TW3Hrmxlux5W9spegkIjGvEp4","previousCounter":0,"rootKey":"ssSiU3W36TPQBbkkgKIOBg7UHs3nQpPEa9eFQFI/14w="},"indexInfo":{"baseKey":"BW59cC/BfnnNNhAz2hSp+dBY9ntRo1HZWSijL3rNMLgi","baseKeyType":1,"closed":-1,"used":1690512846897,"created":1690512846897,"remoteIdentityKey":"BbJJU43QGCvC3T32l354el0l+JdH8RWzBW1vgwoNWM9o"},"_chains":{"BZsYtDae/eWTtL4Q+EiT3o2RxiaSiVuFSbNpYatVYxdh":{"chainKey":{"counter":2,"key":"9T4ADXOJKmR5w5zzbiJ+oNCln7BjQ2BUjV/eHL5boQE="},"chainType":1,"messageKeys":{}}},"pendingPreKey":{"signedKeyId":2,"baseKey":"BW59cC/BfnnNNhAz2hSp+dBY9ntRo1HZWSijL3rNMLgi","preKeyId":10822415}}},"version":"v1"}