{"_sessions":{"BbP2sa7YS+aRiP/kCmgcIU/X5quniSb9KXlE66M0luxt":{"registrationId":15261,"currentRatchet":{"ephemeralKeyPair":{"pubKey":"BYVktoziup/Hvw8L6o8uspKPg2mQ2rrj1+oXK+8QHoI2","privKey":"ILYlJyYcmeHgaAk3GbFrocuBlGJUxbZjyiNNF8qWtFM="},"lastRemoteEphemeralKey":"BdFJoJAJFl/bVbDwQWu2bjojgOfDaZ96eqDrkG5mrSYH","previousCounter":0,"rootKey":"hWsCC5CN9FzwT7cwUacq8UxfvMxvG3cEnn5S+0e+Ito="},"indexInfo":{"baseKey":"BbP2sa7YS+aRiP/kCmgcIU/X5quniSb9KXlE66M0luxt","baseKeyType":1,"closed":-1,"used":1690512846270,"created":1690512846270,"remoteIdentityKey":"BRSgnJAl+PbjHYK+QajgduK33Ke1xwSDcsiiLjq/m5gK"},"_chains":{"BYVktoziup/Hvw8L6o8uspKPg2mQ2rrj1+oXK+8QHoI2":{"chainKey":{"counter":2,"key":"jmky+u18Fi39YCBCKWJxYXRqv8QF/bGKauVYhkaC8eU="},"chainType":1,"messageKeys":{}}},"pendingPreKey":{"signedKeyId":1,"baseKey":"BbP2sa7YS+aRiP/kCmgcIU/X5quniSb9KXlE66M0luxt"}}},"version":"v1"}