{"_sessions":{"BUQHO+yG/rD1QkEZskVLEYcCmODAME+IbvCsfDU2fyFK":{"registrationId":820704110,"currentRatchet":{"ephemeralKeyPair":{"pubKey":"BbfSFnSn6il+OIAa8ptjlUsxxRHEoXzv4UHkdGz2XpMM","privKey":"wDgxvTL+qTzr6TMARoel+6ajeyFMik+vTRW7tL6yhUc="},"lastRemoteEphemeralKey":"BUB9wKCQTc9yiquyn9ELLAYh11bIMN/NI5dKY1C8Zwsq","previousCounter":0,"rootKey":"IH5r2XVikk2E8/y0sD5k3hWzf2Iw3iapp06Sp/IdtRI="},"indexInfo":{"baseKey":"BUQHO+yG/rD1QkEZskVLEYcCmODAME+IbvCsfDU2fyFK","baseKeyType":1,"closed":-1,"used":1690523857295,"created":1690523857295,"remoteIdentityKey":"BdrTRijFCRq0SYd1vOf/Um94cA3uAwz60MlDYlEWoYVs"},"_chains":{"BbfSFnSn6il+OIAa8ptjlUsxxRHEoXzv4UHkdGz2XpMM":{"chainKey":{"counter":197,"key":"ae1pd5KrBCI5fYJpxumhzoBp3x6CFghi+5ufhSZif6U="},"chainType":1,"messageKeys":{}}},"pendingPreKey":{"signedKeyId":1,"baseKey":"BUQHO+yG/rD1QkEZskVLEYcCmODAME+IbvCsfDU2fyFK"}}},"version":"v1"}