{"_sessions":{"BaMbGhWWVwXq+b7IFnPsRXrMCY7dKmZm+dEaAGjqBes2":{"registrationId":425732505,"currentRatchet":{"ephemeralKeyPair":{"pubKey":"BSihgoCfPa4lE476cHSntP8/tG3lkpKoMLIQT0iHqLot","privKey":"aM5m/zxSl5T6WdXGasSZJ+UeU1cDr+95tJGbABZGz2k="},"lastRemoteEphemeralKey":"BZd3s6PfeUQty+6V4RqMklLYo3g5BiVdAnFR6wXskm8l","previousCounter":0,"rootKey":"wNb8ZET8HzrmC4F1jUl2TPNOAohVnZChIWw9oWpRRfU="},"indexInfo":{"baseKey":"BaMbGhWWVwXq+b7IFnPsRXrMCY7dKmZm+dEaAGjqBes2","baseKeyType":1,"closed":-1,"used":1690512847334,"created":1690512847334,"remoteIdentityKey":"BbkGUjEtb0m7w/fr/VEMFus+l3HkIhAparXoIPU9EV4N"},"_chains":{"BSihgoCfPa4lE476cHSntP8/tG3lkpKoMLIQT0iHqLot":{"chainKey":{"counter":2,"key":"nCdL9atV6p9fhHHWajE2mZN8xAwBMxJAp8SaBGpr4go="},"chainType":1,"messageKeys":{}}},"pendingPreKey":{"signedKeyId":18,"baseKey":"BaMbGhWWVwXq+b7IFnPsRXrMCY7dKmZm+dEaAGjqBes2","preKeyId":11417773}}},"version":"v1"}