{"_sessions":{"BRFPtale4EYB2CzuOeUZyQKKmD65thG2wjxKl7+D+zwl":{"registrationId":1664829229,"currentRatchet":{"ephemeralKeyPair":{"pubKey":"BcAt2O5FKc72FdUUvbXE8Q0JTFkVRzxffwy9jSFcZ3E3","privKey":"MMOQQ2cKOQl4NR3Vll3r9NSPsaB1qt9c+9I1BFyIGnI="},"lastRemoteEphemeralKey":"BQBfkgqhX1eWHptN7EUQrryeEuIMx6FfEGUHb02ttUlf","previousCounter":0,"rootKey":"h0ToJwWq6XiXO8v1BR9eS6wErFKVnraCjhEAvP7RF7Q="},"indexInfo":{"baseKey":"BRFPtale4EYB2CzuOeUZyQKKmD65thG2wjxKl7+D+zwl","baseKeyType":1,"closed":-1,"used":1690523858218,"created":1690523858218,"remoteIdentityKey":"BRkYtBRXPUtdgHYnziQnyzTzxj0fHj5BGqdrao79eD9h"},"_chains":{"BcAt2O5FKc72FdUUvbXE8Q0JTFkVRzxffwy9jSFcZ3E3":{"chainKey":{"counter":197,"key":"RGRjKxuDKuQ4UOC3V9bFgk8QW0i8Jt9GftVFp4xvC6U="},"chainType":1,"messageKeys":{}}},"pendingPreKey":{"signedKeyId":1,"baseKey":"BRFPtale4EYB2CzuOeUZyQKKmD65thG2wjxKl7+D+zwl","preKeyId":997350}}},"version":"v1"}