{"_sessions":{"BZQ6FB7wwalFLs0Pd5dOi6HZsL8fuxb7H/FGShOft4pm":{"registrationId":23,"currentRatchet":{"ephemeralKeyPair":{"pubKey":"BV97kK0s8pmwCyu38i49Pnn/Fvzngzb1e+bM7kN5of13","privKey":"2H3UVpbU+Gd73otXGmKLttGz6kq5GNb3zWIYZdE6MGg="},"lastRemoteEphemeralKey":"BRMYCrLNmpQfft4r47xA0O0AL0I7zb6aYXP1RrQ5eA1+","previousCounter":0,"rootKey":"SGNuw3yWsw9nQfpzEbbu2WGAmyEXkWzCPbm/5jm7EXI="},"indexInfo":{"baseKey":"BZQ6FB7wwalFLs0Pd5dOi6HZsL8fuxb7H/FGShOft4pm","baseKeyType":1,"closed":-1,"used":1690523855757,"created":1690523855757,"remoteIdentityKey":"BahqPnBN73LWObRTH21bMEuev6QPGylcao4/eoIs4HIM"},"_chains":{"BV97kK0s8pmwCyu38i49Pnn/Fvzngzb1e+bM7kN5of13":{"chainKey":{"counter":197,"key":"26YBUZbRlutTOsUnTe69SkqmUmG6Ecovuf3Flvwkxvc="},"chainType":1,"messageKeys":{}}},"pendingPreKey":{"signedKeyId":1,"baseKey":"BZQ6FB7wwalFLs0Pd5dOi6HZsL8fuxb7H/FGShOft4pm"}}},"version":"v1"}