{"_sessions":{"BVzBB04Mhb/SqcPpve3bLcTnV3Vf0ykkIcKSQElz+bIk":{"registrationId":6759,"currentRatchet":{"ephemeralKeyPair":{"pubKey":"BWbCBQ23HYy5S7dLJFe/Np4hcjTRmoyKO2l7hXlTOCI6","privKey":"4IVozuw/BAjZPuxwsEylE/4GDJhgi25nZ6B+mxw71Wo="},"lastRemoteEphemeralKey":"BWfyWGkXgyrTYjn8G6U/d7cvo7U9e9Q0rWGawozhUqAV","previousCounter":0,"rootKey":"9zbHp+xWEdGSMrFAPrOtkIS0xjojIadozFdZ7TA34M4="},"indexInfo":{"baseKey":"BVzBB04Mhb/SqcPpve3bLcTnV3Vf0ykkIcKSQElz+bIk","baseKeyType":1,"closed":-1,"used":1690512846149,"created":1690512846149,"remoteIdentityKey":"BdStGEq1c0sA0ayKI/Qhk4JmDAKhbkdrCctX025uxwFD"},"_chains":{"BWbCBQ23HYy5S7dLJFe/Np4hcjTRmoyKO2l7hXlTOCI6":{"chainKey":{"counter":2,"key":"OWBdqlrSif8ebmgzDbbz3HPPNOBgKojiz/WJeQS2C/A="},"chainType":1,"messageKeys":{}}},"pendingPreKey":{"signedKeyId":1,"baseKey":"BVzBB04Mhb/SqcPpve3bLcTnV3Vf0ykkIcKSQElz+bIk","preKeyId":632}}},"version":"v1"}