{"_sessions":{"BRn/jOiVJOwcOkDTwAU/Jdwupp+UYEC/VoIbNzNjBpsv":{"registrationId":200801853,"currentRatchet":{"ephemeralKeyPair":{"pubKey":"BTXssNieFseVesGViBKoMSXfFj1p0qW7bl7RvUUGEKJr","privKey":"4MN4FOuyb1udHL9YUWSKwRvEzCLL6ozkghf8xXY5eHg="},"lastRemoteEphemeralKey":"BcxUsKaHYcRpQRmVEFbWvhgpMB3I8RemmqjLiO/2RaUa","previousCounter":0,"rootKey":"TU3Zvb7jGomEfzJg5e1TC8JBOZU2+XgU5fk7KCeV3fU="},"indexInfo":{"baseKey":"BRn/jOiVJOwcOkDTwAU/Jdwupp+UYEC/VoIbNzNjBpsv","baseKeyType":1,"closed":-1,"used":1690523856490,"created":1690523856490,"remoteIdentityKey":"BSGCPDfVzzVb/smcKxJog2//nFfEAdKd8oO3XlkeLfYQ"},"_chains":{"BTXssNieFseVesGViBKoMSXfFj1p0qW7bl7RvUUGEKJr":{"chainKey":{"counter":197,"key":"E4co1oAnEYELlRenHD5CM/FQ0Y1b6fhTUC68C6S5vWQ="},"chainType":1,"messageKeys":{}}},"pendingPreKey":{"signedKeyId":8,"baseKey":"BRn/jOiVJOwcOkDTwAU/Jdwupp+UYEC/VoIbNzNjBpsv","preKeyId":16755155}}},"version":"v1"}