{"_sessions":{"Bd2pYBEYhjaPCTJv6yAMcSMmQ0BiQC3viDavMBZr+qxA":{"registrationId":492724904,"currentRatchet":{"ephemeralKeyPair":{"pubKey":"Bb8aO5PmhDBiNl3QyRoUQ0wRe3Tw3z8VZqlRfE+3gBAq","privKey":"qGNsJ75aJJN8KcWA2Zq0P5BZ2C91W8vBUxhz6xNbmkU="},"lastRemoteEphemeralKey":"BYV8JljVAEUk+DTSn9V0RvLLIw3H72Nl8NiKkbmAtzFE","previousCounter":0,"rootKey":"SzAxgcOuZw08Xgcrinf5cRN2nsawceH+w/KMhOEiGIM="},"indexInfo":{"baseKey":"Bd2pYBEYhjaPCTJv6yAMcSMmQ0BiQC3viDavMBZr+qxA","baseKeyType":1,"closed":-1,"used":1690523857778,"created":1690523857778,"remoteIdentityKey":"BUBT7kMuqlbLHxmIRinAzdcGVSuXg5y/88wWYEjiNwgV"},"_chains":{"Bb8aO5PmhDBiNl3QyRoUQ0wRe3Tw3z8VZqlRfE+3gBAq":{"chainKey":{"counter":197,"key":"PdZktr/RtmEdULZEf7R90jwmDQjgs+uJPi7nBKW7P18="},"chainType":1,"messageKeys":{}}},"pendingPreKey":{"signedKeyId":1,"baseKey":"Bd2pYBEYhjaPCTJv6yAMcSMmQ0BiQC3viDavMBZr+qxA","preKeyId":7796039}}},"version":"v1"}