{"_sessions":{"BRUlER36KY3v1gDlQgGVw2KYSLW0IpnHLhFYUtuuBYNT":{"registrationId":1911057566,"currentRatchet":{"ephemeralKeyPair":{"pubKey":"BcYoI1a3o0QjsPMy08JmlGLKw0LizsvvMa07H9T9KvR2","privKey":"UIKxSYINGgolN/1IB6Fgnc5tTBnOUfayWfxL10BO0m4="},"lastRemoteEphemeralKey":"BcrQaPueti6J2Zdl/yhXsVT1rvr71ZeP+rVNinuUYHBj","previousCounter":0,"rootKey":"vaE0w1IwlTHZItvJ5qE0lYlHeYHtvINQJjzc+arGT4Q="},"indexInfo":{"baseKey":"BRUlER36KY3v1gDlQgGVw2KYSLW0IpnHLhFYUtuuBYNT","baseKeyType":1,"closed":1690523949255,"used":1690512636569,"created":1690512636569,"remoteIdentityKey":"BSPYVJ3PcTgzCDxUUscrMvqoUTqWZwEHVMbkoRs9XmkA"},"_chains":{"BcYoI1a3o0QjsPMy08JmlGLKw0LizsvvMa07H9T9KvR2":{"chainKey":{"counter":53,"key":"jI1F2E/dsDdGjhMSgYTg9Za0um4xxn6uqd7GA1aHDXM="},"chainType":1,"messageKeys":{}}},"pendingPreKey":{"signedKeyId":89,"baseKey":"BRUlER36KY3v1gDlQgGVw2KYSLW0IpnHLhFYUtuuBYNT","preKeyId":15150358}},"Bd0Q7M5VJhv16mUcSpzcVevec85NEzdoqP8/R4VdQW97":{"registrationId":1605146238,"currentRatchet":{"ephemeralKeyPair":{"pubKey":"BbRT2MBXLl1cEJJpvjLpq+nQ03IRpjBbJfNAkxGxoCJC","privKey":"wDH6IXcmcQzYEplWkyBmYYGh2SY002t9vAGkqfdvg20="},"lastRemoteEphemeralKey":"BRh37swFpXM0M8FsfGVqWMq3k79sD5Eo+s+MIu05dQ1F","previousCounter":0,"rootKey":"PjDMGsz05uzfKaKXu30u5suAPVAP5euxNRLoC1o78YE="},"indexInfo":{"baseKey":"Bd0Q7M5VJhv16mUcSpzcVevec85NEzdoqP8/R4VdQW97","baseKeyType":1,"closed":1690523952280,"used":1690523949192,"created":1690523949192,"remoteIdentityKey":"BdAptp6IFR6NEOG+ju+APZcjmDg+AogXi/oVwXK8cds1"},"_chains":{"BbRT2MBXLl1cEJJpvjLpq+nQ03IRpjBbJfNAkxGxoCJC":{"chainKey":{"counter":0,"key":"esNve3oSKqG6dsnMF8zj95/+k4dWSNj6KGIUGO2KxLI="},"chainType":1,"messageKeys":{}}},"pendingPreKey":{"signedKeyId":0,"baseKey":"Bd0Q7M5VJhv16mUcSpzcVevec85NEzdoqP8/R4VdQW97","preKeyId":16353755}},"BfTWQuCE38puc4AJCCZIz2y2tV7zZO12nM2vB3vOehR+":{"registrationId":1605146238,"currentRatchet":{"ephemeralKeyPair":{"pubKey":"BVOqstowPDbLTXvI7Qe66T8BBRSF1hP2WPDaUVACUh0L","privKey":"APC3YLGF7ZtLjwDprzPuUZ9wvI5w8estNvDgBoH6SWA="},"lastRemoteEphemeralKey":"BRh37swFpXM0M8FsfGVqWMq3k79sD5Eo+s+MIu05dQ1F","previousCounter":0,"rootKey":"K6jN8ehYid6ibPjcD8ZRYN3m474n6wnsqi0FOxm6yS0="},"indexInfo":{"baseKey":"BfTWQuCE38puc4AJCCZIz2y2tV7zZO12nM2vB3vOehR+","baseKeyType":1,"closed":1690523954806,"used":1690523952260,"created":1690523952260,"remoteIdentityKey":"BdAptp6IFR6NEOG+ju+APZcjmDg+AogXi/oVwXK8cds1"},"_chains":{"BVOqstowPDbLTXvI7Qe66T8BBRSF1hP2WPDaUVACUh0L":{"chainKey":{"counter":0,"key":"Z/liv97tB4uRvrzPEi8JP0/3ccpEW88vpaqeefiZ8Zw="},"chainType":1,"messageKeys":{}}},"pendingPreKey":{"signedKeyId":0,"baseKey":"BfTWQuCE38puc4AJCCZIz2y2tV7zZO12nM2vB3vOehR+","preKeyId":16353787}},"BbBUrjwWuAem89FnWCJq8XWp1vlVaVlijH+diyQbBsQQ":{"registrationId":1605146238,"currentRatchet":{"ephemeralKeyPair":{"pubKey":"BfwYyFavErUC7UZ4LBIuLSC2HLca746Xnvu65b1kyMwo","privKey":"sJ0aePnALVYNZkHhtedxb76So0G1BmV0yzDajz2h83Q="},"lastRemoteEphemeralKey":"BRh37swFpXM0M8FsfGVqWMq3k79sD5Eo+s+MIu05dQ1F","previousCounter":0,"rootKey":"cjr8J6ciV5OvmfPvyOO+ZQ4rmRaBZ1TCzIkLAGMntpU="},"indexInfo":{"baseKey":"BbBUrjwWuAem89FnWCJq8XWp1vlVaVlijH+diyQbBsQQ","baseKeyType":1,"closed":1690523957221,"used":1690523954796,"created":1690523954796,"remoteIdentityKey":"BdAptp6IFR6NEOG+ju+APZcjmDg+AogXi/oVwXK8cds1"},"_chains":{"BfwYyFavErUC7UZ4LBIuLSC2HLca746Xnvu65b1kyMwo":{"chainKey":{"counter":0,"key":"a+WpjE1n4eJKq2VCmp47VA5NqDuvVLPnTInzvlrsSO0="},"chainType":1,"messageKeys":{}}},"pendingPreKey":{"signedKeyId":0,"baseKey":"BbBUrjwWuAem89FnWCJq8XWp1vlVaVlijH+diyQbBsQQ","preKeyId":16354518}},"BU5D/o0+7zWJ79nuWoRiPQdPQiai02mC+IhU4i4+2Bos":{"registrationId":1605146238,"currentRatchet":{"ephemeralKeyPair":{"pubKey":"BcGBtl4nLg+w+7MH/HKCtaBNFasab5Zv9gfbGjz7OIIa","privKey":"aBoBHannFMixRnmXHgdlt/aVQp8ikavL3HhUxjTzsHw="},"lastRemoteEphemeralKey":"BRh37swFpXM0M8FsfGVqWMq3k79sD5Eo+s+MIu05dQ1F","previousCounter":0,"rootKey":"VYnGIKJsJv/eUd1UXsR10iwaudbcoirpfYlW3yCh+GM="},"indexInfo":{"baseKey":"BU5D/o0+7zWJ79nuWoRiPQdPQiai02mC+IhU4i4+2Bos","baseKeyType":1,"closed":1690523959715,"used":1690523957210,"created":1690523957210,"remoteIdentityKey":"BdAptp6IFR6NEOG+ju+APZcjmDg+AogXi/oVwXK8cds1"},"_chains":{"BcGBtl4nLg+w+7MH/HKCtaBNFasab5Zv9gfbGjz7OIIa":{"chainKey":{"counter":0,"key":"i19OigTf9qaJ29oky9zauhqeuCjHepZ1zeMW5te8NaA="},"chainType":1,"messageKeys":{}}},"pendingPreKey":{"signedKeyId":0,"baseKey":"BU5D/o0+7zWJ79nuWoRiPQdPQiai02mC+IhU4i4+2Bos","preKeyId":16353809}},"BR7c/I+w8izuaXBZNcG3M74oqIs/IesFrOQHi6X7JLBC":{"registrationId":1605146238,"currentRatchet":{"ephemeralKeyPair":{"pubKey":"BZSVEjbHGz3VDG6X4RWjqC6/V78zgr9BU0ysIhQHF419","privKey":"uOMCOJY4xS3Bew/3nC+S/x+gG54perO9kXP6//nM5Vg="},"lastRemoteEphemeralKey":"BRh37swFpXM0M8FsfGVqWMq3k79sD5Eo+s+MIu05dQ1F","previousCounter":0,"rootKey":"OE3xowgbc0JgFRQ35kMJkcCW2833l/TCge35LyC8m6E="},"indexInfo":{"baseKey":"BR7c/I+w8izuaXBZNcG3M74oqIs/IesFrOQHi6X7JLBC","baseKeyType":1,"closed":1690523962228,"used":1690523959701,"created":1690523959701,"remoteIdentityKey":"BdAptp6IFR6NEOG+ju+APZcjmDg+AogXi/oVwXK8cds1"},"_chains":{"BZSVEjbHGz3VDG6X4RWjqC6/V78zgr9BU0ysIhQHF419":{"chainKey":{"counter":0,"key":"ZYW7vx7gF+8V+9iVL50iEcpQVO/yXR821sEkTvYYVwc="},"chainType":1,"messageKeys":{}}},"pendingPreKey":{"signedKeyId":0,"baseKey":"BR7c/I+w8izuaXBZNcG3M74oqIs/IesFrOQHi6X7JLBC","preKeyId":16353794}},"BUxl69N0kyq/9xI5Zu2haOtlntQSQPVIY7ULivJmcwFC":{"registrationId":1605146238,"currentRatchet":{"ephemeralKeyPair":{"pubKey":"Beyn3+9XlxMkx2DLwPdxs0XnkF9TBcqK6X94JuDeG6Bn","privKey":"IA0sjnUTt4zpX4p00kcdXKH+zJRVF8iCSvxl0fu9Y0U="},"lastRemoteEphemeralKey":"BRh37swFpXM0M8FsfGVqWMq3k79sD5Eo+s+MIu05dQ1F","previousCounter":0,"rootKey":"WGORHxVkrL391xA9O0bjKBCspxqPaeQPWrapu2l1yy4="},"indexInfo":{"baseKey":"BUxl69N0kyq/9xI5Zu2haOtlntQSQPVIY7ULivJmcwFC","baseKeyType":1,"closed":1690523964690,"used":1690523962212,"created":1690523962212,"remoteIdentityKey":"BdAptp6IFR6NEOG+ju+APZcjmDg+AogXi/oVwXK8cds1"},"_chains":{"Beyn3+9XlxMkx2DLwPdxs0XnkF9TBcqK6X94JuDeG6Bn":{"chainKey":{"counter":0,"key":"zvy1eKIp2/LRoj0+z9YUsaxiRpz5FzdeyQ6E6PhBxp4="},"chainType":1,"messageKeys":{}}},"pendingPreKey":{"signedKeyId":0,"baseKey":"BUxl69N0kyq/9xI5Zu2haOtlntQSQPVIY7ULivJmcwFC","preKeyId":16353845}},"BeQhkWPU3VX8B7ncQzAivreBTFTngZljtNhL7/nQOQUo":{"registrationId":1605146238,"currentRatchet":{"ephemeralKeyPair":{"pubKey":"BReEO+dyMVMXAZmD046Tj58/MU62S9vpt9KoBUHry+IM","privKey":"cAqhhjwZA/VYhRAIfHysHvEswKVdiQM7I0npuMeo9lE="},"lastRemoteEphemeralKey":"BRh37swFpXM0M8FsfGVqWMq3k79sD5Eo+s+MIu05dQ1F","previousCounter":0,"rootKey":"mcfRdKBOqs2cenCm6/LQjgUHsIE0m0JG7wQ3d9P+3oU="},"indexInfo":{"baseKey":"BeQhkWPU3VX8B7ncQzAivreBTFTngZljtNhL7/nQOQUo","baseKeyType":1,"closed":1690523967150,"used":1690523964683,"created":1690523964683,"remoteIdentityKey":"BdAptp6IFR6NEOG+ju+APZcjmDg+AogXi/oVwXK8cds1"},"_chains":{"BReEO+dyMVMXAZmD046Tj58/MU62S9vpt9KoBUHry+IM":{"chainKey":{"counter":0,"key":"h++egNyVJxHef0NT8mRGppREgF8/E158P4LqSycc+/I="},"chainType":1,"messageKeys":{}}},"pendingPreKey":{"signedKeyId":0,"baseKey":"BeQhkWPU3VX8B7ncQzAivreBTFTngZljtNhL7/nQOQUo","preKeyId":16354580}},"BbepWWiyOm61Vs0UZY6xjaRdZBqHVZAC+Q+O7bwlN8Eo":{"registrationId":1605146238,"currentRatchet":{"ephemeralKeyPair":{"pubKey":"BZ1Lnq7gUDEfgq4BM6+a+kKzHLxUP5eA1Q1+UJcsE04J","privKey":"EETmWHVcf5cavMqVSjnM3OHPmwgr/ymApK8Rx33dKHU="},"lastRemoteEphemeralKey":"BRh37swFpXM0M8FsfGVqWMq3k79sD5Eo+s+MIu05dQ1F","previousCounter":0,"rootKey":"96IAKVJXH8MfQbe/wyTMBaS9kgmvLW8D3c5zH+sPPhA="},"indexInfo":{"baseKey":"BbepWWiyOm61Vs0UZY6xjaRdZBqHVZAC+Q+O7bwlN8Eo","baseKeyType":1,"closed":1690523969525,"used":1690523967143,"created":1690523967143,"remoteIdentityKey":"BdAptp6IFR6NEOG+ju+APZcjmDg+AogXi/oVwXK8cds1"},"_chains":{"BZ1Lnq7gUDEfgq4BM6+a+kKzHLxUP5eA1Q1+UJcsE04J":{"chainKey":{"counter":0,"key":"3CwzwXMppgxlKim0zWIBVtJEIidA0i5pOgtraOtj824="},"chainType":1,"messageKeys":{}}},"pendingPreKey":{"signedKeyId":0,"baseKey":"BbepWWiyOm61Vs0UZY6xjaRdZBqHVZAC+Q+O7bwlN8Eo","preKeyId":16354477}},"BczMRiyB4G5vCrLLJvD21gLNY0bOzbOEru6SeU7QG9Vj":{"registrationId":1605146238,"currentRatchet":{"ephemeralKeyPair":{"pubKey":"BYG7QiNJzfLAURsyaq3frLtO3YKeLb8YHBcZ9AymbRdF","privKey":"kG73REcT/eKJILxxU5LSpg6yoF1qcuOUMv2U7QD7X3o="},"lastRemoteEphemeralKey":"BRh37swFpXM0M8FsfGVqWMq3k79sD5Eo+s+MIu05dQ1F","previousCounter":0,"rootKey":"TwooZ9o2sSQ1PaghsDjk4Gao2fxfbYnbSTK2iA6PJMY="},"indexInfo":{"baseKey":"BczMRiyB4G5vCrLLJvD21gLNY0bOzbOEru6SeU7QG9Vj","baseKeyType":1,"closed":1690523972241,"used":1690523969514,"created":1690523969514,"remoteIdentityKey":"BdAptp6IFR6NEOG+ju+APZcjmDg+AogXi/oVwXK8cds1"},"_chains":{"BYG7QiNJzfLAURsyaq3frLtO3YKeLb8YHBcZ9AymbRdF":{"chainKey":{"counter":0,"key":"shKTVAlAqPcTiqNCkqyD0uK0RgEygigTrzZ0kxlxoz8="},"chainType":1,"messageKeys":{}}},"pendingPreKey":{"signedKeyId":0,"baseKey":"BczMRiyB4G5vCrLLJvD21gLNY0bOzbOEru6SeU7QG9Vj","preKeyId":16354517}},"Bcs1tXom/VfSom/uS48JEFfMNaEEVDXx80MU/4ZdoiNw":{"registrationId":1605146238,"currentRatchet":{"ephemeralKeyPair":{"pubKey":"BdGjJc934L0GRiHUlaa2IvGnl8MISfcccdxcc1tyXM4U","privKey":"WOVoEnxWBQrdbBKTv1PRoylhMBwrOnlzzR/98lOjGl0="},"lastRemoteEphemeralKey":"BRh37swFpXM0M8FsfGVqWMq3k79sD5Eo+s+MIu05dQ1F","previousCounter":0,"rootKey":"HpX5zlhOVMSm6HJOu2o7DJPRiAyjM5EitCROZaxQC/4="},"indexInfo":{"baseKey":"Bcs1tXom/VfSom/uS48JEFfMNaEEVDXx80MU/4ZdoiNw","baseKeyType":1,"closed":1690523974613,"used":1690523972234,"created":1690523972234,"remoteIdentityKey":"BdAptp6IFR6NEOG+ju+APZcjmDg+AogXi/oVwXK8cds1"},"_chains":{"BdGjJc934L0GRiHUlaa2IvGnl8MISfcccdxcc1tyXM4U":{"chainKey":{"counter":0,"key":"Q4WljKiD3tfzWd8Cesm2eQU6hb7TilUYTSl3PNmVErY="},"chainType":1,"messageKeys":{}}},"pendingPreKey":{"signedKeyId":0,"baseKey":"Bcs1tXom/VfSom/uS48JEFfMNaEEVDXx80MU/4ZdoiNw","preKeyId":16354475}},"BfJa7u6Qk8+3x1rB9bbReq9150BHH8GZqkb8rHvQX2Z0":{"registrationId":1605146238,"currentRatchet":{"ephemeralKeyPair":{"pubKey":"Be5XRlW3z7zD3Q9wnY7aWTq7nliShcwos9RzSLjjWHFZ","privKey":"EMO2lF8qyFW38RUPh51UIcgRk7ORO5znaR5bmWUVYV4="},"lastRemoteEphemeralKey":"BRh37swFpXM0M8FsfGVqWMq3k79sD5Eo+s+MIu05dQ1F","previousCounter":0,"rootKey":"YGkLJQfGEqs4oKHCUabe6JdI6jquJmri+m/LSAtSchI="},"indexInfo":{"baseKey":"BfJa7u6Qk8+3x1rB9bbReq9150BHH8GZqkb8rHvQX2Z0","baseKeyType":1,"closed":1690523977021,"used":1690523974606,"created":1690523974606,"remoteIdentityKey":"BdAptp6IFR6NEOG+ju+APZcjmDg+AogXi/oVwXK8cds1"},"_chains":{"Be5XRlW3z7zD3Q9wnY7aWTq7nliShcwos9RzSLjjWHFZ":{"chainKey":{"counter":0,"key":"G25zkvLhmOCp14oXTrb73bOq3Sa0owWxFLgaAy2jb7Y="},"chainType":1,"messageKeys":{}}},"pendingPreKey":{"signedKeyId":0,"baseKey":"BfJa7u6Qk8+3x1rB9bbReq9150BHH8GZqkb8rHvQX2Z0","preKeyId":16353804}},"BT7es5lgKosK99KY19Y/yazh6JZkfEbxccs2/Ivzkgx7":{"registrationId":1605146238,"currentRatchet":{"ephemeralKeyPair":{"pubKey":"BWupwubatw8kkvpFARodD1CRJiGi4qnS8JnwLNJF20kX","privKey":"2CPbreX8vPeXvEQnNpspWHLdSu5tQ9S9NZX1gqv4YVw="},"lastRemoteEphemeralKey":"BRh37swFpXM0M8FsfGVqWMq3k79sD5Eo+s+MIu05dQ1F","previousCounter":0,"rootKey":"820GHNcxIeUNj0SQ2NvzrJYt1JpYyWIde2eH6UTRxQ0="},"indexInfo":{"baseKey":"BT7es5lgKosK99KY19Y/yazh6JZkfEbxccs2/Ivzkgx7","baseKeyType":1,"closed":1690523979510,"used":1690523977013,"created":1690523977013,"remoteIdentityKey":"BdAptp6IFR6NEOG+ju+APZcjmDg+AogXi/oVwXK8cds1"},"_chains":{"BWupwubatw8kkvpFARodD1CRJiGi4qnS8JnwLNJF20kX":{"chainKey":{"counter":0,"key":"HmhuYq+Z5K3X6uw5k0U2R3/EAEAuMv5cxqI3PiIQJ3w="},"chainType":1,"messageKeys":{}}},"pendingPreKey":{"signedKeyId":0,"baseKey":"BT7es5lgKosK99KY19Y/yazh6JZkfEbxccs2/Ivzkgx7","preKeyId":16353762}},"Bd7BUkKZN354qutKVlHzXetCyvZbcX1T/N0pREdWPBlx":{"registrationId":1605146238,"currentRatchet":{"ephemeralKeyPair":{"pubKey":"BeprFbNYJEuFiVe8eknUUWzJvtKNWvT4Tim/04DgGjdd","privKey":"kJ7Hk5qnTG6m/ce4ASGZKO9jyUCPI0NTIj4RT13BbWo="},"lastRemoteEphemeralKey":"BRh37swFpXM0M8FsfGVqWMq3k79sD5Eo+s+MIu05dQ1F","previousCounter":0,"rootKey":"qY8NrBF5BdR52oG4CI5LYCo2LgbB6tTMnJUay12G+sQ="},"indexInfo":{"baseKey":"Bd7BUkKZN354qutKVlHzXetCyvZbcX1T/N0pREdWPBlx","baseKeyType":1,"closed":1690523981962,"used":1690523979500,"created":1690523979500,"remoteIdentityKey":"BdAptp6IFR6NEOG+ju+APZcjmDg+AogXi/oVwXK8cds1"},"_chains":{"BeprFbNYJEuFiVe8eknUUWzJvtKNWvT4Tim/04DgGjdd":{"chainKey":{"counter":0,"key":"KxScdP0cMiYl/44RdNuWJcOuolDcFB5RenZ5Afg8bMw="},"chainType":1,"messageKeys":{}}},"pendingPreKey":{"signedKeyId":0,"baseKey":"Bd7BUkKZN354qutKVlHzXetCyvZbcX1T/N0pREdWPBlx","preKeyId":16354513}},"BdUUsevftLMaMjxUBwZNzEF114E1MzuClq52J2NECtZA":{"registrationId":1605146238,"currentRatchet":{"ephemeralKeyPair":{"pubKey":"Bc3M/rxmevcEWLHdwRN2Wf8mGfajLFwalyXwAywTscl4","privKey":"UIv9o6Uxuhs98hzMacy9r2zO2jc/cNXAg30iom3Q9mY="},"lastRemoteEphemeralKey":"BRh37swFpXM0M8FsfGVqWMq3k79sD5Eo+s+MIu05dQ1F","previousCounter":0,"rootKey":"P2vKAyHWveW1NWyugTk2S0mzpz/a8sZKU3WQkH1lguU="},"indexInfo":{"baseKey":"BdUUsevftLMaMjxUBwZNzEF114E1MzuClq52J2NECtZA","baseKeyType":1,"closed":1690523984424,"used":1690523981952,"created":1690523981952,"remoteIdentityKey":"BdAptp6IFR6NEOG+ju+APZcjmDg+AogXi/oVwXK8cds1"},"_chains":{"Bc3M/rxmevcEWLHdwRN2Wf8mGfajLFwalyXwAywTscl4":{"chainKey":{"counter":0,"key":"L4UABKwES/LoL6BvAFk2SlONImiuv5s7fKBBU5fCCyk="},"chainType":1,"messageKeys":{}}},"pendingPreKey":{"signedKeyId":0,"baseKey":"BdUUsevftLMaMjxUBwZNzEF114E1MzuClq52J2NECtZA","preKeyId":16354470}},"BfGUspilaPuSOaDxz1mrY+H6w58hO/kj7Ul7vQpigCZy":{"registrationId":1605146238,"currentRatchet":{"ephemeralKeyPair":{"pubKey":"BTztduEW56EflHl7YzC4szEeJhwN8bd9/D3o34rIwJ4t","privKey":"UIKx4cyy3gUHB8HYplb2qsAKqpkxsXaOw/EiQA46r2s="},"lastRemoteEphemeralKey":"BRh37swFpXM0M8FsfGVqWMq3k79sD5Eo+s+MIu05dQ1F","previousCounter":0,"rootKey":"o9skqrcjMbU1pVKAcxcWbA8RaXi1bWICOQMIWc4Yi9A="},"indexInfo":{"baseKey":"BfGUspilaPuSOaDxz1mrY+H6w58hO/kj7Ul7vQpigCZy","baseKeyType":1,"closed":1690523986961,"used":1690523984412,"created":1690523984412,"remoteIdentityKey":"BdAptp6IFR6NEOG+ju+APZcjmDg+AogXi/oVwXK8cds1"},"_chains":{"BTztduEW56EflHl7YzC4szEeJhwN8bd9/D3o34rIwJ4t":{"chainKey":{"counter":0,"key":"4jd2T33J+8TaaHajLuYiSe7BDysX72vmKEabWHIoAiM="},"chainType":1,"messageKeys":{}}},"pendingPreKey":{"signedKeyId":0,"baseKey":"BfGUspilaPuSOaDxz1mrY+H6w58hO/kj7Ul7vQpigCZy","preKeyId":16353883}},"Be1RV0FCgqnQ3vMEIO52bDRi60lu1A54m0/SBg8+Bxgr":{"registrationId":1605146238,"currentRatchet":{"ephemeralKeyPair":{"pubKey":"BS+Og0sosBawbPRFHnT0mGphP6rha9/J9yEQ+6/nbcgD","privKey":"eFEKZPInY3eZwVvBJe1JuKxEShkL4bjkSRS+CQME/2U="},"lastRemoteEphemeralKey":"BRh37swFpXM0M8FsfGVqWMq3k79sD5Eo+s+MIu05dQ1F","previousCounter":0,"rootKey":"EMaVuak6b08Cuv/mxaVx6GaGUch2MIMHOAc0Ll51t/g="},"indexInfo":{"baseKey":"Be1RV0FCgqnQ3vMEIO52bDRi60lu1A54m0/SBg8+Bxgr","baseKeyType":1,"closed":1690523989273,"used":1690523986953,"created":1690523986953,"remoteIdentityKey":"BdAptp6IFR6NEOG+ju+APZcjmDg+AogXi/oVwXK8cds1"},"_chains":{"BS+Og0sosBawbPRFHnT0mGphP6rha9/J9yEQ+6/nbcgD":{"chainKey":{"counter":0,"key":"qQ2zPjJoHAEZoYaW2lKedkEPTIXw7B5xGnDOrr49Mx0="},"chainType":1,"messageKeys":{}}},"pendingPreKey":{"signedKeyId":0,"baseKey":"Be1RV0FCgqnQ3vMEIO52bDRi60lu1A54m0/SBg8+Bxgr","preKeyId":16353880}},"BXniOkoX6PagS1A6QeL7zyTwgRtDfUBRhA12VaSSFQo5":{"registrationId":1605146238,"currentRatchet":{"ephemeralKeyPair":{"pubKey":"BZtgL1V6W/tSmiHPQYuVMCgp9Lrwys7NhoFsed5leyZx","privKey":"AGoAoAurwIWbTD06PS2xqprfq0jrVycMWToj/auKbVE="},"lastRemoteEphemeralKey":"BRh37swFpXM0M8FsfGVqWMq3k79sD5Eo+s+MIu05dQ1F","previousCounter":0,"rootKey":"5EPzQwdR2i2UIqIr0KQMH3kVITOxuRHNEyLctiPQSF8="},"indexInfo":{"baseKey":"BXniOkoX6PagS1A6QeL7zyTwgRtDfUBRhA12VaSSFQo5","baseKeyType":1,"closed":1690523991635,"used":1690523989263,"created":1690523989263,"remoteIdentityKey":"BdAptp6IFR6NEOG+ju+APZcjmDg+AogXi/oVwXK8cds1"},"_chains":{"BZtgL1V6W/tSmiHPQYuVMCgp9Lrwys7NhoFsed5leyZx":{"chainKey":{"counter":0,"key":"ckIkjUyS4p9WQvs3hG+J7Z5ohyLA0UpYv9y1PFmJMVA="},"chainType":1,"messageKeys":{}}},"pendingPreKey":{"signedKeyId":0,"baseKey":"BXniOkoX6PagS1A6QeL7zyTwgRtDfUBRhA12VaSSFQo5","preKeyId":16353793}},"BciIwI4QE2gjHc/1XhVcMabxoN6Q/C0JNRFOD1HGkW0B":{"registrationId":1605146238,"currentRatchet":{"ephemeralKeyPair":{"pubKey":"BXgYrYiYcwYmHFOCnLVGqifn5ICtKb04i2cv1G1XR6kp","privKey":"WAT3ks8WUObDqmqsFg8TQC2fAIq67LYsSGCDFjdfa1Q="},"lastRemoteEphemeralKey":"BRh37swFpXM0M8FsfGVqWMq3k79sD5Eo+s+MIu05dQ1F","previousCounter":0,"rootKey":"NEdvnAWxFn5qDuCdLxKLh+BILNM3a+czf4XyK4+r4a0="},"indexInfo":{"baseKey":"BciIwI4QE2gjHc/1XhVcMabxoN6Q/C0JNRFOD1HGkW0B","baseKeyType":1,"closed":1690523994001,"used":1690523991628,"created":1690523991628,"remoteIdentityKey":"BdAptp6IFR6NEOG+ju+APZcjmDg+AogXi/oVwXK8cds1"},"_chains":{"BXgYrYiYcwYmHFOCnLVGqifn5ICtKb04i2cv1G1XR6kp":{"chainKey":{"counter":0,"key":"6Upn0T4u7qOrpGwYBitfryQcwLQQ0EJkzUyUwdh+/GQ="},"chainType":1,"messageKeys":{}}},"pendingPreKey":{"signedKeyId":0,"baseKey":"BciIwI4QE2gjHc/1XhVcMabxoN6Q/C0JNRFOD1HGkW0B","preKeyId":16354437}},"Bbyx7eICfNshfq3Tg5NiRcnMNRyYPQnnmFn7deEEdipL":{"registrationId":1605146238,"currentRatchet":{"ephemeralKeyPair":{"pubKey":"Bc2tB6DXbXcnArccBo6mqDov6OGbazkKzuoBrNBfiNZi","privKey":"OBNlnR5VzeQr3pAsJTVb9M6e9vD35/7ztkbs5Em9JmQ="},"lastRemoteEphemeralKey":"BRh37swFpXM0M8FsfGVqWMq3k79sD5Eo+s+MIu05dQ1F","previousCounter":0,"rootKey":"Zz+q3X2mV/RpKWN/gzjjiHuLC+Or+T1+krmWZexuXsY="},"indexInfo":{"baseKey":"Bbyx7eICfNshfq3Tg5NiRcnMNRyYPQnnmFn7deEEdipL","baseKeyType":1,"closed":1690523996219,"used":1690523993992,"created":1690523993992,"remoteIdentityKey":"BdAptp6IFR6NEOG+ju+APZcjmDg+AogXi/oVwXK8cds1"},"_chains":{"Bc2tB6DXbXcnArccBo6mqDov6OGbazkKzuoBrNBfiNZi":{"chainKey":{"counter":0,"key":"hXTn/O5hNSgAwrmmG0WvDpBXAUoDAWdptdT0Wm0J/NI="},"chainType":1,"messageKeys":{}}},"pendingPreKey":{"signedKeyId":0,"baseKey":"Bbyx7eICfNshfq3Tg5NiRcnMNRyYPQnnmFn7deEEdipL","preKeyId":16354522}},"BWFVp9bqi+llpZjYuajJFuTN1XCOJBt9SvEnBTXtCC1c":{"registrationId":1605146238,"currentRatchet":{"ephemeralKeyPair":{"pubKey":"BSUC1z3xzZ/oBKCrv915r0txJSpB12vw6G9YvdctQBUq","privKey":"2PP0H+4MgoM2zl1ji0qkNDsfba87W7AJLYQ+0hq/rnw="},"lastRemoteEphemeralKey":"BRh37swFpXM0M8FsfGVqWMq3k79sD5Eo+s+MIu05dQ1F","previousCounter":0,"rootKey":"Xrg2fbljAL+yLiNNi6Wr2Ry4kteis/qjgRU6YACtocY="},"indexInfo":{"baseKey":"BWFVp9bqi+llpZjYuajJFuTN1XCOJBt9SvEnBTXtCC1c","baseKeyType":1,"closed":1690523998748,"used":1690523996212,"created":1690523996212,"remoteIdentityKey":"BdAptp6IFR6NEOG+ju+APZcjmDg+AogXi/oVwXK8cds1"},"_chains":{"BSUC1z3xzZ/oBKCrv915r0txJSpB12vw6G9YvdctQBUq":{"chainKey":{"counter":0,"key":"2yHU7yXdFm2eHXB4dwVA078DSg2N8aSfDjDkpKy5Ifg="},"chainType":1,"messageKeys":{}}},"pendingPreKey":{"signedKeyId":0,"baseKey":"BWFVp9bqi+llpZjYuajJFuTN1XCOJBt9SvEnBTXtCC1c","preKeyId":16353854}},"BcJC2/8e2LqoI88K5FUVebQLnrYkriJr3AV+zFFV5rdc":{"registrationId":1605146238,"currentRatchet":{"ephemeralKeyPair":{"pubKey":"BR+td9qNK1R23c4o8p7IO2l0q6yN/eg2gW6a0d0vVc0z","privKey":"KCTOQze92Cpif9QfInxAZqhNE4uPXQqQK2veFidZqnY="},"lastRemoteEphemeralKey":"BRh37swFpXM0M8FsfGVqWMq3k79sD5Eo+s+MIu05dQ1F","previousCounter":0,"rootKey":"H7opOlF2t9fddTvCg2f+WrgY02ZcaoDd9zxuvTuWEHo="},"indexInfo":{"baseKey":"BcJC2/8e2LqoI88K5FUVebQLnrYkriJr3AV+zFFV5rdc","baseKeyType":1,"closed":1690524001106,"used":1690523998742,"created":1690523998742,"remoteIdentityKey":"BdAptp6IFR6NEOG+ju+APZcjmDg+AogXi/oVwXK8cds1"},"_chains":{"BR+td9qNK1R23c4o8p7IO2l0q6yN/eg2gW6a0d0vVc0z":{"chainKey":{"counter":0,"key":"z3G3EHG3OuctHna9YwrMO48WOcbfvghS0P2BfT2iEic="},"chainType":1,"messageKeys":{}}},"pendingPreKey":{"signedKeyId":0,"baseKey":"BcJC2/8e2LqoI88K5FUVebQLnrYkriJr3AV+zFFV5rdc","preKeyId":16354525}},"BeyS5GTZZR/9EOo7Ynxu/J9firm/euWgku/qCkZ0K54z":{"registrationId":1605146238,"currentRatchet":{"ephemeralKeyPair":{"pubKey":"BbjRsvKcuRJ+VW2MpZqY2ucNlZU8sLn2oJmpnX1lzFJV","privKey":"MJ3MrKv5Ng/MbY1L6nQFkMW0e4MkdIe8grf2bwCUZ0k="},"lastRemoteEphemeralKey":"BRh37swFpXM0M8FsfGVqWMq3k79sD5Eo+s+MIu05dQ1F","previousCounter":0,"rootKey":"kj874v0MSaCVlElDT5b0JlHwhs7zHro/1EeYg032wio="},"indexInfo":{"baseKey":"BeyS5GTZZR/9EOo7Ynxu/J9firm/euWgku/qCkZ0K54z","baseKeyType":1,"closed":1690524003698,"used":1690524001098,"created":1690524001098,"remoteIdentityKey":"BdAptp6IFR6NEOG+ju+APZcjmDg+AogXi/oVwXK8cds1"},"_chains":{"BbjRsvKcuRJ+VW2MpZqY2ucNlZU8sLn2oJmpnX1lzFJV":{"chainKey":{"counter":0,"key":"kNEM3KyuNJghX21hQ+Tu0l9voV2yD3/A7B9raa+vifs="},"chainType":1,"messageKeys":{}}},"pendingPreKey":{"signedKeyId":0,"baseKey":"BeyS5GTZZR/9EOo7Ynxu/J9firm/euWgku/qCkZ0K54z","preKeyId":16354418}},"BcOb36H2CCh3IrgX0tT1NH54xjKIqnLPqp54A60P9rt9":{"registrationId":1605146238,"currentRatchet":{"ephemeralKeyPair":{"pubKey":"BVK7Im+4FzFUXZDBsPDAoy7KYmgLVrTT+MQjMN0IgIMC","privKey":"eCiV0E+pYZjf/mbkVxmRiVXnXGTH4Z+2IUr+AwGwYkk="},"lastRemoteEphemeralKey":"BRh37swFpXM0M8FsfGVqWMq3k79sD5Eo+s+MIu05dQ1F","previousCounter":0,"rootKey":"aBHgsiJc4S3tnjP1IqeSmEhSpnm3EY/0Gyvy9eImxHA="},"indexInfo":{"baseKey":"BcOb36H2CCh3IrgX0tT1NH54xjKIqnLPqp54A60P9rt9","baseKeyType":1,"closed":1690524006326,"used":1690524003688,"created":1690524003688,"remoteIdentityKey":"BdAptp6IFR6NEOG+ju+APZcjmDg+AogXi/oVwXK8cds1"},"_chains":{"BVK7Im+4FzFUXZDBsPDAoy7KYmgLVrTT+MQjMN0IgIMC":{"chainKey":{"counter":0,"key":"oebqWphuc+aD9/PRTq7urn2T5j7HHrkrIrp/ABz9jdA="},"chainType":1,"messageKeys":{}}},"pendingPreKey":{"signedKeyId":0,"baseKey":"BcOb36H2CCh3IrgX0tT1NH54xjKIqnLPqp54A60P9rt9","preKeyId":16353772}},"BeUuaYdqSyJnVTsGbMPhuNt5rwzQHdfmYBJJa4DnaiI8":{"registrationId":1605146238,"currentRatchet":{"ephemeralKeyPair":{"pubKey":"BUiGMYqHUU/MuEAOmieFUm7Lqg+YCzbIH45oWaTn7Bw4","privKey":"YPlov6biyAbIIgneojg/+t3AsjJyxKWzJKEnXTZ6U34="},"lastRemoteEphemeralKey":"BRh37swFpXM0M8FsfGVqWMq3k79sD5Eo+s+MIu05dQ1F","previousCounter":0,"rootKey":"DQdql04a8oanTB0364csh2t1KpdH+ZiGMRrP6++ViLs="},"indexInfo":{"baseKey":"BeUuaYdqSyJnVTsGbMPhuNt5rwzQHdfmYBJJa4DnaiI8","baseKeyType":1,"closed":1690524009058,"used":1690524006318,"created":1690524006318,"remoteIdentityKey":"BdAptp6IFR6NEOG+ju+APZcjmDg+AogXi/oVwXK8cds1"},"_chains":{"BUiGMYqHUU/MuEAOmieFUm7Lqg+YCzbIH45oWaTn7Bw4":{"chainKey":{"counter":0,"key":"j9i6penj+LWiezozrcZrWbM5y46Kbmtun+tOs3W3Dig="},"chainType":1,"messageKeys":{}}},"pendingPreKey":{"signedKeyId":0,"baseKey":"BeUuaYdqSyJnVTsGbMPhuNt5rwzQHdfmYBJJa4DnaiI8","preKeyId":16353947}},"BR91KGMajNt2Fo/i8B5NBUoPQ7BQay8u6MJPWBf5WkUa":{"registrationId":1605146238,"currentRatchet":{"ephemeralKeyPair":{"pubKey":"BSET3oV+/P1oiSKBCXE8MnQGlZjkLKcLPC79mRDfPrFx","privKey":"eNRy7REgUZ6Ry0EQ+pKTaNZ3Z2E/0KCdP+6EW/cPy1Q="},"lastRemoteEphemeralKey":"BRh37swFpXM0M8FsfGVqWMq3k79sD5Eo+s+MIu05dQ1F","previousCounter":0,"rootKey":"L2IjBkchCRO5PVOXLjjsNO7n2hc14tdOaOBqC91xTAE="},"indexInfo":{"baseKey":"BR91KGMajNt2Fo/i8B5NBUoPQ7BQay8u6MJPWBf5WkUa","baseKeyType":1,"closed":1690524011754,"used":1690524009026,"created":1690524009026,"remoteIdentityKey":"BdAptp6IFR6NEOG+ju+APZcjmDg+AogXi/oVwXK8cds1"},"_chains":{"BSET3oV+/P1oiSKBCXE8MnQGlZjkLKcLPC79mRDfPrFx":{"chainKey":{"counter":0,"key":"+lPXkc0kSH4s/BSpSQnHW+4ebWLWeT1KPKwyM15MAYA="},"chainType":1,"messageKeys":{}}},"pendingPreKey":{"signedKeyId":0,"baseKey":"BR91KGMajNt2Fo/i8B5NBUoPQ7BQay8u6MJPWBf5WkUa","preKeyId":16354397}},"BcLvAbuZ6neas+mFHqWUf0MtZHLTEB8FVRC4b6rtvrM+":{"registrationId":1605146238,"currentRatchet":{"ephemeralKeyPair":{"pubKey":"BXAQ+9Ht4G+3IAnnR63dDwN5LksJp4oKP6cYYWTjLCtB","privKey":"UDrQRDu2AuRv1oI6+DgiEgUNrO9b9ps+DH2AOwAf2GE="},"lastRemoteEphemeralKey":"BRh37swFpXM0M8FsfGVqWMq3k79sD5Eo+s+MIu05dQ1F","previousCounter":0,"rootKey":"E6hFTzUYyz6ff/MS6hyIjnQQSqgww2wIewGy3i5B5bs="},"indexInfo":{"baseKey":"BcLvAbuZ6neas+mFHqWUf0MtZHLTEB8FVRC4b6rtvrM+","baseKeyType":1,"closed":1690524014768,"used":1690524011690,"created":1690524011690,"remoteIdentityKey":"BdAptp6IFR6NEOG+ju+APZcjmDg+AogXi/oVwXK8cds1"},"_chains":{"BXAQ+9Ht4G+3IAnnR63dDwN5LksJp4oKP6cYYWTjLCtB":{"chainKey":{"counter":0,"key":"lipP/sbi8XVXjbPhMMxPVYwKYEZbmrtPrHM35Hah2+M="},"chainType":1,"messageKeys":{}}},"pendingPreKey":{"signedKeyId":0,"baseKey":"BcLvAbuZ6neas+mFHqWUf0MtZHLTEB8FVRC4b6rtvrM+","preKeyId":16354543}},"BSz6GXZeEXLt933luQ7Rb54CPWzu/+y1Eu0VznTCNsl3":{"registrationId":1605146238,"currentRatchet":{"ephemeralKeyPair":{"pubKey":"BYAkAQjWoQKoLk3cdSNKRy17eAQOFeCz0l31mQVI0nJ5","privKey":"SMKf1vDXDzWPy4ThFJhvba+dHxaMVqF3TrOIV+vaF1Q="},"lastRemoteEphemeralKey":"BRh37swFpXM0M8FsfGVqWMq3k79sD5Eo+s+MIu05dQ1F","previousCounter":0,"rootKey":"SK6cc38wfGTKgCpIcuhc9ivJVBfSGnpde+XQcniykpo="},"indexInfo":{"baseKey":"BSz6GXZeEXLt933luQ7Rb54CPWzu/+y1Eu0VznTCNsl3","baseKeyType":1,"closed":1690524017295,"used":1690524014750,"created":1690524014750,"remoteIdentityKey":"BdAptp6IFR6NEOG+ju+APZcjmDg+AogXi/oVwXK8cds1"},"_chains":{"BYAkAQjWoQKoLk3cdSNKRy17eAQOFeCz0l31mQVI0nJ5":{"chainKey":{"counter":0,"key":"jq81Yty9ZxzuZbDFGe7Y5jkihykZ81f3CFeYRgugeBU="},"chainType":1,"messageKeys":{}}},"pendingPreKey":{"signedKeyId":0,"baseKey":"BSz6GXZeEXLt933luQ7Rb54CPWzu/+y1Eu0VznTCNsl3","preKeyId":16354464}},"BUF0Gj3KYI6yQM0sXlKjNsXFMfuGxyubFaRj+CAnMAcn":{"registrationId":1605146238,"currentRatchet":{"ephemeralKeyPair":{"pubKey":"BTZWvgc/FlClvorp6jxvXQq78cHg3V0h54EjMduRzkBO","privKey":"UKD38MrhqTXG7PaOONSioItO+TG+r6cYUFJGHzp8O3w="},"lastRemoteEphemeralKey":"BRh37swFpXM0M8FsfGVqWMq3k79sD5Eo+s+MIu05dQ1F","previousCounter":0,"rootKey":"haqtc9UEl8KbCaQuNoQMexZJ5hq3cOKIt0SyndUJaNQ="},"indexInfo":{"baseKey":"BUF0Gj3KYI6yQM0sXlKjNsXFMfuGxyubFaRj+CAnMAcn","baseKeyType":1,"closed":1690524020178,"used":1690524017273,"created":1690524017273,"remoteIdentityKey":"BdAptp6IFR6NEOG+ju+APZcjmDg+AogXi/oVwXK8cds1"},"_chains":{"BTZWvgc/FlClvorp6jxvXQq78cHg3V0h54EjMduRzkBO":{"chainKey":{"counter":0,"key":"5xphiBbtXxL2jETytPl4DrGcADm2gIqGfb4FJ61hGVs="},"chainType":1,"messageKeys":{}}},"pendingPreKey":{"signedKeyId":0,"baseKey":"BUF0Gj3KYI6yQM0sXlKjNsXFMfuGxyubFaRj+CAnMAcn","preKeyId":16354550}},"BWAmR/dOVzhE9wWCt6+1QMBNRpKXNCfqVaVxCZDkxuEj":{"registrationId":1605146238,"currentRatchet":{"ephemeralKeyPair":{"pubKey":"BXxrmqG1yl39p+J7Wj2/jvKrShueZ3v3MVUXBnN+hTwF","privKey":"OJTDSo8ozqK8x7SaXwBWBoeNdNH+BNVldvStp7flamk="},"lastRemoteEphemeralKey":"BRh37swFpXM0M8FsfGVqWMq3k79sD5Eo+s+MIu05dQ1F","previousCounter":0,"rootKey":"mPb6iFdPY+En0SmhhmaARmEcGpfJLq5fHp4WURN2H7c="},"indexInfo":{"baseKey":"BWAmR/dOVzhE9wWCt6+1QMBNRpKXNCfqVaVxCZDkxuEj","baseKeyType":1,"closed":1690524022941,"used":1690524020151,"created":1690524020151,"remoteIdentityKey":"BdAptp6IFR6NEOG+ju+APZcjmDg+AogXi/oVwXK8cds1"},"_chains":{"BXxrmqG1yl39p+J7Wj2/jvKrShueZ3v3MVUXBnN+hTwF":{"chainKey":{"counter":0,"key":"jua/wmYPVuVulC/KLORK9Rr9dh20VTQ3kGCOxWUEevA="},"chainType":1,"messageKeys":{}}},"pendingPreKey":{"signedKeyId":0,"baseKey":"BWAmR/dOVzhE9wWCt6+1QMBNRpKXNCfqVaVxCZDkxuEj","preKeyId":16354326}},"BfbmWbGfx/DMrH/ozHOoJyaoEjgMFlzEihTKhq4e5t0W":{"registrationId":1605146238,"currentRatchet":{"ephemeralKeyPair":{"pubKey":"BeSReKJK1v8dqY0fbPhOZjCsATlM2wggS0TaEfcpT6VE","privKey":"WG7RWGVjhTrei7n4vx2k6+goZIzB2dykEBfGeijch1k="},"lastRemoteEphemeralKey":"BRh37swFpXM0M8FsfGVqWMq3k79sD5Eo+s+MIu05dQ1F","previousCounter":0,"rootKey":"rP97uZy+TPctiOHVn/WWrbzQEaP+cgbsNiOGAb+3RPk="},"indexInfo":{"baseKey":"BfbmWbGfx/DMrH/ozHOoJyaoEjgMFlzEihTKhq4e5t0W","baseKeyType":1,"closed":1690524025652,"used":1690524022913,"created":1690524022913,"remoteIdentityKey":"BdAptp6IFR6NEOG+ju+APZcjmDg+AogXi/oVwXK8cds1"},"_chains":{"BeSReKJK1v8dqY0fbPhOZjCsATlM2wggS0TaEfcpT6VE":{"chainKey":{"counter":0,"key":"B3jJnQtXnCbYXlPDirX/I+TWUMILf4lX6frqJmaTx7k="},"chainType":1,"messageKeys":{}}},"pendingPreKey":{"signedKeyId":0,"baseKey":"BfbmWbGfx/DMrH/ozHOoJyaoEjgMFlzEihTKhq4e5t0W","preKeyId":16354508}},"BTKwuphS1gRd1eycmUi2hmTvUWPWEwmzj6izToCG3k4o":{"registrationId":1605146238,"currentRatchet":{"ephemeralKeyPair":{"pubKey":"BQrM3vKFfcjcmjp+myopUQjTAdVHHEariDG10FCejlt/","privKey":"6B2rOMC1S4rjAOgttezTON0Lec+yR3jZfh1KKxK4tlY="},"lastRemoteEphemeralKey":"BRh37swFpXM0M8FsfGVqWMq3k79sD5Eo+s+MIu05dQ1F","previousCounter":0,"rootKey":"XAbtQ731FnfBoMkBtngLf7HRwUv/NokcybkSEqChIeg="},"indexInfo":{"baseKey":"BTKwuphS1gRd1eycmUi2hmTvUWPWEwmzj6izToCG3k4o","baseKeyType":1,"closed":1690524028589,"used":1690524025622,"created":1690524025622,"remoteIdentityKey":"BdAptp6IFR6NEOG+ju+APZcjmDg+AogXi/oVwXK8cds1"},"_chains":{"BQrM3vKFfcjcmjp+myopUQjTAdVHHEariDG10FCejlt/":{"chainKey":{"counter":0,"key":"vN0rdYv1sfeQeqAVHIQGuwm/+b8d0ZpF9YmC4FD+OTw="},"chainType":1,"messageKeys":{}}},"pendingPreKey":{"signedKeyId":0,"baseKey":"BTKwuphS1gRd1eycmUi2hmTvUWPWEwmzj6izToCG3k4o","preKeyId":16353919}},"BUCaA8Ef+aq1OUVkcfg5piEBza5Xtltyr356P536YQcI":{"registrationId":1605146238,"currentRatchet":{"ephemeralKeyPair":{"pubKey":"BeOLjpcoH3+x8K/agIuM5yoob8FkS0wbBvT9Lg/R+9dd","privKey":"AFKSGLYBkm/JSIeoIRHYkOFbJfSwvYYZdHZ003lD+28="},"lastRemoteEphemeralKey":"BRh37swFpXM0M8FsfGVqWMq3k79sD5Eo+s+MIu05dQ1F","previousCounter":0,"rootKey":"LW6NJJrZOfXyCyyi9rYTlHy8x/ZOUcxLPGutYmGKytA="},"indexInfo":{"baseKey":"BUCaA8Ef+aq1OUVkcfg5piEBza5Xtltyr356P536YQcI","baseKeyType":1,"closed":1690524031028,"used":1690524028564,"created":1690524028564,"remoteIdentityKey":"BdAptp6IFR6NEOG+ju+APZcjmDg+AogXi/oVwXK8cds1"},"_chains":{"BeOLjpcoH3+x8K/agIuM5yoob8FkS0wbBvT9Lg/R+9dd":{"chainKey":{"counter":0,"key":"J1Fyq5M+o1EAse2799UXD+Dy2smrcRD/9crAnz5wSxg="},"chainType":1,"messageKeys":{}}},"pendingPreKey":{"signedKeyId":0,"baseKey":"BUCaA8Ef+aq1OUVkcfg5piEBza5Xtltyr356P536YQcI","preKeyId":16354343}},"BdM6KKJO7OuArKopyK/mtPcliOz5lCsWxjTdnykBcjIW":{"registrationId":1605146238,"currentRatchet":{"ephemeralKeyPair":{"pubKey":"BbRn0tRArW373Enj3CIYnqWLTF7QTH70Dsht2IpM/Ftq","privKey":"WAn9mroiUJyHOtzeYnP2r4RCqMSyqzz+Bz/6k+WdnUI="},"lastRemoteEphemeralKey":"BRh37swFpXM0M8FsfGVqWMq3k79sD5Eo+s+MIu05dQ1F","previousCounter":0,"rootKey":"xossDRR4Soib3otZWBa+CGwRDvkLDLAb63U2fptGLeU="},"indexInfo":{"baseKey":"BdM6KKJO7OuArKopyK/mtPcliOz5lCsWxjTdnykBcjIW","baseKeyType":1,"closed":-1,"used":1690524031007,"created":1690524031007,"remoteIdentityKey":"BdAptp6IFR6NEOG+ju+APZcjmDg+AogXi/oVwXK8cds1"},"_chains":{"BbRn0tRArW373Enj3CIYnqWLTF7QTH70Dsht2IpM/Ftq":{"chainKey":{"counter":236,"key":"ihQpbRsjsa1/rtbwe28t2BUhhsGwSaq7I9BMt8jkYc0="},"chainType":1,"messageKeys":{}}},"pendingPreKey":{"signedKeyId":0,"baseKey":"BdM6KKJO7OuArKopyK/mtPcliOz5lCsWxjTdnykBcjIW","preKeyId":16354581}}},"version":"v1"}