{"_sessions":{"BbzGWneJhX7BVTmHbNLUR2bLvM1N6tEQZRACaMda9Vk8":{"registrationId":238487338,"currentRatchet":{"ephemeralKeyPair":{"pubKey":"BVzei9uUXtvF3qGLigw+/v0Iy8teDXzQgAUssNavkNE3","privKey":"gL+2Bj4Gj4EvhBXnDbelPfecIEJZ0bDHuIYdCzCNR1Y="},"lastRemoteEphemeralKey":"BUKQuhk+EglAVOg831B9fxumOTAjRgLiwSqQWnwXSIEk","previousCounter":0,"rootKey":"0c0T7nf1e2K0LSyAeOLT0eHzW/0K8U/f8O+8qyYqVhk="},"indexInfo":{"baseKey":"BbzGWneJhX7BVTmHbNLUR2bLvM1N6tEQZRACaMda9Vk8","baseKeyType":1,"closed":-1,"used":1690512846382,"created":1690512846382,"remoteIdentityKey":"BfWMGLCRjzx9M/MUUm1MDxHTFlU8EDH0gie6/Ub1DFli"},"_chains":{"BVzei9uUXtvF3qGLigw+/v0Iy8teDXzQgAUssNavkNE3":{"chainKey":{"counter":2,"key":"xast1YzHluGufXyCc1BpR8BhYcA7o+Lk+R/MwIN43Os="},"chainType":1,"messageKeys":{}}},"pendingPreKey":{"signedKeyId":5,"baseKey":"BbzGWneJhX7BVTmHbNLUR2bLvM1N6tEQZRACaMda9Vk8","preKeyId":2254274}}},"version":"v1"}