{"_sessions":{"Bf9qpewK71lBN1WQFkd1bCMyQ1yX6m7k80Htiy5ZBIRH":{"registrationId":138436843,"currentRatchet":{"ephemeralKeyPair":{"pubKey":"BfocPI0Ck2vKsPPluQ3cCahZEc9Ibo1S+WUDr1xyAKhj","privKey":"yNM8MwPCXFTUd015i5GZXu/rjXlVG/XafHudBNg7S0M="},"lastRemoteEphemeralKey":"BZbOApPeJoEDWolKYjDx6DJ8UJQVJfjy3mcPnAlsJnpV","previousCounter":0,"rootKey":"zF6GCf10jeQ1UgoVnlAUuN/8YdJSXtLnhmoSAHWVeng="},"indexInfo":{"baseKey":"Bf9qpewK71lBN1WQFkd1bCMyQ1yX6m7k80Htiy5ZBIRH","baseKeyType":1,"closed":-1,"used":1690512636271,"created":1690512636271,"remoteIdentityKey":"BVg0O8ZZ/yeeUFNL/Q5ptg0hp8XB1VqCFOc+OruSl0gr"},"_chains":{"BfocPI0Ck2vKsPPluQ3cCahZEc9Ibo1S+WUDr1xyAKhj":{"chainKey":{"counter":6,"key":"d+6wvM8REA0MALcd3v008rBxg/Aw+VPR1kSU/in6oyE="},"chainType":1,"messageKeys":{}}},"pendingPreKey":{"signedKeyId":7,"baseKey":"Bf9qpewK71lBN1WQFkd1bCMyQ1yX6m7k80Htiy5ZBIRH","preKeyId":14981242}}},"version":"v1"}