{"_sessions":{"BUCIk+VDcSsiQ+vJBFx83cUVvZF+vvdbH0p9OFhW340E":{"registrationId":1520211858,"currentRatchet":{"ephemeralKeyPair":{"pubKey":"BRkQGQxfiqsLgVuYUGRvp+WLK1QLYyIYx4KQ7rXbvngR","privKey":"aOlh75hF8B8Bna5AzqE7ZO1COoOLONOnu6OWwZ7tl1g="},"lastRemoteEphemeralKey":"BYy5ik4TnQQ5WPChTeSfXOL+UbtsNA8l9/qUSlSWSSFg","previousCounter":0,"rootKey":"6UWCRvbhyGPh3PDWqO01Ze8VsJx0P16fy8xsbBlhIj8="},"indexInfo":{"baseKey":"BUCIk+VDcSsiQ+vJBFx83cUVvZF+vvdbH0p9OFhW340E","baseKeyType":1,"closed":-1,"used":1690523856244,"created":1690523856244,"remoteIdentityKey":"BbFFoXFK/bELhS5y5cstteSk+NoE0NXY3RccfsNJOihO"},"_chains":{"BRkQGQxfiqsLgVuYUGRvp+WLK1QLYyIYx4KQ7rXbvngR":{"chainKey":{"counter":197,"key":"gpHMAiSqx/nMCZZBV4PIgM36FGtCqHfrjo1rh4cKhXY="},"chainType":1,"messageKeys":{}}},"pendingPreKey":{"signedKeyId":0,"baseKey":"BUCIk+VDcSsiQ+vJBFx83cUVvZF+vvdbH0p9OFhW340E"}}},"version":"v1"}