{"_sessions":{"BbKAiRfRAj3/rXvBg/IA89Z3wqkn77YM/nl5Wnwh96A3":{"registrationId":1301626239,"currentRatchet":{"ephemeralKeyPair":{"pubKey":"BQSaephhvjGN0Xx2bTWIxBUuh3ekTqVvj2nuJo/DXiN7","privKey":"WL+4MRFlWpTFKVLJqS6eDe0a9F6nyYiRlTroZtIqaWk="},"lastRemoteEphemeralKey":"BZsrq2zr8zWY/xqow1GwWc8N9RVF501r/AroDTwqNnAs","previousCounter":0,"rootKey":"XfeOwA+ILOHIxqQnPJfoJCK6TA//0W1m9wqh5kC1F+s="},"indexInfo":{"baseKey":"BbKAiRfRAj3/rXvBg/IA89Z3wqkn77YM/nl5Wnwh96A3","baseKeyType":1,"closed":-1,"used":1690523857650,"created":1690523857650,"remoteIdentityKey":"BZ8OnY9fM6kQf4oI7p0/xjAyfhyb3AoKwR6SlL9ZxON/"},"_chains":{"BQSaephhvjGN0Xx2bTWIxBUuh3ekTqVvj2nuJo/DXiN7":{"chainKey":{"counter":197,"key":"Aip9plcrzceEAWaCPZoTahZbVlBxMUm9xShUsiggvZA="},"chainType":1,"messageKeys":{}}},"pendingPreKey":{"signedKeyId":8,"baseKey":"BbKAiRfRAj3/rXvBg/IA89Z3wqkn77YM/nl5Wnwh96A3","preKeyId":16702769}}},"version":"v1"}