{"_sessions":{"BReq4wxwxnSd+h0IHXYNcUebs9J6qCebSaCnioFW9w8o":{"registrationId":1841776454,"currentRatchet":{"ephemeralKeyPair":{"pubKey":"Bd12Haf9McXPiSNDHCUN+F+D56P7UwaqtXj3W+pEAxQK","privKey":"mFYYER8u1B+6fzMiYZ+MDgnZVNaItnV119RCxzkjj2U="},"lastRemoteEphemeralKey":"BUOXnPVhN+5LAa/YbUqaQLbhGtIGfxXcL7868U9/BRVm","previousCounter":0,"rootKey":"Ar8cTV4TlHodtYOF92zssEdrKiX3asafsoi/vJeFAtk="},"indexInfo":{"baseKey":"BReq4wxwxnSd+h0IHXYNcUebs9J6qCebSaCnioFW9w8o","baseKeyType":1,"closed":-1,"used":1690523858247,"created":1690523858247,"remoteIdentityKey":"BW4BrnT3gq7KxJyYA8kppVuW6i1j7Q+NjmlwIca94qR7"},"_chains":{"Bd12Haf9McXPiSNDHCUN+F+D56P7UwaqtXj3W+pEAxQK":{"chainKey":{"counter":197,"key":"gKOgLxLq0BDmkyA6dtBAWlg2jCB6XXPDUMtV6bab2N8="},"chainType":1,"messageKeys":{}}},"pendingPreKey":{"signedKeyId":0,"baseKey":"BReq4wxwxnSd+h0IHXYNcUebs9J6qCebSaCnioFW9w8o"}}},"version":"v1"}