{"_sessions":{"BQ3bEMBEdWmRY8/57sIATNNlZnc2JmqGyDaPqa9wiM91":{"registrationId":16074,"currentRatchet":{"ephemeralKeyPair":{"pubKey":"BXH9+v0JJGIOj1Mi1khiqVZn5/tG639Tu08bS9uNgPhX","privKey":"YH0euppzYqEpC3k0YaSPWPqU4uOIyuVjciE803XkYnQ="},"lastRemoteEphemeralKey":"BWJGno6AAZs6vS2mlB8EQC52kkSyvAJ+5QLlrdtiwIAp","previousCounter":0,"rootKey":"NuyWsWbEwhFgwxg+0Nke7CtdZFEm2j6dQGunE7cdIgo="},"indexInfo":{"baseKey":"BQ3bEMBEdWmRY8/57sIATNNlZnc2JmqGyDaPqa9wiM91","baseKeyType":1,"closed":-1,"used":1690512846253,"created":1690512846253,"remoteIdentityKey":"BdYw+f3+IrhrBZJpFPi88Qg5Zq1bSVe8nnECDn6dvE1q"},"_chains":{"BXH9+v0JJGIOj1Mi1khiqVZn5/tG639Tu08bS9uNgPhX":{"chainKey":{"counter":2,"key":"XoYGmO5Tk0fQ3Hg1Ll3nB/Dqk+AApDoA0PQBse7J1ic="},"chainType":1,"messageKeys":{}}},"pendingPreKey":{"signedKeyId":1,"baseKey":"BQ3bEMBEdWmRY8/57sIATNNlZnc2JmqGyDaPqa9wiM91","preKeyId":957}}},"version":"v1"}