{"_sessions":{"BdXa+QCROglvOJjoZ/rPe0sUusZCLDeHY1GaJrWtgOMq":{"registrationId":1606747761,"currentRatchet":{"ephemeralKeyPair":{"pubKey":"BeHw6MOnK/Di8VXBlxOTcR8DPP0FWQleYBxp7HLstIRC","privKey":"CGX/W9Xd2AWEMvppHNHcA2aqEMDAbdEbr0OtqQ1n1mk="},"lastRemoteEphemeralKey":"Bcaed8PieMX9/p/dV/dFTXMRXSkdOr+tb6SaNluixJds","previousCounter":0,"rootKey":"vM4X/udg5uasdwXtGb40NTHKGa+/prpCEKNYsT5rYYs="},"indexInfo":{"baseKey":"BdXa+QCROglvOJjoZ/rPe0sUusZCLDeHY1GaJrWtgOMq","baseKeyType":1,"closed":-1,"used":1690512636183,"created":1690512636183,"remoteIdentityKey":"BeLJdrzVTYA2ug0PHHXkyMm+nWzzPp9BPCbPX7GdDg19"},"_chains":{"BeHw6MOnK/Di8VXBlxOTcR8DPP0FWQleYBxp7HLstIRC":{"chainKey":{"counter":124,"key":"JDyjn1sU9lR8ovom+PrjYxMiwb6rNvjBODrIRmfNbX0="},"chainType":1,"messageKeys":{}}},"pendingPreKey":{"signedKeyId":2,"baseKey":"BdXa+QCROglvOJjoZ/rPe0sUusZCLDeHY1GaJrWtgOMq","preKeyId":697812}}},"version":"v1"}