{"_sessions":{"BQAydB2F/smzhj+H2ag1fK6CyV6FF3tX8sFyNMmdP4VS":{"registrationId":574362208,"currentRatchet":{"ephemeralKeyPair":{"pubKey":"BaR7SKtga7B9PjnADrqFmq2M0ZqXivfXpGTMmnenARIN","privKey":"4OjV237HUXKntgJTsSWrlJC+QK/cquVjKN+mGuHMaVE="},"lastRemoteEphemeralKey":"Bex7MnA4+0HsM6W05EKLDlOhOUku1bdBPklMiI3GlShj","previousCounter":0,"rootKey":"2JrGue4T4jypvbzT4n6zSN8CgL8EQ4onas6BDP/gZts="},"indexInfo":{"baseKey":"BQAydB2F/smzhj+H2ag1fK6CyV6FF3tX8sFyNMmdP4VS","baseKeyType":1,"closed":-1,"used":1690523855858,"created":1690523855858,"remoteIdentityKey":"BYq8H77jrBZ+2rN7NP1YtqK4rxWr0IfqZ0wccpAMxoVx"},"_chains":{"BaR7SKtga7B9PjnADrqFmq2M0ZqXivfXpGTMmnenARIN":{"chainKey":{"counter":197,"key":"W0VXBVC8o7QdMM+P7o4t0/ojL496Us1vWrjEtV7GFBs="},"chainType":1,"messageKeys":{}}},"pendingPreKey":{"signedKeyId":1,"baseKey":"BQAydB2F/smzhj+H2ag1fK6CyV6FF3tX8sFyNMmdP4VS","preKeyId":3960558}}},"version":"v1"}