{"_sessions":{"BZGSsYC/2S8CsjoWC6pqFkADrpTf31ou4dBmYXVixEI0":{"registrationId":242,"currentRatchet":{"ephemeralKeyPair":{"pubKey":"BcjMe9O0YOhocbO9w48pptyk8dfbhqytJXyJbPV/ooxb","privKey":"SOHKu9nmyuqf5fr5qIrluOSBjcxqil3Zn6qFGu8cO2o="},"lastRemoteEphemeralKey":"Beib437XsmKamYx1+agRgU/jVT8c4gHNBJqJsKMJMdJv","previousCounter":0,"rootKey":"Y3LXoFG6oKn7/0Z4Ko0cPwUDsRTYZfBGqvm156SIwZs="},"indexInfo":{"baseKey":"BZGSsYC/2S8CsjoWC6pqFkADrpTf31ou4dBmYXVixEI0","baseKeyType":1,"closed":-1,"used":1690523855595,"created":1690523855595,"remoteIdentityKey":"BSGgVjAlV6bFn+b6gTfib5vasNAnEXvZ75jkBKqu4aAJ"},"_chains":{"BcjMe9O0YOhocbO9w48pptyk8dfbhqytJXyJbPV/ooxb":{"chainKey":{"counter":197,"key":"/qY7FLKqFYIBT/Ny9KpltWLK6HRnicjKthY9KQ91QB4="},"chainType":1,"messageKeys":{}}},"pendingPreKey":{"signedKeyId":1,"baseKey":"BZGSsYC/2S8CsjoWC6pqFkADrpTf31ou4dBmYXVixEI0"}}},"version":"v1"}