{"_sessions":{"BZ0qzvky890TVW3g0JBZunWmAW0k17iVtDlDVRq2RzZK":{"registrationId":573,"currentRatchet":{"ephemeralKeyPair":{"pubKey":"Bd5BqNusYyF+lgvBUrzSmm3JX2svl/RxSDzxxJcDMQY3","privKey":"oKFaLeV967H39xb8yIjJGe5QKtGf7WQ+AiQuI0elfVk="},"lastRemoteEphemeralKey":"Bb6Kvk8YSQTmAtDLi835fxJkCtSkkm++IPSscvnPvD5+","previousCounter":0,"rootKey":"zk+VcTRg+xvpGAhNCk8DSS09NXuFL0fUevzKTKUlp9g="},"indexInfo":{"baseKey":"BZ0qzvky890TVW3g0JBZunWmAW0k17iVtDlDVRq2RzZK","baseKeyType":1,"closed":-1,"used":1690532695690,"created":1690532695690,"remoteIdentityKey":"BVAQzyMBkEOvaN7m4eNwc/Ky8qGbaWI+bNSAgsVfWwkH"},"_chains":{"Bd5BqNusYyF+lgvBUrzSmm3JX2svl/RxSDzxxJcDMQY3":{"chainKey":{"counter":1,"key":"3/Fa1acN3oLexd9QZ92bSIT2NYuwhw7kJem6acdq4OQ="},"chainType":1,"messageKeys":{}}},"pendingPreKey":{"signedKeyId":1,"baseKey":"BZ0qzvky890TVW3g0JBZunWmAW0k17iVtDlDVRq2RzZK"}}},"version":"v1"}