{"_sessions":{"BWR0f0v+v/HsGjHZpZPz51nqVZd279mERj0+Jx/F0/Br":{"registrationId":698135264,"currentRatchet":{"ephemeralKeyPair":{"pubKey":"BRH21g/+hoGledEceWqqZr6sZwt+HGS0wjhyEmcQBstf","privKey":"0GaAZE4ivBVHqppoetOGs4465Z6BW3hvZ3bb9GwnL3I="},"lastRemoteEphemeralKey":"BdbuIsIDeFe+r8lM+dcA6II+U/VpWyBFJ1y2xLmASOhZ","previousCounter":0,"rootKey":"KtAJfi7afG8ouymufD9MFKAArU2zRRnzlFtnhUylpvo="},"indexInfo":{"baseKey":"BWR0f0v+v/HsGjHZpZPz51nqVZd279mERj0+Jx/F0/Br","baseKeyType":1,"closed":-1,"used":1690512847193,"created":1690512847193,"remoteIdentityKey":"BSklAg3Ti0tBL17Zm9pn4hyFANFn+m/k+fZX9cnjOtsz"},"_chains":{"BRH21g/+hoGledEceWqqZr6sZwt+HGS0wjhyEmcQBstf":{"chainKey":{"counter":2,"key":"Iy1h/gbrkAuTV7A3WaiBg2PSncEhheALkx42kLwl2QY="},"chainType":1,"messageKeys":{}}},"pendingPreKey":{"signedKeyId":6,"baseKey":"BWR0f0v+v/HsGjHZpZPz51nqVZd279mERj0+Jx/F0/Br","preKeyId":13468571}}},"version":"v1"}