{"_sessions":{"BSYMTi0Zl+BQWcrUWGHldqHnhv7HA4YNG77QXeb5pXVy":{"registrationId":456123787,"currentRatchet":{"ephemeralKeyPair":{"pubKey":"BfAjgmU1eqKj65t0VvHZ28abQyCeRIoZwfF8LU5bZNhO","privKey":"cCb1avHeOnyGPUyViX/3QXDOfPMA7bQEOXhyXlOJY2A="},"lastRemoteEphemeralKey":"BXe0pCCq8avbx3Y55hwPfcBR4esgnr9BZ0dmdhhXnDAv","previousCounter":76,"rootKey":"EwrtbkMIDL+rBnBo66myK9YuopysLrT88wN9X0kLaMM="},"indexInfo":{"baseKey":"BSYMTi0Zl+BQWcrUWGHldqHnhv7HA4YNG77QXeb5pXVy","baseKeyType":2,"closed":-1,"used":1690532042435,"created":1690516442659,"remoteIdentityKey":"BfMpzvb6L5AM7MhMh1bCZ+XKUfCWvrAej+wqIkbs1M1X"},"_chains":{"BSdUT2fWe7fYkOl8ILKwW4VbUJ5iVnqfwY0168OHwQtC":{"chainKey":{"counter":6},"chainType":2,"messageKeys":{"0":"77A4aR2U2S3zQbiVR9ZGI1oQ7/flXKLfdAF+tQtQTrE=","1":"XYEfwhjibETcUbvoZuMKN6Lcj5KbwUsMDS5z9iFU1Qw=","2":"j3nV4EYQ+xbRp/6CCJ6yuhrpxoK0dOWLNQWMdSSkQok=","3":"wZOMWuS35Gbi3PPnHXDn8yoe1hUC+1WICosTSCyCqJw=","4":"BzDYMXRv/Oa1URBpb1zqlixyUAdEyBZLlLd2zbJ8kjU=","5":"KvKSOF9chmyzlGd5Fh0oWqhmZ1wt3yGJOHyLcnavMT8="}},"BXe0pCCq8avbx3Y55hwPfcBR4esgnr9BZ0dmdhhXnDAv":{"chainKey":{"counter":2,"key":"8NiRNgae03E37/WDeZ84LZjpzqIXB8bAQqOWMnp27YI="},"chainType":2,"messageKeys":{"1":"Cqosj/Xjh9pq4KFhtEdgw9/FgXKPqXtgpVt2hh4+Uqw="}},"BfAjgmU1eqKj65t0VvHZ28abQyCeRIoZwfF8LU5bZNhO":{"chainKey":{"counter":120,"key":"RUoCUTAzicKM07K7/8lpxP1AYtAThabyL3esxj96Rvk="},"chainType":1,"messageKeys":{}}}}},"version":"v1"}