{"_sessions":{"BUkX+7Xm/q2VaA9igkpasElq1B3rhOM41DTU1Md761Ux":{"registrationId":1850425752,"currentRatchet":{"ephemeralKeyPair":{"pubKey":"BVIDza3gndtShLKuAFmbKcZU6YUOCFKGlPosiydddIo4","privKey":"4NqCa4y0lO7yxsnYrVurJZBaq8bS7JIIhvMCtp6gxVU="},"lastRemoteEphemeralKey":"BZhW2CBlEdSwxoJXqzGjo8ZWVi2i9mw45LPzelUFVyc8","previousCounter":0,"rootKey":"K0ggQIIMIVgj3+rCV1JtheuOKQFBE9QdxLlWuwLrI98="},"indexInfo":{"baseKey":"BUkX+7Xm/q2VaA9igkpasElq1B3rhOM41DTU1Md761Ux","baseKeyType":1,"closed":-1,"used":1690523856121,"created":1690523856121,"remoteIdentityKey":"BdOdzOQBtr8bKs2Pt/46FUZLrkPG4zH54dMqeDTzS5t5"},"_chains":{"BVIDza3gndtShLKuAFmbKcZU6YUOCFKGlPosiydddIo4":{"chainKey":{"counter":197,"key":"DvdFPEejDWRs5aZ0GgsK8NHZb1HBKlqrZI6aZBJc+q0="},"chainType":1,"messageKeys":{}}},"pendingPreKey":{"signedKeyId":2,"baseKey":"BUkX+7Xm/q2VaA9igkpasElq1B3rhOM41DTU1Md761Ux"}}},"version":"v1"}