{"_sessions":{"BbvbcPmxuh/4CgkpCZs3MQhdf4/RGuVBcK0a6YF5t1c9":{"registrationId":1412492739,"currentRatchet":{"ephemeralKeyPair":{"pubKey":"BYNKvCY+H9T/vOvxx3qnCYgMkthHRfQGUzsy+1b91sw/","privKey":"QDqM4fbpPaAzsk8KX8JBOp/NX2TQQfT7wAtad/DGllw="},"lastRemoteEphemeralKey":"BdraKjK9Sq414XMbBHDWiQ/RULV74ojpczAExfveNkNM","previousCounter":0,"rootKey":"V7zXRm3Pb+NkOJYguX07n0On8oO5lht1NNsWuvL0gqk="},"indexInfo":{"baseKey":"BbvbcPmxuh/4CgkpCZs3MQhdf4/RGuVBcK0a6YF5t1c9","baseKeyType":1,"closed":-1,"used":1690523857874,"created":1690523857874,"remoteIdentityKey":"BRWlBi/MowLCUNKr1Bc0R/DuwG8AHHXFY8lUMnZra+9k"},"_chains":{"BYNKvCY+H9T/vOvxx3qnCYgMkthHRfQGUzsy+1b91sw/":{"chainKey":{"counter":197,"key":"0hHp/zTOEGTZ/nLqgZ3lMSNRb/A8rIpwz+qyN8A4j3I="},"chainType":1,"messageKeys":{}}},"pendingPreKey":{"signedKeyId":1,"baseKey":"BbvbcPmxuh/4CgkpCZs3MQhdf4/RGuVBcK0a6YF5t1c9"}}},"version":"v1"}