{"_sessions":{"BYQ35W8nKXauxstgtXnxTEZIK8W5CrC6i82aupVwg3Ja":{"registrationId":300711019,"currentRatchet":{"ephemeralKeyPair":{"pubKey":"BS2zA031LgB3xW6JeImGYCTqM0oxpWsPhCzU1XbdPBRv","privKey":"ePsJDlfNrxWAl8pjZ9YHvFhmFT9wSqHwtHNwsIMZiXw="},"lastRemoteEphemeralKey":"BVMLVrFb+tFSa+61sPehdqrzGkr4bGIEfhLSg+jJ4ysw","previousCounter":0,"rootKey":"/J+Ldm2q6bZTBJGv/HdvcYm1zul1IB4I93bx5Zv5jFk="},"indexInfo":{"baseKey":"BYQ35W8nKXauxstgtXnxTEZIK8W5CrC6i82aupVwg3Ja","baseKeyType":1,"closed":1690544324352,"used":1690523857507,"created":1690523857507,"remoteIdentityKey":"BYKjEIHRlesslENAD+U6DJ0o63t1/tctQIFlMSaNQt52"},"_chains":{"BS2zA031LgB3xW6JeImGYCTqM0oxpWsPhCzU1XbdPBRv":{"chainKey":{"counter":140,"key":"Z4GyGJaeg1ODfiY2JkBU2j7LZ+PDYcgjENpfqelqI9w="},"chainType":1,"messageKeys":{}}},"pendingPreKey":{"signedKeyId":2,"baseKey":"BYQ35W8nKXauxstgtXnxTEZIK8W5CrC6i82aupVwg3Ja","preKeyId":1448243}},"BaTLrYB/O3uJmxSBHES2CM3K5wqX6zCV8Z1H5LIENrh+":{"registrationId":300711019,"currentRatchet":{"ephemeralKeyPair":{"pubKey":"BT0OscdtdmOEJXcUlvJjaNxmvXiRlHUnn3XVR0MlXtht","privKey":"cEIClle8dw98Tll86AnzZr19NJDpZZfbZurd5ep7z0A="},"lastRemoteEphemeralKey":"BVMLVrFb+tFSa+61sPehdqrzGkr4bGIEfhLSg+jJ4ysw","previousCounter":0,"rootKey":"YfMAr6lH7AQMSs8wFjQSCZY+eEH3xgvzL1jm8cNXCoU="},"indexInfo":{"baseKey":"BaTLrYB/O3uJmxSBHES2CM3K5wqX6zCV8Z1H5LIENrh+","baseKeyType":1,"closed":-1,"used":1690544324324,"created":1690544324324,"remoteIdentityKey":"BYKjEIHRlesslENAD+U6DJ0o63t1/tctQIFlMSaNQt52"},"_chains":{"BT0OscdtdmOEJXcUlvJjaNxmvXiRlHUnn3XVR0MlXtht":{"chainKey":{"counter":56,"key":"D+sUKgGKJGDWEnomrofk2vKUwyIVo0j2b3X6SwhJz8o="},"chainType":1,"messageKeys":{}}},"pendingPreKey":{"signedKeyId":2,"baseKey":"BaTLrYB/O3uJmxSBHES2CM3K5wqX6zCV8Z1H5LIENrh+","preKeyId":1448516}}},"version":"v1"}