{"_sessions":{"BQD4hr4689f2XvJWd8vHb32oEazwZsXdXA5EG7Ab6BxC":{"registrationId":88,"currentRatchet":{"ephemeralKeyPair":{"pubKey":"Ba9lUj+z+j/Ax4Ux2KDCRw69ycLwjNOMbwurPf5kMPV8","privKey":"KDFvzXgQPj/ffVyPfF1rfNEs26WEhnL8gnVFVGVL21c="},"lastRemoteEphemeralKey":"BVI1SErqZElVv4QjfFDS3Fh+Qe9B2xmGD4J6vx5oIIYM","previousCounter":0,"rootKey":"CFDxOhN7hZjUZUjeNJzBqESgysCFsADl5j9d9nCKilQ="},"indexInfo":{"baseKey":"BQD4hr4689f2XvJWd8vHb32oEazwZsXdXA5EG7Ab6BxC","baseKeyType":1,"closed":-1,"used":1690523855295,"created":1690523855295,"remoteIdentityKey":"BXV47cjs/G+ioCIMg50VzwR8rPxHCHvmkomzHlzFDHEm"},"_chains":{"Ba9lUj+z+j/Ax4Ux2KDCRw69ycLwjNOMbwurPf5kMPV8":{"chainKey":{"counter":91,"key":"xHFEDhN+VHEY+tCMILSLcutZF7EQeffSegfnoRFfXcc="},"chainType":1,"messageKeys":{}}},"pendingPreKey":{"signedKeyId":1,"baseKey":"BQD4hr4689f2XvJWd8vHb32oEazwZsXdXA5EG7Ab6BxC"}}},"version":"v1"}