{"_sessions":{"BQjQMDYbaqvceKSOg3cddGNKFKY9oJ3HUEdH9uXl0mgN":{"registrationId":1649455882,"currentRatchet":{"ephemeralKeyPair":{"pubKey":"BcguAvJRpgd+kfDTvajGNammdHqI7O9F3oShpwsaJzQP","privKey":"2H9BgbHA9OD65QkhThOSkK4KofTZiOt8ExWIIY0MCno="},"lastRemoteEphemeralKey":"BZIq0/R7xmS8tHANWFAjv+oG2zdW2+IKzNu+U7lkB8Y5","previousCounter":0,"rootKey":"jLvXxQcQvPWI93Ef1Lybl+gpRPuyM8eT/BWw7J7DsRY="},"indexInfo":{"baseKey":"BQjQMDYbaqvceKSOg3cddGNKFKY9oJ3HUEdH9uXl0mgN","baseKeyType":1,"closed":-1,"used":1690523855940,"created":1690523855940,"remoteIdentityKey":"BQv+jdW/rblNeUZ/CvZB9ziZ99WefsTPrUpC3hNyuoc+"},"_chains":{"BcguAvJRpgd+kfDTvajGNammdHqI7O9F3oShpwsaJzQP":{"chainKey":{"counter":197,"key":"UlsnhA3ja/11agGeBaPEoGnLQfk+/trDTQ1948i1kvA="},"chainType":1,"messageKeys":{}}},"pendingPreKey":{"signedKeyId":0,"baseKey":"BQjQMDYbaqvceKSOg3cddGNKFKY9oJ3HUEdH9uXl0mgN"}}},"version":"v1"}