{"_sessions":{"BX2WuaoisJ0ND+GjzKo95M0E5s+qYk3h6sju1sNft+Rh":{"registrationId":1387435106,"currentRatchet":{"ephemeralKeyPair":{"pubKey":"BVOADuS1fZbBqyl1aeRZoO9flFvPwmzsd3WIvVg6OqtP","privKey":"QASKewS4ylyYiJjZZo7sGuJSuqHISrZ57pSDAEw1gkE="},"lastRemoteEphemeralKey":"BWMZPcgJXYLF2Y1n6c0hkB6poZ4jtoAx9nP9gHupdaNA","previousCounter":0,"rootKey":"RmzpN+sqia8RrPZ59ELKcDGLwbt4ksUNw66CmyDXauA="},"indexInfo":{"baseKey":"BX2WuaoisJ0ND+GjzKo95M0E5s+qYk3h6sju1sNft+Rh","baseKeyType":1,"closed":-1,"used":1690526903543,"created":1690526903543,"remoteIdentityKey":"BV9syAt0Bi9bbDt/JJudXfa74hTF70WHa6/aE0DawFFj"},"_chains":{"BVOADuS1fZbBqyl1aeRZoO9flFvPwmzsd3WIvVg6OqtP":{"chainKey":{"counter":11,"key":"pXFRK4NzMuMPcjTYt4d6MpFZXfOqO+DPoZYqsbxqPC8="},"chainType":1,"messageKeys":{}}},"pendingPreKey":{"signedKeyId":0,"baseKey":"BX2WuaoisJ0ND+GjzKo95M0E5s+qYk3h6sju1sNft+Rh"}}},"version":"v1"}