{"_sessions":{"BZKTEgp2vnGU5vrQqOasg189y51rYXHuQC/M4sB6dhAs":{"registrationId":246,"currentRatchet":{"ephemeralKeyPair":{"pubKey":"BQ7klAEge4WznMoogNDbwKd02nuSiWE4Q008aYqxXLMC","privKey":"MJHPtrw0VYXUd1QFsWFFBw80LdIY9fvXoExrU415ukk="},"lastRemoteEphemeralKey":"BSYhz3p2l+hsXgocduLs6R86r50N3hYPq6rnB9L3BmtS","previousCounter":0,"rootKey":"xAXZ0PLubsnomVUjzBnc9moH0EZrVSaISNuN0mQ3lB4="},"indexInfo":{"baseKey":"BZKTEgp2vnGU5vrQqOasg189y51rYXHuQC/M4sB6dhAs","baseKeyType":1,"closed":-1,"used":1690512635688,"created":1690512635688,"remoteIdentityKey":"BclXVVFkoK+ZG8Xs5NGncxSbXkjnFUeMQ5WzloPMSJBc"},"_chains":{"BQ7klAEge4WznMoogNDbwKd02nuSiWE4Q008aYqxXLMC":{"chainKey":{"counter":2,"key":"FsSa2anGjzgdzyi6RCgGsMDzmzW19b9lYKHiTducVHE="},"chainType":1,"messageKeys":{}}},"pendingPreKey":{"signedKeyId":1,"baseKey":"BZKTEgp2vnGU5vrQqOasg189y51rYXHuQC/M4sB6dhAs"}}},"version":"v1"}