{"_sessions":{"BdAoNKwV3rAgiGl9nH9oBxy6dJIPAJNxbDoxjI7ZMagO":{"registrationId":1087943997,"currentRatchet":{"ephemeralKeyPair":{"pubKey":"Bf2MFYmzUfbxx67ZdBLQQ1X8xX6s1XwCMb9Ye5ACA81N","privKey":"WL1vzIWi7yDqpeX/GaJfnSl2DbuD6wD6ZPHQx3cYfXk="},"lastRemoteEphemeralKey":"BaLevMDdfL1MwGlh1MRbjCjBtvs98soOchQbwwNOIycq","previousCounter":0,"rootKey":"IjInjPCq0bBOToufRGEP02GzI5ZJpKQBxM7M8ZWvsug="},"indexInfo":{"baseKey":"BdAoNKwV3rAgiGl9nH9oBxy6dJIPAJNxbDoxjI7ZMagO","baseKeyType":1,"closed":-1,"used":1690523858057,"created":1690523858057,"remoteIdentityKey":"BSWEiEzx/th9zwaZN0SDYWY3+NDPa3Ce5PDh6IJ2Ftxd"},"_chains":{"Bf2MFYmzUfbxx67ZdBLQQ1X8xX6s1XwCMb9Ye5ACA81N":{"chainKey":{"counter":197,"key":"6UtWuTJOb9NLcJ/Pi9XoYF4v9febMf+/gh4tHyzovWU="},"chainType":1,"messageKeys":{}}},"pendingPreKey":{"signedKeyId":0,"baseKey":"BdAoNKwV3rAgiGl9nH9oBxy6dJIPAJNxbDoxjI7ZMagO","preKeyId":13679944}}},"version":"v1"}