{"_sessions":{"BZjkS+Dm3dkHyALlU9Bu+Pe6u8eXO1NT9DTOGABeEzkQ":{"registrationId":44,"currentRatchet":{"ephemeralKeyPair":{"pubKey":"BanZnue54PCXMIRkZNL5uL5gmn3N4NMafPX7tN6uLTd+","privKey":"CAHZlrWOxbPe1lWd6ZHvoQO4MFJlH82Gxs+FIx6z43Q="},"lastRemoteEphemeralKey":"BWmpNKlJgK/fYtFVas4XGpNZg5hvJe+739OlAw5zdMpS","previousCounter":0,"rootKey":"6F8DMPfo0tdYhRBcEuigH0eEftP0sxOYr0Tq7KOFYIQ="},"indexInfo":{"baseKey":"BZjkS+Dm3dkHyALlU9Bu+Pe6u8eXO1NT9DTOGABeEzkQ","baseKeyType":1,"closed":-1,"used":1690523855737,"created":1690523855737,"remoteIdentityKey":"BW90W76Hki5lxrmvkVCm9FzzU25vqDj2QfloR3enLfIA"},"_chains":{"BanZnue54PCXMIRkZNL5uL5gmn3N4NMafPX7tN6uLTd+":{"chainKey":{"counter":197,"key":"V9rwUyRgN/8xjHPKUWTxeQBuVFxno0Rt4Fs+Zte2av8="},"chainType":1,"messageKeys":{}}},"pendingPreKey":{"signedKeyId":1,"baseKey":"BZjkS+Dm3dkHyALlU9Bu+Pe6u8eXO1NT9DTOGABeEzkQ"}}},"version":"v1"}