{"_sessions":{"BQ8ZJuqpioM8SqRm0q4WH7+WRy+RprlvqBSZRcaTay0a":{"registrationId":523836171,"currentRatchet":{"ephemeralKeyPair":{"pubKey":"BSsoWZDMHJ+ie+elPDnbbEdrAwXoolc7BgJWf9VHq95k","privKey":"aLJnwJeviRHYCvC0lSKjs8jkDgIMMKwljcQw+0PvGkQ="},"lastRemoteEphemeralKey":"BSBjDeeth3ws8Vc76CM52i33ZEfm7pjv2lnofxwyJTUU","previousCounter":0,"rootKey":"+OPjwcryv6jq/gy1NNRFvdmP3jB7qEWBG+mEUMxBDV4="},"indexInfo":{"baseKey":"BQ8ZJuqpioM8SqRm0q4WH7+WRy+RprlvqBSZRcaTay0a","baseKeyType":1,"closed":-1,"used":1690523856909,"created":1690523856909,"remoteIdentityKey":"BSwh3KJbMEE4L2vs7mw28iqsTLXv0ZAhDsDbW3iCnWl2"},"_chains":{"BSsoWZDMHJ+ie+elPDnbbEdrAwXoolc7BgJWf9VHq95k":{"chainKey":{"counter":197,"key":"QSLVrfpyCW0xgUyDDNbM3OHN09WAexZXu8++IPtzb+w="},"chainType":1,"messageKeys":{}}},"pendingPreKey":{"signedKeyId":3,"baseKey":"BQ8ZJuqpioM8SqRm0q4WH7+WRy+RprlvqBSZRcaTay0a","preKeyId":3174795}}},"version":"v1"}