{"_sessions":{"BdvCksMvwpxN45Vpl5hghvrCrF3elUbfNHUQyrtUToVh":{"registrationId":2014641753,"currentRatchet":{"ephemeralKeyPair":{"pubKey":"BbEVJW7pMogd8GJXqhRK+UXzYtQlI0vkhHqbWz/2R8AE","privKey":"kAKJicmPKJQkoAWsnRntSqmzenw0jXVofjYjrHDr5Xk="},"lastRemoteEphemeralKey":"BemZnSBFIZ/BFy/kbpCQQ9i8IrNO1w9O2xiffB07CtJl","previousCounter":0,"rootKey":"/o/HgHTfaxap06Q/0lw9abUoWgPIoLF1OTGvCzK2buI="},"indexInfo":{"baseKey":"BdvCksMvwpxN45Vpl5hghvrCrF3elUbfNHUQyrtUToVh","baseKeyType":1,"closed":-1,"used":1690512637143,"created":1690512637143,"remoteIdentityKey":"BcMZA8LX8gknCVw8EN7Q9NG2HD/GsJqoJwjPlKphWZtH"},"_chains":{"BbEVJW7pMogd8GJXqhRK+UXzYtQlI0vkhHqbWz/2R8AE":{"chainKey":{"counter":124,"key":"k5QLJQJngMotvo9biLYEsvhTxjPep0cIb+k8s3sC4xs="},"chainType":1,"messageKeys":{}}},"pendingPreKey":{"signedKeyId":3,"baseKey":"BdvCksMvwpxN45Vpl5hghvrCrF3elUbfNHUQyrtUToVh","preKeyId":851658}}},"version":"v1"}