{"_sessions":{"BVyJY5Ph0vPjG26DzuA0V9skFbMmBL5SWYFUNnpiE2RY":{"registrationId":1587670873,"currentRatchet":{"ephemeralKeyPair":{"pubKey":"Be8JT46l4PvxyDT5lKoLcJuTjAkyMpdepzsTLsDmRHhP","privKey":"OLlkHE2LA6IX5t2ZiGqBqs/MGVCoL8EiezXsLmdP8no="},"lastRemoteEphemeralKey":"BSc6mLWrQMd152XP37xegIdRZhnUIPWl8FxWIYZIVb1p","previousCounter":0,"rootKey":"9GVu7CpEQi/qp8fDTnY1xN/Uvlh+Ri3ugsmVjd2jBH0="},"indexInfo":{"baseKey":"BVyJY5Ph0vPjG26DzuA0V9skFbMmBL5SWYFUNnpiE2RY","baseKeyType":1,"closed":1690530895500,"used":1690523855920,"created":1690523855920,"remoteIdentityKey":"BZ44wU2KXkSbSpOddAws4bJfm3ihQHi5CEJ9kZYog9cn"},"_chains":{"Be8JT46l4PvxyDT5lKoLcJuTjAkyMpdepzsTLsDmRHhP":{"chainKey":{"counter":55,"key":"3QBoxzjbdVLTgDBdXv9rknJpch7zUd8sCgTOrYBgrd4="},"chainType":1,"messageKeys":{}}},"pendingPreKey":{"signedKeyId":4025863,"baseKey":"BVyJY5Ph0vPjG26DzuA0V9skFbMmBL5SWYFUNnpiE2RY","preKeyId":51898}},"BYPsIcDno8xpTy/NyMuZygQSAKtWx3Y+fs+OgRPxWbZo":{"registrationId":1587670873,"currentRatchet":{"ephemeralKeyPair":{"pubKey":"BTapBUO5YdoWMrC7MV25dnpRU7Bn6ZK0/SdUpG/P9lwp","privKey":"+Di2CCczaQQfAmBARwkJc874YKmoxE5M5gtxIkhABWg="},"lastRemoteEphemeralKey":"BSc6mLWrQMd152XP37xegIdRZhnUIPWl8FxWIYZIVb1p","previousCounter":0,"rootKey":"rWOTSwVzLhj2eFpP5Nu1CB0+zQQ3Ntz5nEhC/PEyswA="},"indexInfo":{"baseKey":"BYPsIcDno8xpTy/NyMuZygQSAKtWx3Y+fs+OgRPxWbZo","baseKeyType":1,"closed":-1,"used":1690530895491,"created":1690530895491,"remoteIdentityKey":"BZ44wU2KXkSbSpOddAws4bJfm3ihQHi5CEJ9kZYog9cn"},"_chains":{"BTapBUO5YdoWMrC7MV25dnpRU7Bn6ZK0/SdUpG/P9lwp":{"chainKey":{"counter":141,"key":"jk2uE3PMHQ6aJVrh/35YB+nU1PYFU9d8tEDhXkmRzE4="},"chainType":1,"messageKeys":{}}},"pendingPreKey":{"signedKeyId":4025863,"baseKey":"BYPsIcDno8xpTy/NyMuZygQSAKtWx3Y+fs+OgRPxWbZo","preKeyId":51848}}},"version":"v1"}