{"_sessions":{"BTodnkt2UwGt8W49OT1IwfM5SRKXVmnbUi9M8QRMohgu":{"registrationId":216248529,"currentRatchet":{"ephemeralKeyPair":{"pubKey":"BXbERK7MzzWC2wRrFlUI/UJyupNKhQ6Cfz9WyVZOHaIw","privKey":"APMCCDOaAfwyL7Nvf/jl0qM05r/uF93zSCEF5PoQUVo="},"lastRemoteEphemeralKey":"BX0HYqx3POHd4i5cveC8uDbvDB0j1AswYf+1iHSB9ZYo","previousCounter":0,"rootKey":"RG7KM5wFdwLwx7gtDXqPI893S5VNVnVq0oxtURrcnc4="},"indexInfo":{"baseKey":"BTodnkt2UwGt8W49OT1IwfM5SRKXVmnbUi9M8QRMohgu","baseKeyType":1,"closed":-1,"used":1690525403259,"created":1690525403259,"remoteIdentityKey":"BWr5soIVgjoGR7FXxdWKkHk70TRgahkkE1FF2wm72h4W"},"_chains":{"BXbERK7MzzWC2wRrFlUI/UJyupNKhQ6Cfz9WyVZOHaIw":{"chainKey":{"counter":2,"key":"Yg6JQcKBZY+yMeDFruWUEU1A9OS8fU4o7bPj2Nnbwmc="},"chainType":1,"messageKeys":{}}},"pendingPreKey":{"signedKeyId":24,"baseKey":"BTodnkt2UwGt8W49OT1IwfM5SRKXVmnbUi9M8QRMohgu","preKeyId":15820970}}},"version":"v1"}