{"_sessions":{"BShe2pJSVaTmpg7A312A/X+qOLhsGohVb3Wf8/t6rQYc":{"registrationId":493534104,"currentRatchet":{"ephemeralKeyPair":{"pubKey":"BScyiKurK60z0HxHqL4muoC+kFCCGhy0F9rx+9GOgQ5u","privKey":"wC9IimwjLds57oH7DEu2MOovnv92LiLooDb8Lmg22Xw="},"lastRemoteEphemeralKey":"BefT1N8nyKuE6jgYI6Th6EQ0a6wVStV+fJN7njq3tNRK","previousCounter":0,"rootKey":"4t053CxFjxpsSo+pLbAq9/ETTnCRcW4sd813hhYU9+k="},"indexInfo":{"baseKey":"BShe2pJSVaTmpg7A312A/X+qOLhsGohVb3Wf8/t6rQYc","baseKeyType":1,"closed":-1,"used":1690523856443,"created":1690523856443,"remoteIdentityKey":"BYK4NQFViN99f61wO/mdSjMgMLxuHy5ONGAL2kIVxz8f"},"_chains":{"BScyiKurK60z0HxHqL4muoC+kFCCGhy0F9rx+9GOgQ5u":{"chainKey":{"counter":197,"key":"p2MfFhdAoXxrqPmuq5JpbRaAGD0zdhAAP0G56TUjPFA="},"chainType":1,"messageKeys":{}}},"pendingPreKey":{"signedKeyId":3,"baseKey":"BShe2pJSVaTmpg7A312A/X+qOLhsGohVb3Wf8/t6rQYc","preKeyId":6674876}}},"version":"v1"}