{"_sessions":{"BRFQrQpkWdS5rYo/qypn8Lz5Osg1xoXm+HS7LVBLqSZW":{"registrationId":1253955248,"currentRatchet":{"ephemeralKeyPair":{"pubKey":"BfpOq1rsBI9T/MQHe7tyLOZNMdqWF46akM0usJ84Z4lN","privKey":"MNpef1nG57h3qh5ptFQ696Zr1eY9x/WvGmhC+38T9Vc="},"lastRemoteEphemeralKey":"BTA2gB/VtJcftVUcHIp7h8kSLDZwdjL7LUxjo5UTg+If","previousCounter":0,"rootKey":"PTxcUc2dUbpRX85VsMZmp6q8mTNF/3TFeDyP+HYjijY="},"indexInfo":{"baseKey":"BRFQrQpkWdS5rYo/qypn8Lz5Osg1xoXm+HS7LVBLqSZW","baseKeyType":1,"closed":-1,"used":1690523857338,"created":1690523857338,"remoteIdentityKey":"Be/N4lE3q9qNHuOg5blQ9/SdM6JmPuk7JkL3yIGmAlAO"},"_chains":{"BfpOq1rsBI9T/MQHe7tyLOZNMdqWF46akM0usJ84Z4lN":{"chainKey":{"counter":197,"key":"A6QMXr8gwbGUBXpQZtXppfVQ9Vogum2vip8BfR61pDM="},"chainType":1,"messageKeys":{}}},"pendingPreKey":{"signedKeyId":2,"baseKey":"BRFQrQpkWdS5rYo/qypn8Lz5Osg1xoXm+HS7LVBLqSZW","preKeyId":5340169}}},"version":"v1"}