{"_sessions":{"BaPSfEfZK2wPLSZwkh9aaEtrQ+xIK8tn1ZCAGvbnfTYo":{"registrationId":1909,"currentRatchet":{"ephemeralKeyPair":{"pubKey":"Bc2hxuv5glkwkg3JrT69YLsxZfdq1Jo6yUxVwqtF/UZw","privKey":"GNeMqT4x4nDoV3ZokjwceD3haaCkko4s/LPgeBcyQm8="},"lastRemoteEphemeralKey":"BYi2BLwqDdFz1c0GJRnepy3eSyA/MLabSXfCQ09Ilg4h","previousCounter":0,"rootKey":"nhAjZcFGfDHdXlv6XV8BLVf6amNdV7njDRvkui2nWVs="},"indexInfo":{"baseKey":"BaPSfEfZK2wPLSZwkh9aaEtrQ+xIK8tn1ZCAGvbnfTYo","baseKeyType":1,"closed":-1,"used":1690512845634,"created":1690512845634,"remoteIdentityKey":"BdwBuuOXJSe6y94dlBhRxuiawxX1Oa8b6Y/PU+r50kMM"},"_chains":{"Bc2hxuv5glkwkg3JrT69YLsxZfdq1Jo6yUxVwqtF/UZw":{"chainKey":{"counter":2,"key":"IPQWsLn37pwJXcaB3cGxxoHINSaTrMjW2Z6GD4mN7yI="},"chainType":1,"messageKeys":{}}},"pendingPreKey":{"signedKeyId":1,"baseKey":"BaPSfEfZK2wPLSZwkh9aaEtrQ+xIK8tn1ZCAGvbnfTYo","preKeyId":1772}}},"version":"v1"}