{"_sessions":{"BQJ2nlShf6ifRO2aRe8M57xQoMP41KGwztiP9bJTNG02":{"registrationId":1800290351,"currentRatchet":{"ephemeralKeyPair":{"pubKey":"BaHuAA5gXNTDYWgCKbyod3VLKBPlY22QESyRp4kURuAy","privKey":"4FS+OqlGwEmZPhQoSh3kbKh+8YgDCtKvvY33zOwLvmA="},"lastRemoteEphemeralKey":"BdiGGyJ7Ihv1HRea/GWyc1ChV+Yq7z6MuWpLoX9ODW8w","previousCounter":0,"rootKey":"2e/ALh3tkbQ1GLvkaBpWnXz6Ke4glI/KHrD0wEO2AjA="},"indexInfo":{"baseKey":"BQJ2nlShf6ifRO2aRe8M57xQoMP41KGwztiP9bJTNG02","baseKeyType":1,"closed":-1,"used":1690526903500,"created":1690526903500,"remoteIdentityKey":"BdewDHBWecWbOOxGVSPtrp+ct2W5ZgI2KSNNA6hYV2hH"},"_chains":{"BaHuAA5gXNTDYWgCKbyod3VLKBPlY22QESyRp4kURuAy":{"chainKey":{"counter":11,"key":"iZLYb5Yi8Pc+J62sC+tjlWsli2d75su+Y6ERmuYrLX0="},"chainType":1,"messageKeys":{}}},"pendingPreKey":{"signedKeyId":0,"baseKey":"BQJ2nlShf6ifRO2aRe8M57xQoMP41KGwztiP9bJTNG02","preKeyId":15984193}}},"version":"v1"}