{"_sessions":{"BX/thJkToi+tWCjDsKwGcGBXXXruBlvEfi/d1FgULPo9":{"registrationId":1340067014,"currentRatchet":{"ephemeralKeyPair":{"pubKey":"BW8CAiSr9e0v3hdByt+4vDh8cPZBi6hrzL69ca1mGelp","privKey":"cJ0CSlOuLemzFLluUyKSxlFGqV596gEV525DPsr1C2s="},"lastRemoteEphemeralKey":"BYHiTw0KxELOnGrCjSr9Z6kjFMVG7j+d+yt7FtBsbd0P","previousCounter":0,"rootKey":"3FhoOzWCeX1R4oOz9RBLm3yGh7jaGRVC7RPzaERP6kI="},"indexInfo":{"baseKey":"BX/thJkToi+tWCjDsKwGcGBXXXruBlvEfi/d1FgULPo9","baseKeyType":1,"closed":-1,"used":1690526903601,"created":1690526903601,"remoteIdentityKey":"BbQGGOCzePJ7JcvgePlA3P5IWWPSvmvBN/u4nYtbw6Ng"},"_chains":{"BW8CAiSr9e0v3hdByt+4vDh8cPZBi6hrzL69ca1mGelp":{"chainKey":{"counter":11,"key":"GGyr6eE38bHXnMbEDuP/jxUYni7ym/2v0k+IYAbXhw4="},"chainType":1,"messageKeys":{}}},"pendingPreKey":{"signedKeyId":0,"baseKey":"BX/thJkToi+tWCjDsKwGcGBXXXruBlvEfi/d1FgULPo9","preKeyId":8487740}}},"version":"v1"}