{"_sessions":{"BV30G2QN2s7g8VJxxkhoC7psri0ono1nQPf+utotC68a":{"registrationId":1070922843,"currentRatchet":{"ephemeralKeyPair":{"pubKey":"BfqbtxHD2L7WI2ZE/M3xrZxJBcyk45awPovrrKVoTPYq","privKey":"qGG2gftyH+PlD8U7fRdLHclRPZXOp7yVrGroE3iVblA="},"lastRemoteEphemeralKey":"BSN78DbIZ74jf69Mo6fDzzr3UK8PNO6lPN5i26GeUSd1","previousCounter":0,"rootKey":"MvzqbKRSNJChYlDVJ4mkYXWoLE36NMUEZSvMI5K2qCk="},"indexInfo":{"baseKey":"BV30G2QN2s7g8VJxxkhoC7psri0ono1nQPf+utotC68a","baseKeyType":1,"closed":-1,"used":1690526903622,"created":1690526903622,"remoteIdentityKey":"BQ7RvOoRjYRKo9mkJhm+xOcwiSH6JPpeZkEolFF7Y8Mh"},"_chains":{"BfqbtxHD2L7WI2ZE/M3xrZxJBcyk45awPovrrKVoTPYq":{"chainKey":{"counter":11,"key":"TGJC0dzWLHjfgr9VbbH0HVOmNDPiYoX92gaL/0DWwJM="},"chainType":1,"messageKeys":{}}},"pendingPreKey":{"signedKeyId":1,"baseKey":"BV30G2QN2s7g8VJxxkhoC7psri0ono1nQPf+utotC68a","preKeyId":9829871}}},"version":"v1"}