{"_sessions":{"Bd+VvEfCPHOxUuj3EgIjHR3N9bJDuYGXDH3vmNH/5bZL":{"registrationId":15695,"currentRatchet":{"ephemeralKeyPair":{"pubKey":"BSFVJGw2OPdwFUW6kBiU2GBEAMtcxB42wIdBiiomiXRR","privKey":"0Nmm79xoPMELiT+jKfnt1vomJ+pzb44OdsyrYOgwfFQ="},"lastRemoteEphemeralKey":"BfpJtrzFYEf8gGf07qdjXnc+wQJSuBpVdiy8yc/1xbBP","previousCounter":0,"rootKey":"yEmqc2G2PH7KEAJHzZMBvP9awrRWbqszuZe84u0ApL4="},"indexInfo":{"baseKey":"Bd+VvEfCPHOxUuj3EgIjHR3N9bJDuYGXDH3vmNH/5bZL","baseKeyType":1,"closed":-1,"used":1690512845523,"created":1690512845523,"remoteIdentityKey":"BSiCSKPffTVohJmpLEfl0ZirW1E/x0iI/cH9X5LzSuBV"},"_chains":{"BSFVJGw2OPdwFUW6kBiU2GBEAMtcxB42wIdBiiomiXRR":{"chainKey":{"counter":2,"key":"dI6sxnSH9NHiwe4jqZRKpmhj9Lx48V1ne+Uu9L5/vDE="},"chainType":1,"messageKeys":{}}},"pendingPreKey":{"signedKeyId":3,"baseKey":"Bd+VvEfCPHOxUuj3EgIjHR3N9bJDuYGXDH3vmNH/5bZL","preKeyId":725}}},"version":"v1"}