{"_sessions":{"BcbwrsiBVM+LZZ1cPbsGvsIFfbNlC/N85+LqR9P29wYm":{"registrationId":1738986339,"currentRatchet":{"ephemeralKeyPair":{"pubKey":"BXA3U62p7EVC1Fw17PC1iHU+poNTfTVLlQ4VgLZs3Lhx","privKey":"oA0O9mxib7n4mveUREoes35WgJZj7Xqpx+cgYwDa1GY="},"lastRemoteEphemeralKey":"BaTRpH7btRP1sFZInpF4TWm+H59QuTYe+Sg37UZ6Ch1n","previousCounter":1,"rootKey":"2deLzQh8osoOIx6pqMcb8xDfvtFZV5YkNol+amp2fLA="},"indexInfo":{"baseKey":"BcbwrsiBVM+LZZ1cPbsGvsIFfbNlC/N85+LqR9P29wYm","baseKeyType":1,"closed":-1,"used":1690534246488,"created":1690512847527,"remoteIdentityKey":"BdwIKy8uHFIXQqYF6zeUQZfNeYlyabsn5LUMth8hF75E"},"_chains":{"BUAYfv8nXk2BLqtUkyRpU3gDij6u6M95lI4DLLhXdpdc":{"chainKey":{"counter":0},"chainType":2,"messageKeys":{}},"BaTRpH7btRP1sFZInpF4TWm+H59QuTYe+Sg37UZ6Ch1n":{"chainKey":{"counter":0,"key":"EPiq99ixjFArQ3hNn7EicGXa+NX/+UtkNzlk1jMf62g="},"chainType":2,"messageKeys":{}},"BXA3U62p7EVC1Fw17PC1iHU+poNTfTVLlQ4VgLZs3Lhx":{"chainKey":{"counter":-1,"key":"Gj9L6EvzrBi3q8INrPUkqZrQZ4hm2hdtKeDJ9UQ5Uag="},"chainType":1,"messageKeys":{}}}}},"version":"v1"}