{"_sessions":{"BTu3kjpLXMTMXNvOLerqmNWcxrqpChHDxPJAYfVrERl2":{"registrationId":1607893863,"currentRatchet":{"ephemeralKeyPair":{"pubKey":"BTYtVFUZhY6oPPDZHY+bkN2y0uP2WofNb0fQrKjjXXwz","privKey":"eHmPS2/k6yMxX18pHWjTLkvh8aSErcLtsnLDwNu5HHo="},"lastRemoteEphemeralKey":"BVTYv1Fe1L9NwNeACYU3j9ecsU48ja2bI4sNZyCmkDg5","previousCounter":0,"rootKey":"O/zCBWQkxAIzxMcvsUOqU698iqL+8xicfaLEZ+KnkeM="},"indexInfo":{"baseKey":"BTu3kjpLXMTMXNvOLerqmNWcxrqpChHDxPJAYfVrERl2","baseKeyType":1,"closed":-1,"used":1690512845868,"created":1690512845868,"remoteIdentityKey":"BfWjBNsDUiX7+9rvnTCooVl4Af8b0SgiDBhD/akqiKUz"},"_chains":{"BTYtVFUZhY6oPPDZHY+bkN2y0uP2WofNb0fQrKjjXXwz":{"chainKey":{"counter":2,"key":"1rpG/xGthLHw5EU3EPAeEyE3efAbArqSl3P/LPDdPiQ="},"chainType":1,"messageKeys":{}}},"pendingPreKey":{"signedKeyId":0,"baseKey":"BTu3kjpLXMTMXNvOLerqmNWcxrqpChHDxPJAYfVrERl2"}}},"version":"v1"}