{"_sessions":{"Be+tS2UbTU4LPFez/+OhMPh/k1jldEheZVUkk+BSgCQR":{"registrationId":273217595,"currentRatchet":{"ephemeralKeyPair":{"pubKey":"BWGybU/hgbLO+CWGDo5wfXhneFT5LqHz68x0IT0caTcd","privKey":"WFW98ercluvv+6v4Y4yjMrXGgLWfN0b4jtMF7f38s18="},"lastRemoteEphemeralKey":"BU8UCLh28/7EZ99GrWXpw2h9lv1RLRCPiyI4FO0DwGAD","previousCounter":0,"rootKey":"sWQt/vhX+GXcwMdhDD1INcyPvfPJK/n17M2HQiTXQOc="},"indexInfo":{"baseKey":"Be+tS2UbTU4LPFez/+OhMPh/k1jldEheZVUkk+BSgCQR","baseKeyType":1,"closed":-1,"used":1690512846857,"created":1690512846857,"remoteIdentityKey":"Bfy09iE7IzUzHPqychxYhflEUmfIleKEECQ3imBTRmMf"},"_chains":{"BWGybU/hgbLO+CWGDo5wfXhneFT5LqHz68x0IT0caTcd":{"chainKey":{"counter":2,"key":"5xJsrPw/dUK3cbRi8ZRqASQh4mrHtxVDeSdcc62uTL8="},"chainType":1,"messageKeys":{}}},"pendingPreKey":{"signedKeyId":10,"baseKey":"Be+tS2UbTU4LPFez/+OhMPh/k1jldEheZVUkk+BSgCQR","preKeyId":14853273}}},"version":"v1"}