{"_sessions":{"Bb+PeWOHYX+/plNVVDdRua0KLh/WPGJBMoeEDu6dL1NB":{"registrationId":289619808,"currentRatchet":{"ephemeralKeyPair":{"pubKey":"BUv7cVV42qyzz28zJsRS0bS1p5ZcjvGcFfvaj3R4Wele","privKey":"QLwYbMPtw1HvUl+c/RFbCzbehlUOtBtoNJ06a/3jRHE="},"lastRemoteEphemeralKey":"Bb69W+NbOZl3CTJL5o5Wah0+toX713AxXNVGuDHTRH8x","previousCounter":0,"rootKey":"x7nuMtHy3NYLomoKRDfunSRR+IJmJ3lPT5m+djVOG0w="},"indexInfo":{"baseKey":"Bb+PeWOHYX+/plNVVDdRua0KLh/WPGJBMoeEDu6dL1NB","baseKeyType":1,"closed":-1,"used":1690523857619,"created":1690523857619,"remoteIdentityKey":"BYFr4vVfwdJ0GAv6jzBAYrAh5Ps3t8pU4hz9mB2BpEcQ"},"_chains":{"BUv7cVV42qyzz28zJsRS0bS1p5ZcjvGcFfvaj3R4Wele":{"chainKey":{"counter":197,"key":"x8BRygpahQrTmt4vUMQBYJElSP1cDpqQxW19hZUTsfU="},"chainType":1,"messageKeys":{}}},"pendingPreKey":{"signedKeyId":27,"baseKey":"Bb+PeWOHYX+/plNVVDdRua0KLh/WPGJBMoeEDu6dL1NB"}}},"version":"v1"}