{"_sessions":{"BXgXWzq0PSJ5wLEEWxoh6xyWP+OKtOJXpGs0sXR3iOM5":{"registrationId":8779,"currentRatchet":{"ephemeralKeyPair":{"pubKey":"BYeK1ejJ+XKOK6/kRnPIuTebJ87VFNcQeXDGD9fcVxlE","privKey":"mHFmSp7TCWCi3jwUsBvNvETm+5lNH3vcsUbPMae7O24="},"lastRemoteEphemeralKey":"BTbcjnEwj2kAEm2Q3o3xMRK4gwTG5VaQ2NFEDU3G3+sd","previousCounter":0,"rootKey":"AWbpHUTw8au57SZBh6AuPADEcomou3aMj8ZahEou8i4="},"indexInfo":{"baseKey":"BXgXWzq0PSJ5wLEEWxoh6xyWP+OKtOJXpGs0sXR3iOM5","baseKeyType":1,"closed":-1,"used":1690512846289,"created":1690512846289,"remoteIdentityKey":"BS+FYMsvHYCocF6GQ9VlVYz4h8uTgx9DXEjZyhAStl5q"},"_chains":{"BYeK1ejJ+XKOK6/kRnPIuTebJ87VFNcQeXDGD9fcVxlE":{"chainKey":{"counter":2,"key":"zIHaV/IpVkAwBxNoChLKcyBQwGjGnG/zhfX9pEuLACs="},"chainType":1,"messageKeys":{}}},"pendingPreKey":{"signedKeyId":1,"baseKey":"BXgXWzq0PSJ5wLEEWxoh6xyWP+OKtOJXpGs0sXR3iOM5","preKeyId":798}}},"version":"v1"}