{"_sessions":{"BWa2rq2AaDo5fQRtc/j9CsV4Hg2ns7sJXGOzdsfETl1c":{"registrationId":1673741351,"currentRatchet":{"ephemeralKeyPair":{"pubKey":"BcLKAsYjTasW48AoL33mRfyUeGTYIXljuTj2TgeltmIM","privKey":"QJ/ib0ozZqy2ENKP6N6c2n7GJeMi2fgSwbdm/+EyY3A="},"lastRemoteEphemeralKey":"BWGpd9hWVGhVWl7PbUv8TqQtXD6uIkQjl+/DL/7M8RlV","previousCounter":0,"rootKey":"yMwFuPaldYTQTL57j3ouydJaL5ekrsQZbiqwIJs6Kt4="},"indexInfo":{"baseKey":"BWa2rq2AaDo5fQRtc/j9CsV4Hg2ns7sJXGOzdsfETl1c","baseKeyType":1,"closed":-1,"used":1690523858190,"created":1690523858190,"remoteIdentityKey":"BR5NL34xwMIBQzvXy+S+zasB5N4JI5YiB3tS2KNhLNc1"},"_chains":{"BcLKAsYjTasW48AoL33mRfyUeGTYIXljuTj2TgeltmIM":{"chainKey":{"counter":197,"key":"r1lDMox5p+UODtqJFHooER4DSrYn7KKcijmztxiJG/4="},"chainType":1,"messageKeys":{}}},"pendingPreKey":{"signedKeyId":1,"baseKey":"BWa2rq2AaDo5fQRtc/j9CsV4Hg2ns7sJXGOzdsfETl1c","preKeyId":2230370}}},"version":"v1"}