{"_sessions":{"BZVWOq19vuqLqNyZCOxni6+L49wIHH2pSyzrqrgWok0/":{"registrationId":1990134159,"currentRatchet":{"ephemeralKeyPair":{"pubKey":"BQ/kvh35ymqjObQ6XeYjvGXrQbaca5vuRqevvw4m6wU+","privKey":"YCr8+5hS+27qAoMHBnJY54dT48BautVqd2tZLnCNt1o="},"lastRemoteEphemeralKey":"BQG1TG0OrT6JCOilX6J6dVuHPmy+oUqpW8p+9G7ogewB","previousCounter":0,"rootKey":"UQwoVZZ6VJ9OBSZEztniIDSGFsH7fwje2jzPf70yxFE="},"indexInfo":{"baseKey":"BZVWOq19vuqLqNyZCOxni6+L49wIHH2pSyzrqrgWok0/","baseKeyType":1,"closed":-1,"used":1690523856034,"created":1690523856034,"remoteIdentityKey":"BcR+6sLoqPU7FAgdx3lPd2lCkysi1gj00xSprgSqOAwV"},"_chains":{"BQ/kvh35ymqjObQ6XeYjvGXrQbaca5vuRqevvw4m6wU+":{"chainKey":{"counter":197,"key":"LWGviEGVBoIzgq3wzHFAtTE5aqJknr7AkvG/hOQlqgI="},"chainType":1,"messageKeys":{}}},"pendingPreKey":{"signedKeyId":1,"baseKey":"BZVWOq19vuqLqNyZCOxni6+L49wIHH2pSyzrqrgWok0/","preKeyId":8781404}}},"version":"v1"}