{"_sessions":{"BZhTRMg828VzYmU1mToSjXM4oRiKTBBB/0b3zFRGEPxT":{"registrationId":1260244943,"currentRatchet":{"ephemeralKeyPair":{"pubKey":"BSCUW1ItE0d8CGCVxm1FDjTTXDj95DrSpQOHET9JAv4Q","privKey":"oNlTY9uDVTL83lmNrbdzWYHwYNg9xLNGuWZ47Gb/JEk="},"lastRemoteEphemeralKey":"BWU4xvZ/IdS9JZfJ5QSwBmwrjeaVxyUMehPQdpAIAgZk","previousCounter":0,"rootKey":"JgNjLqjxxWGttTUT/9B91hVk4cRnX8Kd8RGQ9V3/qzA="},"indexInfo":{"baseKey":"BZhTRMg828VzYmU1mToSjXM4oRiKTBBB/0b3zFRGEPxT","baseKeyType":1,"closed":-1,"used":1690523857909,"created":1690523857909,"remoteIdentityKey":"BRTmsi12EOwY7Oj3sR3TByp+OPEP/095qV1At7aaHvN0"},"_chains":{"BSCUW1ItE0d8CGCVxm1FDjTTXDj95DrSpQOHET9JAv4Q":{"chainKey":{"counter":197,"key":"f1p1atrkA+lPs+4ragpM9g4aL1y6+/EBaFVPTBXpoqM="},"chainType":1,"messageKeys":{}}},"pendingPreKey":{"signedKeyId":8,"baseKey":"BZhTRMg828VzYmU1mToSjXM4oRiKTBBB/0b3zFRGEPxT","preKeyId":196372}}},"version":"v1"}