{"_sessions":{"BUiiFZv9xtKriDWL9AUXRgbPXjS7mIUfcuancPpTQBhr":{"registrationId":1014697750,"currentRatchet":{"ephemeralKeyPair":{"pubKey":"Bccp2LT2kCy+moy5oJYJx9O9BdMBCN6XU6MKIZZVBSs/","privKey":"oCa1GitpdXtOoJiQeXU6BFVHX1hYEaDimalhg+Pg6nY="},"lastRemoteEphemeralKey":"Bd7NdzZ2M+fML1HwOFXZcNdZezeray5AP08IkQI/sUZI","previousCounter":0,"rootKey":"Gw2Ko0X+nWYnjWt8lonlBvJ6SgZdpdH+IpyVv/HQqcg="},"indexInfo":{"baseKey":"BUiiFZv9xtKriDWL9AUXRgbPXjS7mIUfcuancPpTQBhr","baseKeyType":1,"closed":-1,"used":1690512636333,"created":1690512636333,"remoteIdentityKey":"BU4nnfFAXHPMLS/U6LFopxUI3S64q02hSh1BwGitwsEa"},"_chains":{"Bccp2LT2kCy+moy5oJYJx9O9BdMBCN6XU6MKIZZVBSs/":{"chainKey":{"counter":124,"key":"jYR1sdiCsG/3KMjBCuCTefdBfbmZPBFwthyK93OrqpA="},"chainType":1,"messageKeys":{}}},"pendingPreKey":{"signedKeyId":2,"baseKey":"BUiiFZv9xtKriDWL9AUXRgbPXjS7mIUfcuancPpTQBhr","preKeyId":15809261}}},"version":"v1"}