{"_sessions":{"BSn7nI1GlhDzIYI/6bS7sEx04dMTBjMihYtbNdsx1TIp":{"registrationId":1911544166,"currentRatchet":{"ephemeralKeyPair":{"pubKey":"BSAX0xxCJAxl/MfyD9n7lQEVctd8YTRcDHaHbpvVFglZ","privKey":"ILY067jP+d3B3oAt1yLI70YvafMOnh/H+GdTpGhwPHY="},"lastRemoteEphemeralKey":"BVoTQT/mX7wHTDd+NG0rTKsV164V36DLJbLNVUN2E11k","previousCounter":0,"rootKey":"85bZf+fzNg961AdqE554KlgT8o5eYOztKuB/C5niAjk="},"indexInfo":{"baseKey":"BSn7nI1GlhDzIYI/6bS7sEx04dMTBjMihYtbNdsx1TIp","baseKeyType":1,"closed":-1,"used":1690512847292,"created":1690512847292,"remoteIdentityKey":"BZ9QOxLSvvKVOKf2JyeXndxETqQpOf8qZwkFhG2m8uR0"},"_chains":{"BSAX0xxCJAxl/MfyD9n7lQEVctd8YTRcDHaHbpvVFglZ":{"chainKey":{"counter":2,"key":"P7dbV9ytN7rTNUMzOldpcHP2mVyTSvRY5xDFSp8lpJU="},"chainType":1,"messageKeys":{}}},"pendingPreKey":{"signedKeyId":16,"baseKey":"BSn7nI1GlhDzIYI/6bS7sEx04dMTBjMihYtbNdsx1TIp","preKeyId":1702574}}},"version":"v1"}