{"_sessions":{"BSmaqqfQ356ZvF9FI2hdgNdYnKzKXx/uyTCbvRMijWMU":{"registrationId":1593730389,"currentRatchet":{"ephemeralKeyPair":{"pubKey":"BUNoazYyz63DKXWumN1DnZGUZmIBcQ9mO18m0btIYCgZ","privKey":"KP93mS558Ccxh9/AV0hEvz64lzP7xK71iS12kca5I0Y="},"lastRemoteEphemeralKey":"BbEXV/WlCkt4n8HZOTeY+aF8GQgCWj/4XP7iPGM/ehM/","previousCounter":0,"rootKey":"Ezqz6Wm9eGSD5SyYvevmA5O4XaJecBJ2aAd1LPAFJ0g="},"indexInfo":{"baseKey":"BSmaqqfQ356ZvF9FI2hdgNdYnKzKXx/uyTCbvRMijWMU","baseKeyType":1,"closed":-1,"used":1690523856715,"created":1690523856715,"remoteIdentityKey":"BeHjnICUhaxF4XRRvmwqpToUPNwWRZ82XtnqmabOIgM0"},"_chains":{"BUNoazYyz63DKXWumN1DnZGUZmIBcQ9mO18m0btIYCgZ":{"chainKey":{"counter":197,"key":"rcP/BObkNJiLvaaJLp/nF84gkYWlSl5RYBdFwnL82UY="},"chainType":1,"messageKeys":{}}},"pendingPreKey":{"signedKeyId":0,"baseKey":"BSmaqqfQ356ZvF9FI2hdgNdYnKzKXx/uyTCbvRMijWMU","preKeyId":6137856}}},"version":"v1"}