{"_sessions":{"BQeKhoruUPSyyBPOMGV4czdwwR9M1E2PDkNHM9ret0Iw":{"registrationId":1583591579,"currentRatchet":{"ephemeralKeyPair":{"pubKey":"BVN198r1SsbeTIUJbpQbqRGSKwxwr5nVw5CW+yYPF8dL","privKey":"wD1RGP8OwojzsP/FQM+fgY9jjZkozF0GEBOzhsZyWUk="},"lastRemoteEphemeralKey":"BW0MIKsaRJEsyb7UmEaHC9SZQoycyWD4hJRKwRP3X1I0","previousCounter":0,"rootKey":"H2gD5cQBtzrzESRrVqAnRWDIMXmXcHexA5OMe8z1yTo="},"indexInfo":{"baseKey":"BQeKhoruUPSyyBPOMGV4czdwwR9M1E2PDkNHM9ret0Iw","baseKeyType":1,"closed":1690534819794,"used":1690512636151,"created":1690512636151,"remoteIdentityKey":"BeACK9GJo9ttaNXaYSKqCJ5Op9Wm+RxxiJCr/0Om/WZq"},"_chains":{"BVN198r1SsbeTIUJbpQbqRGSKwxwr5nVw5CW+yYPF8dL":{"chainKey":{"counter":110,"key":"VAwDWd/8Uv2Z5DEiK5dJoP1ikBq/4T3cG9sXfhb3Pxw="},"chainType":1,"messageKeys":{}}},"pendingPreKey":{"signedKeyId":3,"baseKey":"BQeKhoruUPSyyBPOMGV4czdwwR9M1E2PDkNHM9ret0Iw","preKeyId":10867416}},"BUMFZE0zX5LwHPWFwXdK1IkOEQfIYbQtO3DHSG0gfA1D":{"registrationId":1583591579,"currentRatchet":{"ephemeralKeyPair":{"pubKey":"BU6NJ+GeuWkKlq+/YB7Y4lRDIJ33+JfIj38EdO8JQgMP","privKey":"4KWzczRsjyoQh20v5U1+vO919EUE6+PWTIXerVvdsFU="},"lastRemoteEphemeralKey":"BR+M2vPYU+66wzNxPBDAlr8Uz5ZEqwWoSLrrM5ILgS0F","previousCounter":0,"rootKey":"TTv9l3sYjoILcNncX/iESmWvVn4lRfe6ZHuujZe1pKY="},"indexInfo":{"baseKey":"BUMFZE0zX5LwHPWFwXdK1IkOEQfIYbQtO3DHSG0gfA1D","baseKeyType":2,"closed":-1,"used":1690534819810,"created":1690534819810,"remoteIdentityKey":"BeACK9GJo9ttaNXaYSKqCJ5Op9Wm+RxxiJCr/0Om/WZq"},"_chains":{"BR+M2vPYU+66wzNxPBDAlr8Uz5ZEqwWoSLrrM5ILgS0F":{"chainKey":{"counter":0,"key":"WrWqnsHdvGnYJutaY5EQEVgvXreGqxDQrQQP+OmEVLg="},"chainType":2,"messageKeys":{}},"BU6NJ+GeuWkKlq+/YB7Y4lRDIJ33+JfIj38EdO8JQgMP":{"chainKey":{"counter":3,"key":"hRv4c9mY+2bg36PrGM58CtSmMEnRhALJFjZUkPW2GZU="},"chainType":1,"messageKeys":{}}}}},"version":"v1"}