{"_sessions":{"Bc2GfGVIik1mSYccdZQIDIR1iRZhWvG16p7x6mT7iOwF":{"registrationId":86,"currentRatchet":{"ephemeralKeyPair":{"pubKey":"BffaGwjkxvzOfF5bTehDICd1cBnrm558peSVmrLnmuR0","privKey":"2Hd9VyY9GNkJZJWEUHjc30yjFu4Ug0qzK3tgGx4wbHg="},"lastRemoteEphemeralKey":"BRYERzpMXHC/0yETe9NZXoiHPnBJ52KmZlGKC1llARQs","previousCounter":0,"rootKey":"4ziIHc2aRam/GFeUb0zAJPIGmxFaIHdUGu+VNLX/e7I="},"indexInfo":{"baseKey":"Bc2GfGVIik1mSYccdZQIDIR1iRZhWvG16p7x6mT7iOwF","baseKeyType":1,"closed":1690526863066,"used":1690512845257,"created":1690512845257,"remoteIdentityKey":"Bb0p626h6XE9/Me1wmPAShOdzrq+0eRbrLurch+7GWc8"},"_chains":{"BffaGwjkxvzOfF5bTehDICd1cBnrm558peSVmrLnmuR0":{"chainKey":{"counter":0,"key":"tpA6nTA0nnqh+AmLOw5aLBBQX08cB68OA3f409vQrH0="},"chainType":1,"messageKeys":{}}},"pendingPreKey":{"signedKeyId":1,"baseKey":"Bc2GfGVIik1mSYccdZQIDIR1iRZhWvG16p7x6mT7iOwF","preKeyId":71}},"BREs80UsR2T7JZkIFoi1nvggoDzuqqyLNCNVVW0ir4ll":{"registrationId":86,"currentRatchet":{"ephemeralKeyPair":{"pubKey":"BVP/43f6Etp3JpijZ9QA2v1xnSvqpFoCgyIlrebvVCBK","privKey":"oMc38ZX9vaBRAPOeH/PmsKl+j+DvMLw+a8O41wdONUU="},"lastRemoteEphemeralKey":"BRYERzpMXHC/0yETe9NZXoiHPnBJ52KmZlGKC1llARQs","previousCounter":0,"rootKey":"VXhC/c+qVcDpMqHQxRHNYqiCZjcG2rmKOThfFFqitf4="},"indexInfo":{"baseKey":"BREs80UsR2T7JZkIFoi1nvggoDzuqqyLNCNVVW0ir4ll","baseKeyType":1,"closed":1690526872454,"used":1690526863037,"created":1690526863037,"remoteIdentityKey":"Bb0p626h6XE9/Me1wmPAShOdzrq+0eRbrLurch+7GWc8"},"_chains":{"BVP/43f6Etp3JpijZ9QA2v1xnSvqpFoCgyIlrebvVCBK":{"chainKey":{"counter":0,"key":"TuxcAwXiBkFWDfhMuH3DXeZIrmH0rSez8ldXxYzQeiA="},"chainType":1,"messageKeys":{}}},"pendingPreKey":{"signedKeyId":1,"baseKey":"BREs80UsR2T7JZkIFoi1nvggoDzuqqyLNCNVVW0ir4ll","preKeyId":126}},"BQqdHFFVaAttkxgt/4On9BEIhdRW6asFyC42LFZqKuEx":{"registrationId":86,"currentRatchet":{"ephemeralKeyPair":{"pubKey":"BZFcBruqgOFwTQ7+aGAdnWVAG25lEjckc5r/rNtksiFb","privKey":"AJ1j0k8P7MvBEwno6lE18Wv4BzuDDccLAlqndruyE2Y="},"lastRemoteEphemeralKey":"BRYERzpMXHC/0yETe9NZXoiHPnBJ52KmZlGKC1llARQs","previousCounter":0,"rootKey":"e2JtqsaSQWVReFJC5OWKZ6h+xATGCTzR7/jYHubEkJ4="},"indexInfo":{"baseKey":"BQqdHFFVaAttkxgt/4On9BEIhdRW6asFyC42LFZqKuEx","baseKeyType":1,"closed":1690526880641,"used":1690526872435,"created":1690526872435,"remoteIdentityKey":"Bb0p626h6XE9/Me1wmPAShOdzrq+0eRbrLurch+7GWc8"},"_chains":{"BZFcBruqgOFwTQ7+aGAdnWVAG25lEjckc5r/rNtksiFb":{"chainKey":{"counter":0,"key":"TDdtQWVpUhZBG94Zedq0QcODKRWSvBfn0I79vmD5JEU="},"chainType":1,"messageKeys":{}}},"pendingPreKey":{"signedKeyId":1,"baseKey":"BQqdHFFVaAttkxgt/4On9BEIhdRW6asFyC42LFZqKuEx","preKeyId":108}},"BZUe4yGA1uai+cumOdzFduLolM9qF7F3a5OoqY/aZNBg":{"registrationId":86,"currentRatchet":{"ephemeralKeyPair":{"pubKey":"BXUy8Pb6tdW4rvZTEWmmY5fSgu3T3u1WBs4TjteuCKB+","privKey":"CNHihZelfYGF+xilxtrarpxPYoj0K2XtyBFAge040VM="},"lastRemoteEphemeralKey":"BRYERzpMXHC/0yETe9NZXoiHPnBJ52KmZlGKC1llARQs","previousCounter":0,"rootKey":"lUPS01/MpKcxtLjXEh6TvfIAa8kWR9YRVIoIQo2/Tzc="},"indexInfo":{"baseKey":"BZUe4yGA1uai+cumOdzFduLolM9qF7F3a5OoqY/aZNBg","baseKeyType":1,"closed":1690526892452,"used":1690526880609,"created":1690526880609,"remoteIdentityKey":"Bb0p626h6XE9/Me1wmPAShOdzrq+0eRbrLurch+7GWc8"},"_chains":{"BXUy8Pb6tdW4rvZTEWmmY5fSgu3T3u1WBs4TjteuCKB+":{"chainKey":{"counter":0,"key":"q/GH+JF42ZUvxGjRvOzlR4q8t6BgKidD2PwDfqpZZG4="},"chainType":1,"messageKeys":{}}},"pendingPreKey":{"signedKeyId":1,"baseKey":"BZUe4yGA1uai+cumOdzFduLolM9qF7F3a5OoqY/aZNBg","preKeyId":114}},"BVQwBGIyEaA+srdRWHQ8BQ3woVO8s1GFoWX5/5pJdjJJ":{"registrationId":86,"currentRatchet":{"ephemeralKeyPair":{"pubKey":"BfphCkSDGAKaHdFeGux199LzxOA59KXS6jDm4UXgDJQN","privKey":"cEwDOAd4LviL6yUAuovy5kYmMRjY56tHX59Qa2NuuWs="},"lastRemoteEphemeralKey":"BRYERzpMXHC/0yETe9NZXoiHPnBJ52KmZlGKC1llARQs","previousCounter":0,"rootKey":"pdi4UqKkyDIY8Ja97ubjFely3HvAMLDNWdjRcGU+sVc="},"indexInfo":{"baseKey":"BVQwBGIyEaA+srdRWHQ8BQ3woVO8s1GFoWX5/5pJdjJJ","baseKeyType":1,"closed":1690527998533,"used":1690526892433,"created":1690526892433,"remoteIdentityKey":"Bb0p626h6XE9/Me1wmPAShOdzrq+0eRbrLurch+7GWc8"},"_chains":{"BfphCkSDGAKaHdFeGux199LzxOA59KXS6jDm4UXgDJQN":{"chainKey":{"counter":0,"key":"slCulIOtQ+/4fXe7Z0q+GM0foEn7EiX2+6u1qvZnnpU="},"chainType":1,"messageKeys":{}}},"pendingPreKey":{"signedKeyId":1,"baseKey":"BVQwBGIyEaA+srdRWHQ8BQ3woVO8s1GFoWX5/5pJdjJJ","preKeyId":131}},"BSM6FKtaWv+Ca3ZccWUowZf9mN0ITsWiVqbF0MDyD/M3":{"registrationId":86,"currentRatchet":{"ephemeralKeyPair":{"pubKey":"BaHa/hNlvwbXJUJlpOLGj/HPWN/dZ9u+P9D+2Fq1O3pu","privKey":"iGe4zKMI3aGMT7I1Dw1r7lxEqeBWEkGXDn+yjIHAin4="},"lastRemoteEphemeralKey":"BSoCRTpJWVkxRkWWKTo2Ywx6rs71mXU/g0RexeevvuQ7","previousCounter":0,"rootKey":"8AIYa43XXOQCCOwUQSeXqKFTkHElo9JDQxRMll7E+O0="},"indexInfo":{"baseKey":"BSM6FKtaWv+Ca3ZccWUowZf9mN0ITsWiVqbF0MDyD/M3","baseKeyType":2,"closed":1690532700848,"used":1690527998561,"created":1690527998561,"remoteIdentityKey":"Bb0p626h6XE9/Me1wmPAShOdzrq+0eRbrLurch+7GWc8"},"_chains":{"BSoCRTpJWVkxRkWWKTo2Ywx6rs71mXU/g0RexeevvuQ7":{"chainKey":{"counter":0,"key":"9k4jr+w0c+VEPgmczsSNvjAcUGPsWotgGkNbHQM4bUM="},"chainType":2,"messageKeys":{}},"BaHa/hNlvwbXJUJlpOLGj/HPWN/dZ9u+P9D+2Fq1O3pu":{"chainKey":{"counter":0,"key":"m4/fnRUcSD3VAtd+Y7+2uMw7WufwKZK+ItPYrKRTjmQ="},"chainType":1,"messageKeys":{}}}},"BQ27Vhk3wyTzk4Asskxww5pFTohj6i6qe8BJsrVpGJQn":{"registrationId":86,"currentRatchet":{"ephemeralKeyPair":{"pubKey":"BeSDuVeumnLgjf5a6KqevIvPZDKennEU9mParhpffZtS","privKey":"6MWvCqUcTMnZILkIZSGW5ZFK420qx29TS7A9+6HNCEU="},"lastRemoteEphemeralKey":"BRYERzpMXHC/0yETe9NZXoiHPnBJ52KmZlGKC1llARQs","previousCounter":0,"rootKey":"qQpAdq0qfRanI+uN3/w112LR+LJtGpd/cVqayz80+eI="},"indexInfo":{"baseKey":"BQ27Vhk3wyTzk4Asskxww5pFTohj6i6qe8BJsrVpGJQn","baseKeyType":1,"closed":1690532703947,"used":1690532700814,"created":1690532700814,"remoteIdentityKey":"Bb0p626h6XE9/Me1wmPAShOdzrq+0eRbrLurch+7GWc8"},"_chains":{"BeSDuVeumnLgjf5a6KqevIvPZDKennEU9mParhpffZtS":{"chainKey":{"counter":0,"key":"qDqMhQr8f1q3zVP3YvhMrZ1CmMngweFi2aexU0ivDdE="},"chainType":1,"messageKeys":{}}},"pendingPreKey":{"signedKeyId":1,"baseKey":"BQ27Vhk3wyTzk4Asskxww5pFTohj6i6qe8BJsrVpGJQn","preKeyId":129}},"BeqfXsrG/5hoEKgnrNpoGzhNr3i9j6nnGi/K8VwruoEB":{"registrationId":86,"currentRatchet":{"ephemeralKeyPair":{"pubKey":"BXvpax55R1IQrfVWpWDS2Now2RupYaYvizPGdDo0A7gV","privKey":"GBBBqLlpnrC0EHpOSe0A+9F56l/8f3LGfb26Lvk7H14="},"lastRemoteEphemeralKey":"BRYERzpMXHC/0yETe9NZXoiHPnBJ52KmZlGKC1llARQs","previousCounter":0,"rootKey":"B/XhS6mUnp3OAaPhnF4yAguAjECMSrXCzOFikQ5oRGw="},"indexInfo":{"baseKey":"BeqfXsrG/5hoEKgnrNpoGzhNr3i9j6nnGi/K8VwruoEB","baseKeyType":1,"closed":-1,"used":1690532703901,"created":1690532703901,"remoteIdentityKey":"Bb0p626h6XE9/Me1wmPAShOdzrq+0eRbrLurch+7GWc8"},"_chains":{"BXvpax55R1IQrfVWpWDS2Now2RupYaYvizPGdDo0A7gV":{"chainKey":{"counter":0,"key":"JToXhno5HIkpEtD8gHc5HTjON0VxPqjO30JkvOMjwDQ="},"chainType":1,"messageKeys":{}}},"pendingPreKey":{"signedKeyId":1,"baseKey":"BeqfXsrG/5hoEKgnrNpoGzhNr3i9j6nnGi/K8VwruoEB","preKeyId":117}}},"version":"v1"}