{"_sessions":{"BYHDHgdMG/OOwMhclRiOQIzxl0RzrSQ0xZHEoDWYD6lb":{"registrationId":1504020717,"currentRatchet":{"ephemeralKeyPair":{"pubKey":"BfTiKOgCQWJs7SBLwgqlMl44NQBLZsIAWf6NSKAM0RJj","privKey":"2OQxZniqd5F5kv0GGFyL6kVBW0aq2dBVYm5cMjKpDWo="},"lastRemoteEphemeralKey":"BaSVUYLG9cQkL3Hih+vP5XualYdAXyNzo7Sqls6vsc0r","previousCounter":0,"rootKey":"W+6QyqslOLvdSyrmhcqwysX9epdMie8Ayt7v4qGIKnM="},"indexInfo":{"baseKey":"BYHDHgdMG/OOwMhclRiOQIzxl0RzrSQ0xZHEoDWYD6lb","baseKeyType":1,"closed":1690531263226,"used":1690523857829,"created":1690523857829,"remoteIdentityKey":"BX2y25RsBHQGuSAxoQmIlv9OVcsUfX+G+eGdYvTWmSVp"},"_chains":{"BfTiKOgCQWJs7SBLwgqlMl44NQBLZsIAWf6NSKAM0RJj":{"chainKey":{"counter":61,"key":"iwUZW8QFbYNa9nfJaT993A4UnhaMKCEUFdUjo3Pw0TY="},"chainType":1,"messageKeys":{}}},"pendingPreKey":{"signedKeyId":0,"baseKey":"BYHDHgdMG/OOwMhclRiOQIzxl0RzrSQ0xZHEoDWYD6lb","preKeyId":8413359}},"BQ/bEhhgUUvWPZ2jRIOQQ8LPwr5nhW8MtrHuRxLJo3Nq":{"registrationId":1108646832,"currentRatchet":{"ephemeralKeyPair":{"pubKey":"BXQ14wFc4wNw3kudLxRRo8RHHbty6H9bnJbf3mArgZhb","privKey":"wHZhJFOtcZjZio7xdquv9bHvgv1vuM70dsuDd7R49E0="},"lastRemoteEphemeralKey":"Ba5PBOJU6sakpxro0S6D6nrXuOFhCzvR7DTMv3gujGVq","previousCounter":0,"rootKey":"RSdbiX2Bua7uEMb5Ni8ZjY25uoi6fbi7KnrPLoazZ2g="},"indexInfo":{"baseKey":"BQ/bEhhgUUvWPZ2jRIOQQ8LPwr5nhW8MtrHuRxLJo3Nq","baseKeyType":1,"closed":1690531268171,"used":1690531263193,"created":1690531263193,"remoteIdentityKey":"BRtNLz1xVaUwBAwmZApnqUY1LZeA1oEmAUbfV2OdEoFD"},"_chains":{"BXQ14wFc4wNw3kudLxRRo8RHHbty6H9bnJbf3mArgZhb":{"chainKey":{"counter":0,"key":"0o6tC88LEdzPCORtHeDBbMtg+DaT1H9Lx1Mp6z+UovM="},"chainType":1,"messageKeys":{}}},"pendingPreKey":{"signedKeyId":0,"baseKey":"BQ/bEhhgUUvWPZ2jRIOQQ8LPwr5nhW8MtrHuRxLJo3Nq"}},"BR6SBMa30Nx+b7DgsrdJT+4hNq/TGzkrUh+tfjTX9aY8":{"registrationId":1108646832,"currentRatchet":{"ephemeralKeyPair":{"pubKey":"BYyb+nL2nK1uFqeMMxtGCm8NR79Y+PD/BYhVy53r/T5o","privKey":"wJoD02oVVlCZm40l9WvqnZPvZH+E27YjjZistukLq2Q="},"lastRemoteEphemeralKey":"Ba5PBOJU6sakpxro0S6D6nrXuOFhCzvR7DTMv3gujGVq","previousCounter":0,"rootKey":"yhHkgdBmNT1OAAIYaYPfu+ZvXCcYIB5PWaGqvrvsxYs="},"indexInfo":{"baseKey":"BR6SBMa30Nx+b7DgsrdJT+4hNq/TGzkrUh+tfjTX9aY8","baseKeyType":1,"closed":1690531272962,"used":1690531268156,"created":1690531268156,"remoteIdentityKey":"BRtNLz1xVaUwBAwmZApnqUY1LZeA1oEmAUbfV2OdEoFD"},"_chains":{"BYyb+nL2nK1uFqeMMxtGCm8NR79Y+PD/BYhVy53r/T5o":{"chainKey":{"counter":0,"key":"Pz15Vk0mVbygUsN5KY9K0MoT3RWl+2xWQDtM53kcN1I="},"chainType":1,"messageKeys":{}}},"pendingPreKey":{"signedKeyId":0,"baseKey":"BR6SBMa30Nx+b7DgsrdJT+4hNq/TGzkrUh+tfjTX9aY8"}},"BVnI/nd2BGbEjT0xOQJ/cC68S5fS8EnQf7nbS4BijoZ4":{"registrationId":1108646832,"currentRatchet":{"ephemeralKeyPair":{"pubKey":"BeYmREDnc6cJbL7+uANSR1BVlxZvp2fLMv0NGp8lxgtB","privKey":"yD/9FEd2pEvYjQOH7DE96AYv9emkr9GGkYWfiU3M4Ug="},"lastRemoteEphemeralKey":"Ba5PBOJU6sakpxro0S6D6nrXuOFhCzvR7DTMv3gujGVq","previousCounter":0,"rootKey":"KulMSQP4d3ipa6OtiAHVZwLFHnGfTxPhAdg2UVEC+lc="},"indexInfo":{"baseKey":"BVnI/nd2BGbEjT0xOQJ/cC68S5fS8EnQf7nbS4BijoZ4","baseKeyType":1,"closed":1690531278346,"used":1690531272951,"created":1690531272951,"remoteIdentityKey":"BRtNLz1xVaUwBAwmZApnqUY1LZeA1oEmAUbfV2OdEoFD"},"_chains":{"BeYmREDnc6cJbL7+uANSR1BVlxZvp2fLMv0NGp8lxgtB":{"chainKey":{"counter":0,"key":"154jH9Dx0w2JRkzPUGPANwsNReog+riWb7zYXzfEW5c="},"chainType":1,"messageKeys":{}}},"pendingPreKey":{"signedKeyId":0,"baseKey":"BVnI/nd2BGbEjT0xOQJ/cC68S5fS8EnQf7nbS4BijoZ4"}},"BWzG/AXPI7WY10djBUw3KWScWY8WrWHL6HVzYDFjrpxQ":{"registrationId":1108646832,"currentRatchet":{"ephemeralKeyPair":{"pubKey":"BaKlT/tgKU4ktUopuqAmHGb/R9Lai0rKwJqi+ucrN81E","privKey":"YCdm6isrDSFaqGKpMWXoC0NK7s/tsFJnDxI4nL6TRX8="},"lastRemoteEphemeralKey":"Ba5PBOJU6sakpxro0S6D6nrXuOFhCzvR7DTMv3gujGVq","previousCounter":0,"rootKey":"rdkeBWyfSngiXmb3AfSWgVg6GIa6To+1ufSmoiUJC4A="},"indexInfo":{"baseKey":"BWzG/AXPI7WY10djBUw3KWScWY8WrWHL6HVzYDFjrpxQ","baseKeyType":1,"closed":1690531283320,"used":1690531278311,"created":1690531278311,"remoteIdentityKey":"BRtNLz1xVaUwBAwmZApnqUY1LZeA1oEmAUbfV2OdEoFD"},"_chains":{"BaKlT/tgKU4ktUopuqAmHGb/R9Lai0rKwJqi+ucrN81E":{"chainKey":{"counter":0,"key":"awWdfqwr7gk6BRArkbYPGuzFLTcSn532lv7jTRw3XLU="},"chainType":1,"messageKeys":{}}},"pendingPreKey":{"signedKeyId":0,"baseKey":"BWzG/AXPI7WY10djBUw3KWScWY8WrWHL6HVzYDFjrpxQ"}},"BUJQbaTlaCPBtBZebb0M2WsgRiGJhQcqF22ojCljMLAO":{"registrationId":1108646832,"currentRatchet":{"ephemeralKeyPair":{"pubKey":"BVCKybla/jMoja2+EqdmIihHe6tyo1WkO5BvQbDceFU6","privKey":"kLrQd0Qs+AkqHAfSvfdk942i5DRNX0Aoi/KAGSkLRUw="},"lastRemoteEphemeralKey":"Ba5PBOJU6sakpxro0S6D6nrXuOFhCzvR7DTMv3gujGVq","previousCounter":0,"rootKey":"o44doEcZB9mayUUDFHlVc9X/ZLqy+hJzEC7oiZbPnVQ="},"indexInfo":{"baseKey":"BUJQbaTlaCPBtBZebb0M2WsgRiGJhQcqF22ojCljMLAO","baseKeyType":1,"closed":1690531287416,"used":1690531283305,"created":1690531283305,"remoteIdentityKey":"BRtNLz1xVaUwBAwmZApnqUY1LZeA1oEmAUbfV2OdEoFD"},"_chains":{"BVCKybla/jMoja2+EqdmIihHe6tyo1WkO5BvQbDceFU6":{"chainKey":{"counter":0,"key":"it7BV+kTNHAGRb1xWrJGT7GOEmF5Jx5dsEjQJI+TD+E="},"chainType":1,"messageKeys":{}}},"pendingPreKey":{"signedKeyId":0,"baseKey":"BUJQbaTlaCPBtBZebb0M2WsgRiGJhQcqF22ojCljMLAO"}},"BfTvFuH95cHtMlLp1jwBCRENH+jNMv9WBzIbEYW/Pakr":{"registrationId":1108646832,"currentRatchet":{"ephemeralKeyPair":{"pubKey":"BdKeYHwtqp2vcciqJ0UVlSYBHhGR9RGbA0DTew2qON8D","privKey":"QKqdii6oveVlmPdxljxnsEMeDA79ivCpQdrDXwaWa0A="},"lastRemoteEphemeralKey":"Ba5PBOJU6sakpxro0S6D6nrXuOFhCzvR7DTMv3gujGVq","previousCounter":0,"rootKey":"YusackSSMFcnuRw3Ezbsx+BMpTW0s7XPCJifqki5JJY="},"indexInfo":{"baseKey":"BfTvFuH95cHtMlLp1jwBCRENH+jNMv9WBzIbEYW/Pakr","baseKeyType":1,"closed":1690531291691,"used":1690531287394,"created":1690531287394,"remoteIdentityKey":"BRtNLz1xVaUwBAwmZApnqUY1LZeA1oEmAUbfV2OdEoFD"},"_chains":{"BdKeYHwtqp2vcciqJ0UVlSYBHhGR9RGbA0DTew2qON8D":{"chainKey":{"counter":0,"key":"2D+KWCWGoKOIdmGahoie2kJNJ/xW+xNdMNl/dtR9c8A="},"chainType":1,"messageKeys":{}}},"pendingPreKey":{"signedKeyId":0,"baseKey":"BfTvFuH95cHtMlLp1jwBCRENH+jNMv9WBzIbEYW/Pakr"}},"BVGZSwpmnx3BldSLJp3YX02a80ndYa6FU3v39lzfbs4u":{"registrationId":1108646832,"currentRatchet":{"ephemeralKeyPair":{"pubKey":"BdFGpwSxDF6NTj//AZQeRshuz5EVN+tgN0ALN9nd0yIA","privKey":"2GlPpKvAcpttcNhYYwSLtTa5tLUU1gBzGd84NOYLD2A="},"lastRemoteEphemeralKey":"Ba5PBOJU6sakpxro0S6D6nrXuOFhCzvR7DTMv3gujGVq","previousCounter":0,"rootKey":"xoIpmfu2NbY33fV5apsGX/TpqJbNS7wAFKgVHRWfyxk="},"indexInfo":{"baseKey":"BVGZSwpmnx3BldSLJp3YX02a80ndYa6FU3v39lzfbs4u","baseKeyType":1,"closed":1690531295911,"used":1690531291661,"created":1690531291661,"remoteIdentityKey":"BRtNLz1xVaUwBAwmZApnqUY1LZeA1oEmAUbfV2OdEoFD"},"_chains":{"BdFGpwSxDF6NTj//AZQeRshuz5EVN+tgN0ALN9nd0yIA":{"chainKey":{"counter":0,"key":"LoC1EHR1CNKPtRLu+0jKWsBv2SbU0mH042BmUhlmAW4="},"chainType":1,"messageKeys":{}}},"pendingPreKey":{"signedKeyId":0,"baseKey":"BVGZSwpmnx3BldSLJp3YX02a80ndYa6FU3v39lzfbs4u"}},"BQ3H1+EUeAuKZLu4QEv6uHKT7U7kmBb2cSf6Su5PCp9B":{"registrationId":1108646832,"currentRatchet":{"ephemeralKeyPair":{"pubKey":"BaLd69QymgCZoL0oJcV06LpQUy3VNzj/pRLu+tE3enl7","privKey":"MDvkFs+Y1ki74k4LOtSfqzlzpuOHEM+ZDDmuB62tNlw="},"lastRemoteEphemeralKey":"Ba5PBOJU6sakpxro0S6D6nrXuOFhCzvR7DTMv3gujGVq","previousCounter":0,"rootKey":"paSBqIc3IfRUhFNRlEaQ7EqJxPn4d2blRqoMOqlYXpM="},"indexInfo":{"baseKey":"BQ3H1+EUeAuKZLu4QEv6uHKT7U7kmBb2cSf6Su5PCp9B","baseKeyType":1,"closed":1690531299884,"used":1690531295872,"created":1690531295872,"remoteIdentityKey":"BRtNLz1xVaUwBAwmZApnqUY1LZeA1oEmAUbfV2OdEoFD"},"_chains":{"BaLd69QymgCZoL0oJcV06LpQUy3VNzj/pRLu+tE3enl7":{"chainKey":{"counter":0,"key":"5yUU6bChSKwWzREeZim/puiZjdcchfANLqJEfountQY="},"chainType":1,"messageKeys":{}}},"pendingPreKey":{"signedKeyId":0,"baseKey":"BQ3H1+EUeAuKZLu4QEv6uHKT7U7kmBb2cSf6Su5PCp9B"}},"BUwrYCFbgER1ygO/3GqWgdGCVvAUE87H9shet4ihpCNV":{"registrationId":1108646832,"currentRatchet":{"ephemeralKeyPair":{"pubKey":"BT2u1D0Fkrm9o/YzlR8gNcgMgvGCvusQaFOV84xYjrsa","privKey":"aEIg42CBnLKF0rpchv2hG10Mqen7e47LE3ENRFD0Dn0="},"lastRemoteEphemeralKey":"Ba5PBOJU6sakpxro0S6D6nrXuOFhCzvR7DTMv3gujGVq","previousCounter":0,"rootKey":"K4S8hLovCzH30Mn6wE80+flv6fzikLMv4H8XJ3gNlfg="},"indexInfo":{"baseKey":"BUwrYCFbgER1ygO/3GqWgdGCVvAUE87H9shet4ihpCNV","baseKeyType":1,"closed":1690531303258,"used":1690531299861,"created":1690531299861,"remoteIdentityKey":"BRtNLz1xVaUwBAwmZApnqUY1LZeA1oEmAUbfV2OdEoFD"},"_chains":{"BT2u1D0Fkrm9o/YzlR8gNcgMgvGCvusQaFOV84xYjrsa":{"chainKey":{"counter":0,"key":"r5gu7pHcCz9hh41hw+HdJ3PkpfaTN2EgQKixRzZ3oGA="},"chainType":1,"messageKeys":{}}},"pendingPreKey":{"signedKeyId":0,"baseKey":"BUwrYCFbgER1ygO/3GqWgdGCVvAUE87H9shet4ihpCNV"}},"BQXZ9ZSE5WHVNoyk602k9yv1cgah58W0Oulj/g90++xv":{"registrationId":1108646832,"currentRatchet":{"ephemeralKeyPair":{"pubKey":"BW5ZsdDwMk1UCIXoHRoQf1m0oXzhSmCYpa6CuZJe49ZX","privKey":"YDc0OvWUGeCp3ExDunz3aqCeJq5Qg29CJa0Cx9BeUEQ="},"lastRemoteEphemeralKey":"Ba5PBOJU6sakpxro0S6D6nrXuOFhCzvR7DTMv3gujGVq","previousCounter":0,"rootKey":"FrNNGh7Xtw1Ig+FDX+l66lUWAnC9eTZPnFa+JZg1Ii4="},"indexInfo":{"baseKey":"BQXZ9ZSE5WHVNoyk602k9yv1cgah58W0Oulj/g90++xv","baseKeyType":1,"closed":1690531306276,"used":1690531303223,"created":1690531303223,"remoteIdentityKey":"BRtNLz1xVaUwBAwmZApnqUY1LZeA1oEmAUbfV2OdEoFD"},"_chains":{"BW5ZsdDwMk1UCIXoHRoQf1m0oXzhSmCYpa6CuZJe49ZX":{"chainKey":{"counter":0,"key":"gVl5rcpTotYiuTagfU4WVtb5Syh0fy9l0xwxNIvy64Q="},"chainType":1,"messageKeys":{}}},"pendingPreKey":{"signedKeyId":0,"baseKey":"BQXZ9ZSE5WHVNoyk602k9yv1cgah58W0Oulj/g90++xv"}},"Bd8yev+kdw/5Eyd/KkCm2ThP5WbsK2bE6I43SkKd3aU0":{"registrationId":1108646832,"currentRatchet":{"ephemeralKeyPair":{"pubKey":"BanSf1MGPjO9MWGK6sznMD54xe2uRmmb1b2EpoFx2UAg","privKey":"0Hfx5EbM+9xoLJtLZUyMC//HEOzRRKEFRgbFRBXeGmk="},"lastRemoteEphemeralKey":"Ba5PBOJU6sakpxro0S6D6nrXuOFhCzvR7DTMv3gujGVq","previousCounter":0,"rootKey":"sQWtTeApL9Bp5mez4PRJXvuHatFYRnOmcBoFDjXKL+8="},"indexInfo":{"baseKey":"Bd8yev+kdw/5Eyd/KkCm2ThP5WbsK2bE6I43SkKd3aU0","baseKeyType":1,"closed":1690531309239,"used":1690531306263,"created":1690531306263,"remoteIdentityKey":"BRtNLz1xVaUwBAwmZApnqUY1LZeA1oEmAUbfV2OdEoFD"},"_chains":{"BanSf1MGPjO9MWGK6sznMD54xe2uRmmb1b2EpoFx2UAg":{"chainKey":{"counter":0,"key":"VCyuZIWUmVTVh6gKmYhTfsxwm7tHX3iYAPuqtJytoGQ="},"chainType":1,"messageKeys":{}}},"pendingPreKey":{"signedKeyId":0,"baseKey":"Bd8yev+kdw/5Eyd/KkCm2ThP5WbsK2bE6I43SkKd3aU0"}},"BTDsiXJy7l9zjr3MYP8wlFwfPkO55NinvsT0kkx91r5e":{"registrationId":1108646832,"currentRatchet":{"ephemeralKeyPair":{"pubKey":"BemWBV+STjaofA+3YtfrCawi3kD5fIRV0rH+N7DkofUT","privKey":"KF0KlJDtsTRa6BcznjghZnLVDQbDZk2PLinKY1o6SUE="},"lastRemoteEphemeralKey":"Ba5PBOJU6sakpxro0S6D6nrXuOFhCzvR7DTMv3gujGVq","previousCounter":0,"rootKey":"YzTkEKVKIsXod7lmTp6MdoJ2XfMOK9R6XZrta2xtP8I="},"indexInfo":{"baseKey":"BTDsiXJy7l9zjr3MYP8wlFwfPkO55NinvsT0kkx91r5e","baseKeyType":1,"closed":1690531312441,"used":1690531309198,"created":1690531309198,"remoteIdentityKey":"BRtNLz1xVaUwBAwmZApnqUY1LZeA1oEmAUbfV2OdEoFD"},"_chains":{"BemWBV+STjaofA+3YtfrCawi3kD5fIRV0rH+N7DkofUT":{"chainKey":{"counter":0,"key":"zsd4WCktfdoZzRHuqmYPn3JJ4J7uRQUx5AWh/5cEo0A="},"chainType":1,"messageKeys":{}}},"pendingPreKey":{"signedKeyId":0,"baseKey":"BTDsiXJy7l9zjr3MYP8wlFwfPkO55NinvsT0kkx91r5e"}},"BbNExBg1Vh9/dq1rEm75ABtEsoFQoDxW6NZFwogusMsT":{"registrationId":1108646832,"currentRatchet":{"ephemeralKeyPair":{"pubKey":"BW1l26tcrXAi1PaQe6JG6IN/vdYCOH32EWU4egRE3hkQ","privKey":"SLSVS7UBW4lePqQS4HrrBXKvI306A6BGSDQ8qbLPVF8="},"lastRemoteEphemeralKey":"Ba5PBOJU6sakpxro0S6D6nrXuOFhCzvR7DTMv3gujGVq","previousCounter":0,"rootKey":"3XJf5ak6EzED1LuuOX72y65coCWeUfcQwlwIPJCVPqc="},"indexInfo":{"baseKey":"BbNExBg1Vh9/dq1rEm75ABtEsoFQoDxW6NZFwogusMsT","baseKeyType":1,"closed":1690531318685,"used":1690531312386,"created":1690531312386,"remoteIdentityKey":"BRtNLz1xVaUwBAwmZApnqUY1LZeA1oEmAUbfV2OdEoFD"},"_chains":{"BW1l26tcrXAi1PaQe6JG6IN/vdYCOH32EWU4egRE3hkQ":{"chainKey":{"counter":0,"key":"uIMf1QPKh71gBIObqAWet8HyWa2GbUKY7+vrKkxkjc8="},"chainType":1,"messageKeys":{}}},"pendingPreKey":{"signedKeyId":0,"baseKey":"BbNExBg1Vh9/dq1rEm75ABtEsoFQoDxW6NZFwogusMsT"}},"BcFb+knoFG8wv3mI3Eonm7FLh6Fkw3dAtmsjPW+OHcVq":{"registrationId":1108646832,"currentRatchet":{"ephemeralKeyPair":{"pubKey":"BRmrPY1dhqSPp/eGP52Z8KXOb/zZFAgFozzhWcbonpsW","privKey":"sPANdwc1I72QunCxr7ef5rG91FzJj/eOUTJtzqKCVVE="},"lastRemoteEphemeralKey":"Ba5PBOJU6sakpxro0S6D6nrXuOFhCzvR7DTMv3gujGVq","previousCounter":0,"rootKey":"ONevXcsq4nt9slxRJIKfzuKlBfj0FAvwhaOKgZhkiGY="},"indexInfo":{"baseKey":"BcFb+knoFG8wv3mI3Eonm7FLh6Fkw3dAtmsjPW+OHcVq","baseKeyType":1,"closed":1690531324323,"used":1690531318649,"created":1690531318649,"remoteIdentityKey":"BRtNLz1xVaUwBAwmZApnqUY1LZeA1oEmAUbfV2OdEoFD"},"_chains":{"BRmrPY1dhqSPp/eGP52Z8KXOb/zZFAgFozzhWcbonpsW":{"chainKey":{"counter":0,"key":"pSlXP34OKjmLoFEz8oiH8TtMscmWjnkd4RJmloiWD84="},"chainType":1,"messageKeys":{}}},"pendingPreKey":{"signedKeyId":0,"baseKey":"BcFb+knoFG8wv3mI3Eonm7FLh6Fkw3dAtmsjPW+OHcVq"}},"BZYO7ZQchsRiGO7fsI+dgZmLwmbglgaRbHgSTKLQlQgM":{"registrationId":1108646832,"currentRatchet":{"ephemeralKeyPair":{"pubKey":"BU96kQ+Bc5ke3TlMSIzTItjWFVyMppdDHWGhgjtP3dFR","privKey":"CEjcCNIuszjOxmQp+ATE1Xesa0OqQH26qgFJ207U4Hg="},"lastRemoteEphemeralKey":"Ba5PBOJU6sakpxro0S6D6nrXuOFhCzvR7DTMv3gujGVq","previousCounter":0,"rootKey":"pb7Er6rHJRz9eclpf0OxSBmOr5EzOrYuLAmX3Rwf988="},"indexInfo":{"baseKey":"BZYO7ZQchsRiGO7fsI+dgZmLwmbglgaRbHgSTKLQlQgM","baseKeyType":1,"closed":1690535822364,"used":1690531324295,"created":1690531324295,"remoteIdentityKey":"BRtNLz1xVaUwBAwmZApnqUY1LZeA1oEmAUbfV2OdEoFD"},"_chains":{"BU96kQ+Bc5ke3TlMSIzTItjWFVyMppdDHWGhgjtP3dFR":{"chainKey":{"counter":45,"key":"j2xaGzlHc2Jx2r+crRp/AbSxhY5hJnGMeYGkRSEuOgA="},"chainType":1,"messageKeys":{}}},"pendingPreKey":{"signedKeyId":0,"baseKey":"BZYO7ZQchsRiGO7fsI+dgZmLwmbglgaRbHgSTKLQlQgM"}},"BRmV/oTssIeHEGr/2HK32dCydXHs+vkEomlpbLfSl0t0":{"registrationId":1504020717,"currentRatchet":{"ephemeralKeyPair":{"pubKey":"BUV/KO0Ge7DpVHpUgUNai1w+V9aU+G9OG8S2tpih1vdw","privKey":"YCPAW2tYEIXWIGja1M8rscLby1dXKT+l8vhMPZCGZlc="},"lastRemoteEphemeralKey":"BaSVUYLG9cQkL3Hih+vP5XualYdAXyNzo7Sqls6vsc0r","previousCounter":0,"rootKey":"s2gAgHYbDbFFXeT7n/afy9kVvlqMZ5+0sC6/G9NuF0c="},"indexInfo":{"baseKey":"BRmV/oTssIeHEGr/2HK32dCydXHs+vkEomlpbLfSl0t0","baseKeyType":1,"closed":1690535825796,"used":1690535822351,"created":1690535822351,"remoteIdentityKey":"BX2y25RsBHQGuSAxoQmIlv9OVcsUfX+G+eGdYvTWmSVp"},"_chains":{"BUV/KO0Ge7DpVHpUgUNai1w+V9aU+G9OG8S2tpih1vdw":{"chainKey":{"counter":0,"key":"UDcvIGLn0HRd0ltyJczjlvo045bjGat8PEUY3pDQkWk="},"chainType":1,"messageKeys":{}}},"pendingPreKey":{"signedKeyId":0,"baseKey":"BRmV/oTssIeHEGr/2HK32dCydXHs+vkEomlpbLfSl0t0","preKeyId":8419564}},"BUvTpMxN+xzId+24pqHwCe+enicW1q5QvmAyOFPrh9N7":{"registrationId":1504020717,"currentRatchet":{"ephemeralKeyPair":{"pubKey":"BbVOy8qGrERuFHGcyrsuyhEGpMxDFEoXNf/Li85HJNJU","privKey":"oCO+sSdLOb8MspPFWEL8jnZsuYVnauBUl6w3ye4POnU="},"lastRemoteEphemeralKey":"BaSVUYLG9cQkL3Hih+vP5XualYdAXyNzo7Sqls6vsc0r","previousCounter":0,"rootKey":"pt6lFpvMEp7sWRy1F3ZsJ8sdOemhn9cO8bgaHCP/SMk="},"indexInfo":{"baseKey":"BUvTpMxN+xzId+24pqHwCe+enicW1q5QvmAyOFPrh9N7","baseKeyType":1,"closed":1690535829526,"used":1690535825776,"created":1690535825776,"remoteIdentityKey":"BX2y25RsBHQGuSAxoQmIlv9OVcsUfX+G+eGdYvTWmSVp"},"_chains":{"BbVOy8qGrERuFHGcyrsuyhEGpMxDFEoXNf/Li85HJNJU":{"chainKey":{"counter":0,"key":"y43dcO9SSGJ4mITk4FQtA3qqMzFDexklAptNkJ1Uepg="},"chainType":1,"messageKeys":{}}},"pendingPreKey":{"signedKeyId":0,"baseKey":"BUvTpMxN+xzId+24pqHwCe+enicW1q5QvmAyOFPrh9N7","preKeyId":8419606}},"BdSjeaT25cjoQnK+r32G9oSWKs5RedWZJHbTfWckroxF":{"registrationId":1504020717,"currentRatchet":{"ephemeralKeyPair":{"pubKey":"BTuF3wXkwAyZ6aFUDjQ67F6IzDBlxJTl28Od0Lv+FHdp","privKey":"OF2Zwcbx1FS/7KtqKlbI658GTwrRFXmyaNijZUSgrUw="},"lastRemoteEphemeralKey":"BaSVUYLG9cQkL3Hih+vP5XualYdAXyNzo7Sqls6vsc0r","previousCounter":0,"rootKey":"ND3Vl3XWfLVDYmtQhuXusA6/iGUnt8EkmiYW8zVqNvo="},"indexInfo":{"baseKey":"BdSjeaT25cjoQnK+r32G9oSWKs5RedWZJHbTfWckroxF","baseKeyType":1,"closed":1690535943893,"used":1690535829514,"created":1690535829514,"remoteIdentityKey":"BX2y25RsBHQGuSAxoQmIlv9OVcsUfX+G+eGdYvTWmSVp"},"_chains":{"BTuF3wXkwAyZ6aFUDjQ67F6IzDBlxJTl28Od0Lv+FHdp":{"chainKey":{"counter":5,"key":"5UX/HRbRNmtyUjzXFLAcwKs5ati1EWX2iYRfDEdRuSQ="},"chainType":1,"messageKeys":{}}},"pendingPreKey":{"signedKeyId":0,"baseKey":"BdSjeaT25cjoQnK+r32G9oSWKs5RedWZJHbTfWckroxF","preKeyId":8419583}},"BY6IOKvjt7JEuLFzIvQo29l6nQJFHIiL64Rnn00KT0Mk":{"registrationId":1504020717,"currentRatchet":{"ephemeralKeyPair":{"pubKey":"BdCVTIiJ87KvhgiCrnFJID7wyyzVx+z0gRZTlG35GIsu","privKey":"gKPhcz7RLNlOyjo0+/JSnJZ0qr0W7hKsCouImJBBDEA="},"lastRemoteEphemeralKey":"BaSVUYLG9cQkL3Hih+vP5XualYdAXyNzo7Sqls6vsc0r","previousCounter":0,"rootKey":"gD1+VtjG56enJRahtdYKYiTvXHsU/hQ1AWn+pAnZ3tM="},"indexInfo":{"baseKey":"BY6IOKvjt7JEuLFzIvQo29l6nQJFHIiL64Rnn00KT0Mk","baseKeyType":1,"closed":1690535948123,"used":1690535943874,"created":1690535943874,"remoteIdentityKey":"BX2y25RsBHQGuSAxoQmIlv9OVcsUfX+G+eGdYvTWmSVp"},"_chains":{"BdCVTIiJ87KvhgiCrnFJID7wyyzVx+z0gRZTlG35GIsu":{"chainKey":{"counter":0,"key":"QFCC1t9yQHw5BwYS4b2cMbttWnwG1g+JT7tNf/bBv6k="},"chainType":1,"messageKeys":{}}},"pendingPreKey":{"signedKeyId":0,"baseKey":"BY6IOKvjt7JEuLFzIvQo29l6nQJFHIiL64Rnn00KT0Mk","preKeyId":8419514}},"BVtjjdtY8U82wBGhWns1IFRjKR8tAq4G1VEWxGPUUWYR":{"registrationId":1504020717,"currentRatchet":{"ephemeralKeyPair":{"pubKey":"BcDmJE/HIR69ScuE4R2ctFp1rs+sbxuqXjtby3uC/wkq","privKey":"sNFlk2C2LIPw0TtOpuiUyFlPaQ2Gnq8+6IT0hqYPv3A="},"lastRemoteEphemeralKey":"BaSVUYLG9cQkL3Hih+vP5XualYdAXyNzo7Sqls6vsc0r","previousCounter":0,"rootKey":"Z9Yj358WJ8M2YtSlueUoIHn6ZbjtmBW9TvXoVPmBMxU="},"indexInfo":{"baseKey":"BVtjjdtY8U82wBGhWns1IFRjKR8tAq4G1VEWxGPUUWYR","baseKeyType":1,"closed":1690535952089,"used":1690535948107,"created":1690535948107,"remoteIdentityKey":"BX2y25RsBHQGuSAxoQmIlv9OVcsUfX+G+eGdYvTWmSVp"},"_chains":{"BcDmJE/HIR69ScuE4R2ctFp1rs+sbxuqXjtby3uC/wkq":{"chainKey":{"counter":0,"key":"EROSK+WEvMXyiVJQ+A1z2ODlM0q/IQu7QTv0OhkhXKA="},"chainType":1,"messageKeys":{}}},"pendingPreKey":{"signedKeyId":0,"baseKey":"BVtjjdtY8U82wBGhWns1IFRjKR8tAq4G1VEWxGPUUWYR","preKeyId":8419646}},"Bee/7R7ZWtEqapJOusPxNqlnA0KnogSy7yqkqrBPZZBE":{"registrationId":1504020717,"currentRatchet":{"ephemeralKeyPair":{"pubKey":"BacSvlUCXzEV4ZE3skzcruK9nW7Ac46VODHSHahFTjFR","privKey":"UAF4I6lDnoB/Iq5St8JOJZSEyfNLlLQ+fRiD4z3AI04="},"lastRemoteEphemeralKey":"BaSVUYLG9cQkL3Hih+vP5XualYdAXyNzo7Sqls6vsc0r","previousCounter":0,"rootKey":"ZfN7dWflZOqD8bvtsMR8P0BxWneojAkRTwmwyD616h8="},"indexInfo":{"baseKey":"Bee/7R7ZWtEqapJOusPxNqlnA0KnogSy7yqkqrBPZZBE","baseKeyType":1,"closed":1690535955350,"used":1690535952069,"created":1690535952069,"remoteIdentityKey":"BX2y25RsBHQGuSAxoQmIlv9OVcsUfX+G+eGdYvTWmSVp"},"_chains":{"BacSvlUCXzEV4ZE3skzcruK9nW7Ac46VODHSHahFTjFR":{"chainKey":{"counter":0,"key":"KkPACXqcTs8XMQbEJEHG+nuxMZJfsmrJRt/Dw1nYtVQ="},"chainType":1,"messageKeys":{}}},"pendingPreKey":{"signedKeyId":0,"baseKey":"Bee/7R7ZWtEqapJOusPxNqlnA0KnogSy7yqkqrBPZZBE","preKeyId":8419677}},"BZPvWpzASsA0r73HsSkP8IDPP1DUJxVt23rdOV67UoFq":{"registrationId":1504020717,"currentRatchet":{"ephemeralKeyPair":{"pubKey":"BSnVCUHIMIH5cY5F9ASAEBRmNHVyGpLRFzA1Gr67pZwh","privKey":"CKFOsd5z4ZN0Z/Fwao0yWu0RWZwJ4McVX8/8+YGjqFc="},"lastRemoteEphemeralKey":"BaSVUYLG9cQkL3Hih+vP5XualYdAXyNzo7Sqls6vsc0r","previousCounter":0,"rootKey":"M+5reA1x1zFzYaIe3tV7GPgMQd9JgtqGO7s2hwmg1Xw="},"indexInfo":{"baseKey":"BZPvWpzASsA0r73HsSkP8IDPP1DUJxVt23rdOV67UoFq","baseKeyType":1,"closed":1690535959006,"used":1690535955336,"created":1690535955336,"remoteIdentityKey":"BX2y25RsBHQGuSAxoQmIlv9OVcsUfX+G+eGdYvTWmSVp"},"_chains":{"BSnVCUHIMIH5cY5F9ASAEBRmNHVyGpLRFzA1Gr67pZwh":{"chainKey":{"counter":0,"key":"NMzL0P3GWbtg2NjGYM3n6liuR5E/WhiDIsZIMTzi+c4="},"chainType":1,"messageKeys":{}}},"pendingPreKey":{"signedKeyId":0,"baseKey":"BZPvWpzASsA0r73HsSkP8IDPP1DUJxVt23rdOV67UoFq","preKeyId":8419566}},"Bf7Pvwt8Ftj7djZe1qmoVQ9BdhojORoxrUkg9dud5zAw":{"registrationId":1504020717,"currentRatchet":{"ephemeralKeyPair":{"pubKey":"BS5zitxXhIClA26KvbZdtxCs/loK5m378/fHy9UwXKUb","privKey":"AL6E1Luwpn5/f3F0uc8iCO8GKHwYEvIGa3Dti7VfKEE="},"lastRemoteEphemeralKey":"BaSVUYLG9cQkL3Hih+vP5XualYdAXyNzo7Sqls6vsc0r","previousCounter":0,"rootKey":"UbZdR1speDP97vAGvXHd0R/AeY9Lq3m/mK5rmPAIJ9E="},"indexInfo":{"baseKey":"Bf7Pvwt8Ftj7djZe1qmoVQ9BdhojORoxrUkg9dud5zAw","baseKeyType":1,"closed":1690535962865,"used":1690535958989,"created":1690535958989,"remoteIdentityKey":"BX2y25RsBHQGuSAxoQmIlv9OVcsUfX+G+eGdYvTWmSVp"},"_chains":{"BS5zitxXhIClA26KvbZdtxCs/loK5m378/fHy9UwXKUb":{"chainKey":{"counter":0,"key":"6GNTsIhiZR+G74abZrKhsqismYsQYBJaq/upQp63AMw="},"chainType":1,"messageKeys":{}}},"pendingPreKey":{"signedKeyId":0,"baseKey":"Bf7Pvwt8Ftj7djZe1qmoVQ9BdhojORoxrUkg9dud5zAw","preKeyId":8419572}},"BeK3wyj3qITjdxGxnKbGixx60bBv7p6uVgHcPlO2cNE2":{"registrationId":1504020717,"currentRatchet":{"ephemeralKeyPair":{"pubKey":"BQ04Y35QHyiECVcjKPu1+YKVtrbI/gTW2L40uiDhQNoI","privKey":"APzlKoHqf0e4WIwznEew5jCxoI4Vt6cStVmZsoOcx3M="},"lastRemoteEphemeralKey":"BaSVUYLG9cQkL3Hih+vP5XualYdAXyNzo7Sqls6vsc0r","previousCounter":0,"rootKey":"xSTbrJ75maWnWkdikH/vOkL+WkXqtISNKmPoA6SHh3k="},"indexInfo":{"baseKey":"BeK3wyj3qITjdxGxnKbGixx60bBv7p6uVgHcPlO2cNE2","baseKeyType":1,"closed":1690535966028,"used":1690535962847,"created":1690535962847,"remoteIdentityKey":"BX2y25RsBHQGuSAxoQmIlv9OVcsUfX+G+eGdYvTWmSVp"},"_chains":{"BQ04Y35QHyiECVcjKPu1+YKVtrbI/gTW2L40uiDhQNoI":{"chainKey":{"counter":0,"key":"TmAvZrpcdlzkNQIgbaEgnV7HmLhmW0KYZdqRzermXh0="},"chainType":1,"messageKeys":{}}},"pendingPreKey":{"signedKeyId":0,"baseKey":"BeK3wyj3qITjdxGxnKbGixx60bBv7p6uVgHcPlO2cNE2","preKeyId":8419628}},"BaT0XS/1qvaUe+h4+yKVx3Lk8+NjYiSF51WpTjRZ+VpD":{"registrationId":1504020717,"currentRatchet":{"ephemeralKeyPair":{"pubKey":"BXt0Ia1mchEJYHp06ka/Q1/eNX9khJSNi2W7DpTt9tcD","privKey":"iPOY2lThR2Rzs9sVaViUxF0jMsB6mcv6J/WS2Y/B3m0="},"lastRemoteEphemeralKey":"BaSVUYLG9cQkL3Hih+vP5XualYdAXyNzo7Sqls6vsc0r","previousCounter":0,"rootKey":"guemV7/vwXfUpdckeEhc+pi7eMuAbU6qOMDbH1MF850="},"indexInfo":{"baseKey":"BaT0XS/1qvaUe+h4+yKVx3Lk8+NjYiSF51WpTjRZ+VpD","baseKeyType":1,"closed":1690535969162,"used":1690535966009,"created":1690535966009,"remoteIdentityKey":"BX2y25RsBHQGuSAxoQmIlv9OVcsUfX+G+eGdYvTWmSVp"},"_chains":{"BXt0Ia1mchEJYHp06ka/Q1/eNX9khJSNi2W7DpTt9tcD":{"chainKey":{"counter":0,"key":"JmDOqMwrFJuYwmrspWZphWUJsT06OxZqNFnB/SVIZKY="},"chainType":1,"messageKeys":{}}},"pendingPreKey":{"signedKeyId":0,"baseKey":"BaT0XS/1qvaUe+h4+yKVx3Lk8+NjYiSF51WpTjRZ+VpD","preKeyId":8419732}},"BX2++MMI7T32S9pxeExIsRXkWofrsbDCuoe3gZblGFgi":{"registrationId":1504020717,"currentRatchet":{"ephemeralKeyPair":{"pubKey":"BRS1wPtNW433n7FgzVm7Sgrqh9xChrXDovAxKse4oCkW","privKey":"GINJz9bVNfFo2swGThh5V0OZLS4daWpT2yFuhEh3iEI="},"lastRemoteEphemeralKey":"BaSVUYLG9cQkL3Hih+vP5XualYdAXyNzo7Sqls6vsc0r","previousCounter":0,"rootKey":"CnZyfMn6EOpr1+MAodUVk55Z4cs7VOC4Lh/URDlH4rc="},"indexInfo":{"baseKey":"BX2++MMI7T32S9pxeExIsRXkWofrsbDCuoe3gZblGFgi","baseKeyType":1,"closed":1690535973107,"used":1690535969147,"created":1690535969147,"remoteIdentityKey":"BX2y25RsBHQGuSAxoQmIlv9OVcsUfX+G+eGdYvTWmSVp"},"_chains":{"BRS1wPtNW433n7FgzVm7Sgrqh9xChrXDovAxKse4oCkW":{"chainKey":{"counter":0,"key":"Ou/jgwo7bQWrfuisRjp1tA1xiQSEfqYmU+nGLZ3pmkA="},"chainType":1,"messageKeys":{}}},"pendingPreKey":{"signedKeyId":0,"baseKey":"BX2++MMI7T32S9pxeExIsRXkWofrsbDCuoe3gZblGFgi","preKeyId":8419672}},"BfeAPUpluYdcZe2T/Vc+6YotiWAQetMyMo0qN9lZBDg+":{"registrationId":1504020717,"currentRatchet":{"ephemeralKeyPair":{"pubKey":"BdnZkZXNCfqoGv/gweNR03f1LRzhjl98KTgbKS7WQ28Y","privKey":"COstJ/dZV0tOvuWy4nFk47rNq/o7F2snbALFgOhopWw="},"lastRemoteEphemeralKey":"BaSVUYLG9cQkL3Hih+vP5XualYdAXyNzo7Sqls6vsc0r","previousCounter":0,"rootKey":"uI/OMJK+5p3+bZpzel5L3P/G3hyQS1/wl0OERpDLm0A="},"indexInfo":{"baseKey":"BfeAPUpluYdcZe2T/Vc+6YotiWAQetMyMo0qN9lZBDg+","baseKeyType":1,"closed":1690535976415,"used":1690535973088,"created":1690535973088,"remoteIdentityKey":"BX2y25RsBHQGuSAxoQmIlv9OVcsUfX+G+eGdYvTWmSVp"},"_chains":{"BdnZkZXNCfqoGv/gweNR03f1LRzhjl98KTgbKS7WQ28Y":{"chainKey":{"counter":0,"key":"WywL6d4nzwnvkith3MgYjM+ll8nKDDlGCEVvv3D29gM="},"chainType":1,"messageKeys":{}}},"pendingPreKey":{"signedKeyId":0,"baseKey":"BfeAPUpluYdcZe2T/Vc+6YotiWAQetMyMo0qN9lZBDg+","preKeyId":8419625}},"Bcpm++XipfntgjT7Wx3sdDE7M+h6Oa/mvf9E5U2x6+4H":{"registrationId":1504020717,"currentRatchet":{"ephemeralKeyPair":{"pubKey":"BfkXyIJzrN118xcygE7aMkjuyBAlado2+my08im6Bgdn","privKey":"cAbHraNTf8cX7bovn74iF7pluTqTcsE1UDDImPoyvkg="},"lastRemoteEphemeralKey":"BaSVUYLG9cQkL3Hih+vP5XualYdAXyNzo7Sqls6vsc0r","previousCounter":0,"rootKey":"gMVk2Ei3EzRODRxVvlNf/w38vW8lUnePSBor2gPif8g="},"indexInfo":{"baseKey":"Bcpm++XipfntgjT7Wx3sdDE7M+h6Oa/mvf9E5U2x6+4H","baseKeyType":1,"closed":1690535979674,"used":1690535976390,"created":1690535976390,"remoteIdentityKey":"BX2y25RsBHQGuSAxoQmIlv9OVcsUfX+G+eGdYvTWmSVp"},"_chains":{"BfkXyIJzrN118xcygE7aMkjuyBAlado2+my08im6Bgdn":{"chainKey":{"counter":0,"key":"qz5fYf6s9fuOaFrq9fckPVWtyRwYNvhSzUVpq1iI44k="},"chainType":1,"messageKeys":{}}},"pendingPreKey":{"signedKeyId":0,"baseKey":"Bcpm++XipfntgjT7Wx3sdDE7M+h6Oa/mvf9E5U2x6+4H","preKeyId":8419423}},"BUu7pwqtu4mrEQhbYDe4y8hd8+FBL30OOHXAlgxbCER1":{"registrationId":1504020717,"currentRatchet":{"ephemeralKeyPair":{"pubKey":"BZXpKfD/m6U7nC+Wx7Sb1HNgP3Mc1B2TDV6MM0BlfANu","privKey":"sCdcX5zxcLVK3w7jJxWYgLEndkkFNaqw033YBjqhEkM="},"lastRemoteEphemeralKey":"BaSVUYLG9cQkL3Hih+vP5XualYdAXyNzo7Sqls6vsc0r","previousCounter":0,"rootKey":"QP43yUlUgJQUVLkWw4KU1D/QZG4TLM4+j0KtyW3Eh2Q="},"indexInfo":{"baseKey":"BUu7pwqtu4mrEQhbYDe4y8hd8+FBL30OOHXAlgxbCER1","baseKeyType":1,"closed":-1,"used":1690535979657,"created":1690535979657,"remoteIdentityKey":"BX2y25RsBHQGuSAxoQmIlv9OVcsUfX+G+eGdYvTWmSVp"},"_chains":{"BZXpKfD/m6U7nC+Wx7Sb1HNgP3Mc1B2TDV6MM0BlfANu":{"chainKey":{"counter":57,"key":"P1r0YRHWLAzKVb7s0u4bSNFFXO6IYnBdHmKn4ueuPhw="},"chainType":1,"messageKeys":{}}},"pendingPreKey":{"signedKeyId":0,"baseKey":"BUu7pwqtu4mrEQhbYDe4y8hd8+FBL30OOHXAlgxbCER1","preKeyId":8419574}}},"version":"v1"}