{"_sessions":{"BdPIsaea3sVRpFt4pcvnhL4bwr2Fa2Wcmn4U+0DtFRY3":{"registrationId":555201155,"currentRatchet":{"ephemeralKeyPair":{"pubKey":"BWy2Wkjalpf5bZsesB2I3gM1tG0LEC+uIuhof7mChrw6","privKey":"UN5R8GmtFmGxmwxanw7yY6LVhq0xy0HY+03ZImq3tkA="},"lastRemoteEphemeralKey":"BdDa05V6/Ogdh2NYQ7zuNUtJXrOCEY8gVBLSJKIiBCpf","previousCounter":0,"rootKey":"TmHhbaNOzunX7rqx0cCjwRiK8T0L7YxrWfVo+Yf3G2Y="},"indexInfo":{"baseKey":"BdPIsaea3sVRpFt4pcvnhL4bwr2Fa2Wcmn4U+0DtFRY3","baseKeyType":1,"closed":-1,"used":1690523857039,"created":1690523857039,"remoteIdentityKey":"BeYn4HADjt09nDk9DqWW2zaoFwUetos35VHlxspihOMs"},"_chains":{"BWy2Wkjalpf5bZsesB2I3gM1tG0LEC+uIuhof7mChrw6":{"chainKey":{"counter":197,"key":"VW9Barb6K3yDcctjVOf4D5UrdVTsLXY9PR2zfXvnolQ="},"chainType":1,"messageKeys":{}}},"pendingPreKey":{"signedKeyId":1,"baseKey":"BdPIsaea3sVRpFt4pcvnhL4bwr2Fa2Wcmn4U+0DtFRY3","preKeyId":3629774}}},"version":"v1"}