{"_sessions":{"BWGfjRCAqv/eSCEuw2vpQGxgKMaok9Gj03KgZjYU/Qh6":{"registrationId":111,"currentRatchet":{"ephemeralKeyPair":{"pubKey":"BcNznjnPh5m4d+vvedNLkUP6lqM7D3Nxf+AIIJtFddE8","privKey":"CP0d1seEWkjL0Ax57IXYUGb5KnGYV/JhleCvxqN95nw="},"lastRemoteEphemeralKey":"BQRDSLd1/Zc0733q6i8ANoaBaNtplq1LGh/7HSTnGCA6","previousCounter":0,"rootKey":"ri9N6S4bduNAaat9snBVJugiOXZs7/0VgChrz9lMqpI="},"indexInfo":{"baseKey":"BWGfjRCAqv/eSCEuw2vpQGxgKMaok9Gj03KgZjYU/Qh6","baseKeyType":1,"closed":-1,"used":1690523855275,"created":1690523855275,"remoteIdentityKey":"BZzFYxmxbu+XU1WI0vb5o93ZhciXTZVMN7yMpS1HrDZM"},"_chains":{"BcNznjnPh5m4d+vvedNLkUP6lqM7D3Nxf+AIIJtFddE8":{"chainKey":{"counter":197,"key":"8pSz1dgOeVB8IYy2uF0+zvE460iRu5IhZL7yn8SaswI="},"chainType":1,"messageKeys":{}}},"pendingPreKey":{"signedKeyId":1,"baseKey":"BWGfjRCAqv/eSCEuw2vpQGxgKMaok9Gj03KgZjYU/Qh6"}}},"version":"v1"}