{"_sessions":{"BZ0hKdJyWQokUh/K3c9Rcto3YrxQBpYeIQv4ml8AIq4g":{"registrationId":1358659050,"currentRatchet":{"ephemeralKeyPair":{"pubKey":"BXmXu7AY7tJYwWwd+uSZ1COSibvlcKrks1BhjsIPCiRc","privKey":"8FkhErQNqCoYZnR+8fRU8wEM39sNGL4rcDjTCo1tHXA="},"lastRemoteEphemeralKey":"BdO8n6XL3mB2w48ST2gl0InwYKJW5eK9tWJAbhFohowx","previousCounter":0,"rootKey":"n3re8y9bPAErlU4z1WafmFlC2wR+F+ZlvgzJjMg6Js8="},"indexInfo":{"baseKey":"BZ0hKdJyWQokUh/K3c9Rcto3YrxQBpYeIQv4ml8AIq4g","baseKeyType":1,"closed":-1,"used":1690512636364,"created":1690512636364,"remoteIdentityKey":"BZ75bbX7SbvzPcQFqLlzkvDNMAAlRbIeUj2PRzX+SZMB"},"_chains":{"BXmXu7AY7tJYwWwd+uSZ1COSibvlcKrks1BhjsIPCiRc":{"chainKey":{"counter":124,"key":"TuLSE84i6kJku13rBqdRqPCoD7oM8Ouvq4bSmDqkkk4="},"chainType":1,"messageKeys":{}}},"pendingPreKey":{"signedKeyId":30,"baseKey":"BZ0hKdJyWQokUh/K3c9Rcto3YrxQBpYeIQv4ml8AIq4g","preKeyId":7457664}}},"version":"v1"}