{"_sessions":{"BaKJ1U1wFCYumb3WL9nGIrbYneDVdCu1KUWWR3kf8F5v":{"registrationId":2135558829,"currentRatchet":{"ephemeralKeyPair":{"pubKey":"BblLqs0TpuBq/fBERr3/78PrA2si26vmhSm+a0BQJIJ/","privKey":"0BuYEkRxJClLirnrZ//9gXiuitKYTElkf+au1Mahy3U="},"lastRemoteEphemeralKey":"BWV9q+HWW/NHYj9rm9EBZ+aL+kzDFunXSqPBgVaP2WkR","previousCounter":0,"rootKey":"ZStelTp1AYHKGhE+j6GWXDCxuVIv8wCvHZLsbAQFzxs="},"indexInfo":{"baseKey":"BaKJ1U1wFCYumb3WL9nGIrbYneDVdCu1KUWWR3kf8F5v","baseKeyType":1,"closed":-1,"used":1690523855964,"created":1690523855964,"remoteIdentityKey":"BSFUi2ezbdanzmf8OClSN1JGB0EBZ2f8/pKYEmFNM1Yx"},"_chains":{"BblLqs0TpuBq/fBERr3/78PrA2si26vmhSm+a0BQJIJ/":{"chainKey":{"counter":197,"key":"cqFu45yYhRa+0/Q1bLHfu/yutV4qdPOT1o5OEc6V0ZU="},"chainType":1,"messageKeys":{}}},"pendingPreKey":{"signedKeyId":3,"baseKey":"BaKJ1U1wFCYumb3WL9nGIrbYneDVdCu1KUWWR3kf8F5v","preKeyId":841665}}},"version":"v1"}