{"_sessions":{"BTmtfxLWbM83f9ZSHPO632V5NTHjVKyvC2RCYduq7rJ7":{"registrationId":144,"currentRatchet":{"ephemeralKeyPair":{"pubKey":"Be+XJTO43g3BYCY7loa2ekk9yowQIR9cEhT1EWI0RIY1","privKey":"8GCp9A93d3w7kgASAAPX3JH60zxvt4y0G5OOB8HIr04="},"lastRemoteEphemeralKey":"BUqAjSZIdE8kmSOL0hpMrOJKpKhCnTpAFuombIjtd9Un","previousCounter":0,"rootKey":"38rVZE7bpFVD4kKzCxeRmUX/7zesr1wTVEv51vaIjco="},"indexInfo":{"baseKey":"BTmtfxLWbM83f9ZSHPO632V5NTHjVKyvC2RCYduq7rJ7","baseKeyType":1,"closed":-1,"used":1690523855169,"created":1690523855169,"remoteIdentityKey":"BTcMYnptoVae4r9yj438mUX2wcwzsiUh3LFFxMLmbYMB"},"_chains":{"Be+XJTO43g3BYCY7loa2ekk9yowQIR9cEhT1EWI0RIY1":{"chainKey":{"counter":45,"key":"qgc+BiAwFBeR5EVAZRTgy1vOrevcVN5fDzpM483z+mA="},"chainType":1,"messageKeys":{}}},"pendingPreKey":{"signedKeyId":1,"baseKey":"BTmtfxLWbM83f9ZSHPO632V5NTHjVKyvC2RCYduq7rJ7"}}},"version":"v1"}