{"_sessions":{"BevFLeILRWEjGmKCx2yLIw4KuKqIihDqNpGuGozTVz0e":{"registrationId":2035716859,"currentRatchet":{"ephemeralKeyPair":{"pubKey":"BSi4vf9S5J86IaAeGpVbB0/kTXpp+NkBqHmOSSff5tw7","privKey":"ONyx6zcZNtkjI2Vmpa5uusxnD+wGHeXrx7BOESBC91k="},"lastRemoteEphemeralKey":"BZ5TIQMBiD13Puf0PPvoEpxTuHiXopvlwV2f6MdwQXV8","previousCounter":0,"rootKey":"tZTAsnYZ9lZ1QbwbjXJh4WObJUlXCB839LlQSNbUujQ="},"indexInfo":{"baseKey":"BevFLeILRWEjGmKCx2yLIw4KuKqIihDqNpGuGozTVz0e","baseKeyType":1,"closed":-1,"used":1690512636099,"created":1690512636099,"remoteIdentityKey":"BbUXMPEn1IiLyqq390Jepnl8s99S2MEMBRMikvHu6lE6"},"_chains":{"BSi4vf9S5J86IaAeGpVbB0/kTXpp+NkBqHmOSSff5tw7":{"chainKey":{"counter":322,"key":"jh4110AfPAYUKLDZrKYemtbf4kwQNn42cXtFCtMburA="},"chainType":1,"messageKeys":{}}},"pendingPreKey":{"signedKeyId":0,"baseKey":"BevFLeILRWEjGmKCx2yLIw4KuKqIihDqNpGuGozTVz0e","preKeyId":8190458}}},"version":"v1"}