{"_sessions":{"BdWJLdNhPDKG9T7qlIAQLj/QdGTk6wgAbLSMaxUAqhAi":{"registrationId":2039286569,"currentRatchet":{"ephemeralKeyPair":{"pubKey":"BXV9jd/XYU7o94Lzycy/phcaGnUXPrRA//uTCJiZOM1v","privKey":"CIAnsi+eZVZieGyygJeDpuCjZlREIvOdCRHIMcR5OHM="},"lastRemoteEphemeralKey":"BQUg/oGpADGa9ArwKaW32d2yYpeUIR9GHgFcDnHqq2oM","previousCounter":0,"rootKey":"mMCwaYe+jrAaAFMxNg9c5tZW2+LUbWJvXoJlEspifbE="},"indexInfo":{"baseKey":"BdWJLdNhPDKG9T7qlIAQLj/QdGTk6wgAbLSMaxUAqhAi","baseKeyType":1,"closed":-1,"used":1690523857360,"created":1690523857360,"remoteIdentityKey":"BToybTMXCjh1nHlM89L7GugcDe9+sIheBxRLYRTf1P1t"},"_chains":{"BXV9jd/XYU7o94Lzycy/phcaGnUXPrRA//uTCJiZOM1v":{"chainKey":{"counter":197,"key":"zgtievnjBXnxk0wP5nUAdqL10iEXxNRgNKGuZ4Q5FfM="},"chainType":1,"messageKeys":{}}},"pendingPreKey":{"signedKeyId":3,"baseKey":"BdWJLdNhPDKG9T7qlIAQLj/QdGTk6wgAbLSMaxUAqhAi","preKeyId":4823964}}},"version":"v1"}