{"_sessions":{"BevarmY4Tz9rTwV94DI4l71umvXRuntUkAUst8MjHetT":{"registrationId":1372358391,"currentRatchet":{"ephemeralKeyPair":{"pubKey":"BbowoJJ/4AkT3f1PtCnNL9UANtSVRmiIKObQkRxcUOsP","privKey":"sEwrqg0KLbXKEji1EYE3AIEG5Z5QWTcNvSjkScR2G3U="},"lastRemoteEphemeralKey":"BfyUZsR+JSlVbWTBarri4AFPmhse0fhEuQHcOy94cz1S","previousCounter":0,"rootKey":"6EhUpq+3+I+fd9MVkVptGbFYh5hCh6KIRx0YPkhOVk4="},"indexInfo":{"baseKey":"BevarmY4Tz9rTwV94DI4l71umvXRuntUkAUst8MjHetT","baseKeyType":1,"closed":-1,"used":1690512635952,"created":1690512635952,"remoteIdentityKey":"BVdn9UZF+5u0p4X5gEbVzGZvXKY6aPwY9KNpDTJz9mhc"},"_chains":{"BbowoJJ/4AkT3f1PtCnNL9UANtSVRmiIKObQkRxcUOsP":{"chainKey":{"counter":325,"key":"KVOJIj+BMCIXTRAARr0Zw6AozspQTsDDazl59cyJlDg="},"chainType":1,"messageKeys":{}}},"pendingPreKey":{"signedKeyId":3,"baseKey":"BevarmY4Tz9rTwV94DI4l71umvXRuntUkAUst8MjHetT"}}},"version":"v1"}