{"_sessions":{"BdaDsMqt9LsOXS4ndM/vQSiK7etgjh3PRk2zzfFbONt3":{"registrationId":904856850,"currentRatchet":{"ephemeralKeyPair":{"pubKey":"BSqIxr8Ok5FtMhWHHfzy6NM3X+nXQxvEB2lj7dGeVckO","privKey":"mJaNMp1PNM7FvXAgApYrYsdZ4KSBWRNI72QOt8sjUlA="},"lastRemoteEphemeralKey":"BVgmben1mIQNsu/j2voDF+nhqvBmSt0Xf63xWtII0JBs","previousCounter":0,"rootKey":"GnG9BAtwxcy0iD5Y2rGpvoZnbr19ZlmvlnltGl9HNuI="},"indexInfo":{"baseKey":"BdaDsMqt9LsOXS4ndM/vQSiK7etgjh3PRk2zzfFbONt3","baseKeyType":1,"closed":-1,"used":1690523857432,"created":1690523857432,"remoteIdentityKey":"BeEiisFiMKsPOPNMMCtlReDr/SJuNBwNMUVUwawq+pN3"},"_chains":{"BSqIxr8Ok5FtMhWHHfzy6NM3X+nXQxvEB2lj7dGeVckO":{"chainKey":{"counter":197,"key":"23cGfmZQHip53kevfW64JojMAMkpm16BWI7q0S0jVIM="},"chainType":1,"messageKeys":{}}},"pendingPreKey":{"signedKeyId":2,"baseKey":"BdaDsMqt9LsOXS4ndM/vQSiK7etgjh3PRk2zzfFbONt3","preKeyId":9371102}}},"version":"v1"}