{"_sessions":{"BdLA+dB5q1KwhRLta8kItRC86izFaNBJ8pL4Ku5cMJAs":{"registrationId":894535606,"currentRatchet":{"ephemeralKeyPair":{"pubKey":"BR0gnzJ0McHLdRDkTe7m29Jj9UCgB5yeK29UJa1B5K5W","privKey":"cP0fLprbLtcTE4ceuH1WWFsOERFqcqk64TW8unvnGUY="},"lastRemoteEphemeralKey":"BbNpAV9ohqKae1pySyjbBeKtClNf0tbRRvaQ+Ytzjjcc","previousCounter":0,"rootKey":"IoAiBIh3ujMXUdQC9cvu51GgDu7h4mDUf1to1ptO+LI="},"indexInfo":{"baseKey":"BdLA+dB5q1KwhRLta8kItRC86izFaNBJ8pL4Ku5cMJAs","baseKeyType":1,"closed":-1,"used":1690523856998,"created":1690523856998,"remoteIdentityKey":"BR+wOp6CQGVzmYf9YlxrQE/J6JQt3bcW03GleA+buiEy"},"_chains":{"BR0gnzJ0McHLdRDkTe7m29Jj9UCgB5yeK29UJa1B5K5W":{"chainKey":{"counter":197,"key":"1wt2V4B/wkrLweSeqnUsJKYtlNG2B+DVwRhM1H4hK+A="},"chainType":1,"messageKeys":{}}},"pendingPreKey":{"signedKeyId":0,"baseKey":"BdLA+dB5q1KwhRLta8kItRC86izFaNBJ8pL4Ku5cMJAs"}}},"version":"v1"}