{"_sessions":{"BWL6O1d0W27vgsM8rHYRlmSbOhHob70YpMwh3OWaznRg":{"registrationId":9295,"currentRatchet":{"ephemeralKeyPair":{"pubKey":"BYyFiwcl9AktHsvuTrs8ZsZdOBS13xKjcqfNyH7WXdFX","privKey":"CJgrFtI+YZOjnNeGdcavc2nXLVU+kBNdN+/JrEElBFU="},"lastRemoteEphemeralKey":"BRoPczvcXm9pvruruBMEI/AgpG1MuFOAfbPwZ8pb9RgA","previousCounter":0,"rootKey":"QfE1cKWbDp1buXMe+aPmDxbPTZdPX2kgFcfvn7ZpZJY="},"indexInfo":{"baseKey":"BWL6O1d0W27vgsM8rHYRlmSbOhHob70YpMwh3OWaznRg","baseKeyType":1,"closed":-1,"used":1690512845576,"created":1690512845576,"remoteIdentityKey":"BfimINtM/3bYCzp5d3pctNpC9kTp0a+thEIEH753WK9N"},"_chains":{"BYyFiwcl9AktHsvuTrs8ZsZdOBS13xKjcqfNyH7WXdFX":{"chainKey":{"counter":2,"key":"x2pXZSQ4pAOE8QMZK2QKgjKFubze8DIPdPjpla0+IwY="},"chainType":1,"messageKeys":{}}},"pendingPreKey":{"signedKeyId":1,"baseKey":"BWL6O1d0W27vgsM8rHYRlmSbOhHob70YpMwh3OWaznRg"}}},"version":"v1"}