{"_sessions":{"BbxNdpyWHKx+RwMk7Ut2+xZrZgPdXc34rMbfNrf26jJS":{"registrationId":0,"currentRatchet":{"ephemeralKeyPair":{"pubKey":"BaB2K6rj09Ti0b/Mq0Y5YIedwzcftS65I8DtY/AbOiAb","privKey":"sA9gowa2Gn2OJpuC6bjtQ5tXJW5Zu1gfk+zNC4sAtXg="},"lastRemoteEphemeralKey":"BagcyLixUf4x1na2bussngtOHFmZfLAd7cLg1Ic0At8Y","previousCounter":0,"rootKey":"WvBKVNitIviKp8jSGAxpwz84oLl2p4LfP5cl2GpqIKc="},"indexInfo":{"baseKey":"BbxNdpyWHKx+RwMk7Ut2+xZrZgPdXc34rMbfNrf26jJS","baseKeyType":2,"closed":1690524152174,"used":1690513181469,"created":1690513181469,"remoteIdentityKey":"BVIKZh/n+fRmrR2C9QpmlL/XWVIFencdZjt7D7thWv5M"},"_chains":{"BagcyLixUf4x1na2bussngtOHFmZfLAd7cLg1Ic0At8Y":{"chainKey":{"counter":0,"key":"zhAYWddplDGOtAGaZo3DURlaTogZ+r0exNKtu0BYiYE="},"chainType":2,"messageKeys":{}},"BaB2K6rj09Ti0b/Mq0Y5YIedwzcftS65I8DtY/AbOiAb":{"chainKey":{"counter":0,"key":"JiJvX/wuhouEDWgQTyvpIZJt2NGOFCNRkLTz32FoCLE="},"chainType":1,"messageKeys":{}}}},"BWgL6LIRibL0guGDXOa8ZIFCQEdPEhbTyIK5nqu9geRG":{"registrationId":0,"currentRatchet":{"ephemeralKeyPair":{"pubKey":"BTEwPFo6VIoaZdRuJUTzCUr5xdmMotwZKx95pdr9U1p0","privKey":"SEZcqSHnOLPcbhXBSwWfp5X8tcTzhuGuvL/sErvU8kE="},"lastRemoteEphemeralKey":"BSFjMselpy3U+gURFeb2RhX2nl6CV0+g9lL8ccDxnLhN","previousCounter":0,"rootKey":"bB+Q0D2PPptJ0AeG0KA1PYQHdR+bxuHj7Xr4RQkhw2w="},"indexInfo":{"baseKey":"BWgL6LIRibL0guGDXOa8ZIFCQEdPEhbTyIK5nqu9geRG","baseKeyType":1,"closed":1690524168323,"used":1690524152135,"created":1690524152135,"remoteIdentityKey":"BVIKZh/n+fRmrR2C9QpmlL/XWVIFencdZjt7D7thWv5M"},"_chains":{"BTEwPFo6VIoaZdRuJUTzCUr5xdmMotwZKx95pdr9U1p0":{"chainKey":{"counter":4,"key":"r8BC96jzbxKNi7H6EovQGF2VVSMDc0xqt04dEGYOInU="},"chainType":1,"messageKeys":{}}},"pendingPreKey":{"signedKeyId":1,"baseKey":"BWgL6LIRibL0guGDXOa8ZIFCQEdPEhbTyIK5nqu9geRG"}},"BVaYS8eCBREwM1ET5rCWFcfTPy5F6xPGsZBPQKUyQbZv":{"registrationId":0,"currentRatchet":{"ephemeralKeyPair":{"pubKey":"BUxq+g8a1k/28pD5S/RPnOuiTGG2lQjbYK42t7rTpChx","privKey":"6BtqZm2jTXiT1H2hy9zTBFLBtQPJoq8P6nw5jnpSKH4="},"lastRemoteEphemeralKey":"BSFjMselpy3U+gURFeb2RhX2nl6CV0+g9lL8ccDxnLhN","previousCounter":0,"rootKey":"cj36qHPUcd2sXMkAlR7wFueatcl72uSjLAx+VcNE/2c="},"indexInfo":{"baseKey":"BVaYS8eCBREwM1ET5rCWFcfTPy5F6xPGsZBPQKUyQbZv","baseKeyType":1,"closed":1690524183256,"used":1690524168278,"created":1690524168278,"remoteIdentityKey":"BVIKZh/n+fRmrR2C9QpmlL/XWVIFencdZjt7D7thWv5M"},"_chains":{"BUxq+g8a1k/28pD5S/RPnOuiTGG2lQjbYK42t7rTpChx":{"chainKey":{"counter":4,"key":"vjwdo4iJnSRGvwqNgLJEaRZXcHoPeJ9qg9+MiUiHQ3w="},"chainType":1,"messageKeys":{}}},"pendingPreKey":{"signedKeyId":1,"baseKey":"BVaYS8eCBREwM1ET5rCWFcfTPy5F6xPGsZBPQKUyQbZv"}},"BVj6MtMUK5Nhqu6EZNOvdWhl9gy/RQUx2m1chC+9qslr":{"registrationId":0,"currentRatchet":{"ephemeralKeyPair":{"pubKey":"BYBvG4fmM4IVRE3QPFPl6/dxBApGZDKx/pY5D7YxkWQp","privKey":"CChArPBQ1XHxKL6XZ3oVovOfa9Kl+GYsu/25ASnf71Q="},"lastRemoteEphemeralKey":"BSFjMselpy3U+gURFeb2RhX2nl6CV0+g9lL8ccDxnLhN","previousCounter":0,"rootKey":"6MUBwG3kSHXGMaDVH3vf1JUsEgOaSkMEInJSQO9FxnQ="},"indexInfo":{"baseKey":"BVj6MtMUK5Nhqu6EZNOvdWhl9gy/RQUx2m1chC+9qslr","baseKeyType":1,"closed":1690524196237,"used":1690524183226,"created":1690524183226,"remoteIdentityKey":"BVIKZh/n+fRmrR2C9QpmlL/XWVIFencdZjt7D7thWv5M"},"_chains":{"BYBvG4fmM4IVRE3QPFPl6/dxBApGZDKx/pY5D7YxkWQp":{"chainKey":{"counter":4,"key":"/peNJdkieNgGaZTBA5PH43TPneS6jKu+QdCrB5t0CT0="},"chainType":1,"messageKeys":{}}},"pendingPreKey":{"signedKeyId":1,"baseKey":"BVj6MtMUK5Nhqu6EZNOvdWhl9gy/RQUx2m1chC+9qslr"}},"BT8cdMvYEHjXdJA4xYOj/nnXZVKH8uVl+sKratTTl8AO":{"registrationId":0,"currentRatchet":{"ephemeralKeyPair":{"pubKey":"Bb6hlCwLljB/eepm5k/zYX10KtiFTU5Y2OO0qRs5KecO","privKey":"sIMo7CLCXcq3C6zpffJzPNaLi0dnw1l9xcwejcxTx2o="},"lastRemoteEphemeralKey":"BSFjMselpy3U+gURFeb2RhX2nl6CV0+g9lL8ccDxnLhN","previousCounter":0,"rootKey":"nvquFp8PhC4+Jpz65c5drkBXfoL3ERbmcK+2suJuJ9g="},"indexInfo":{"baseKey":"BT8cdMvYEHjXdJA4xYOj/nnXZVKH8uVl+sKratTTl8AO","baseKeyType":1,"closed":1690524440220,"used":1690524196227,"created":1690524196227,"remoteIdentityKey":"BVIKZh/n+fRmrR2C9QpmlL/XWVIFencdZjt7D7thWv5M"},"_chains":{"Bb6hlCwLljB/eepm5k/zYX10KtiFTU5Y2OO0qRs5KecO":{"chainKey":{"counter":6,"key":"8LXzDb6osuPAk6bhs+gH81zU90sKMcXZ5t3Ii1IOBEw="},"chainType":1,"messageKeys":{}}},"pendingPreKey":{"signedKeyId":1,"baseKey":"BT8cdMvYEHjXdJA4xYOj/nnXZVKH8uVl+sKratTTl8AO"}},"Bf10JeiiL4p57u6QHIjVv0BXHtEhdY8DQQXVvP2KGP0c":{"registrationId":0,"currentRatchet":{"ephemeralKeyPair":{"pubKey":"BZvW2UQ5T7g/nXs6j/oyNUgCp0B4T73b5y0YR45Vj4Ns","privKey":"IBwI8WI55FJntFP4hY98bi9wussnSK0Ay+eMTDOjmFU="},"lastRemoteEphemeralKey":"BSFjMselpy3U+gURFeb2RhX2nl6CV0+g9lL8ccDxnLhN","previousCounter":0,"rootKey":"YdsqxU1ZQYTfX9923e3QsIXbLH4xVI94JpJdUyt6Quk="},"indexInfo":{"baseKey":"Bf10JeiiL4p57u6QHIjVv0BXHtEhdY8DQQXVvP2KGP0c","baseKeyType":1,"closed":1690524445241,"used":1690524440193,"created":1690524440193,"remoteIdentityKey":"BVIKZh/n+fRmrR2C9QpmlL/XWVIFencdZjt7D7thWv5M"},"_chains":{"BZvW2UQ5T7g/nXs6j/oyNUgCp0B4T73b5y0YR45Vj4Ns":{"chainKey":{"counter":0,"key":"pTkCKp+d9aHEaGH9iM95/YVjmJruxAZvct0XbPGEYSY="},"chainType":1,"messageKeys":{}}},"pendingPreKey":{"signedKeyId":1,"baseKey":"Bf10JeiiL4p57u6QHIjVv0BXHtEhdY8DQQXVvP2KGP0c"}},"BTLVV8qcgEpw+csA5dNBFF2IBn5HONC9yT25gw+bNqRZ":{"registrationId":0,"currentRatchet":{"ephemeralKeyPair":{"pubKey":"BUszuPiNZgG4LUU+wrYshY4ZIHC1e/wIXnNr+nFHanlT","privKey":"+NbMVlKGSyicvjVhVLlqS0a0KCFGnwSnHnMKP8c/71k="},"lastRemoteEphemeralKey":"BSFjMselpy3U+gURFeb2RhX2nl6CV0+g9lL8ccDxnLhN","previousCounter":0,"rootKey":"HgIFW9vr2DS+QD8zFwg60ygeKSWuRl/vO/riaen/cGw="},"indexInfo":{"baseKey":"BTLVV8qcgEpw+csA5dNBFF2IBn5HONC9yT25gw+bNqRZ","baseKeyType":1,"closed":1690524451076,"used":1690524445199,"created":1690524445199,"remoteIdentityKey":"BVIKZh/n+fRmrR2C9QpmlL/XWVIFencdZjt7D7thWv5M"},"_chains":{"BUszuPiNZgG4LUU+wrYshY4ZIHC1e/wIXnNr+nFHanlT":{"chainKey":{"counter":0,"key":"9GdxRmqe1Jy5fNIOvDCU4dAgi/nN74bLXoSqQthbN+Q="},"chainType":1,"messageKeys":{}}},"pendingPreKey":{"signedKeyId":1,"baseKey":"BTLVV8qcgEpw+csA5dNBFF2IBn5HONC9yT25gw+bNqRZ"}},"BWJnlO5WFM5CcuwRvGI9EJD+TheipCJGBJLgaqdAM2VR":{"registrationId":0,"currentRatchet":{"ephemeralKeyPair":{"pubKey":"BTVySXJmAcZD8pTiWcCBXStO4upamJXRHnvy3bTxGF9e","privKey":"wFvZ38fu03T1XOvn2ulTjGwN90biylMurMI55z3JbGE="},"lastRemoteEphemeralKey":"BSFjMselpy3U+gURFeb2RhX2nl6CV0+g9lL8ccDxnLhN","previousCounter":0,"rootKey":"Dchi21arCQRim/oJLmmVn9k3uAJKkzP1brpFK7bzNNo="},"indexInfo":{"baseKey":"BWJnlO5WFM5CcuwRvGI9EJD+TheipCJGBJLgaqdAM2VR","baseKeyType":1,"closed":1690524455666,"used":1690524451056,"created":1690524451056,"remoteIdentityKey":"BVIKZh/n+fRmrR2C9QpmlL/XWVIFencdZjt7D7thWv5M"},"_chains":{"BTVySXJmAcZD8pTiWcCBXStO4upamJXRHnvy3bTxGF9e":{"chainKey":{"counter":0,"key":"xEsnTDZ3ZyjupEw54V8dX+79M+g5NOjOGCC2m3HNVPg="},"chainType":1,"messageKeys":{}}},"pendingPreKey":{"signedKeyId":1,"baseKey":"BWJnlO5WFM5CcuwRvGI9EJD+TheipCJGBJLgaqdAM2VR"}},"BSQnzKGe7T+IBi6FkzFN9oS0OY7DRHvEbt/MGBNzflU2":{"registrationId":0,"currentRatchet":{"ephemeralKeyPair":{"pubKey":"BRx711ggd4RZ2I0Q3pw6XvHCsaLBMNsIkKo+BwAL5Axq","privKey":"6OWW6IYDt3G7xaZH7DHMNZ+1zMyKLasMeze41WozLEM="},"lastRemoteEphemeralKey":"BSFjMselpy3U+gURFeb2RhX2nl6CV0+g9lL8ccDxnLhN","previousCounter":0,"rootKey":"kTw68gCEURdnie7yW4tZlRiN+mMbffKO2/UGnlyCoKs="},"indexInfo":{"baseKey":"BSQnzKGe7T+IBi6FkzFN9oS0OY7DRHvEbt/MGBNzflU2","baseKeyType":1,"closed":1690524459614,"used":1690524455644,"created":1690524455644,"remoteIdentityKey":"BVIKZh/n+fRmrR2C9QpmlL/XWVIFencdZjt7D7thWv5M"},"_chains":{"BRx711ggd4RZ2I0Q3pw6XvHCsaLBMNsIkKo+BwAL5Axq":{"chainKey":{"counter":0,"key":"6qn7EvXd3RVNxk7MfR8q5oWt+aL0HanpHoNwldvJlZ8="},"chainType":1,"messageKeys":{}}},"pendingPreKey":{"signedKeyId":1,"baseKey":"BSQnzKGe7T+IBi6FkzFN9oS0OY7DRHvEbt/MGBNzflU2"}},"BQDpy1462ttW9YFIsEmMI8l7ClqFk5yMHo0wroKWIVUv":{"registrationId":0,"currentRatchet":{"ephemeralKeyPair":{"pubKey":"BRoAMtF+vdNCJyi0fKWmX7ey9KZ/SYphCF5OaxewlCFz","privKey":"uJdeLD3dTWb2Vm83BUH6lf0jL6Syo2RbSpbsyu3IZWk="},"lastRemoteEphemeralKey":"BSFjMselpy3U+gURFeb2RhX2nl6CV0+g9lL8ccDxnLhN","previousCounter":0,"rootKey":"LPHPINnLdxvyZkGgaEZgI2DSUwM9Q81q+wEBzPSWUpQ="},"indexInfo":{"baseKey":"BQDpy1462ttW9YFIsEmMI8l7ClqFk5yMHo0wroKWIVUv","baseKeyType":1,"closed":1690525328652,"used":1690524459598,"created":1690524459598,"remoteIdentityKey":"BVIKZh/n+fRmrR2C9QpmlL/XWVIFencdZjt7D7thWv5M"},"_chains":{"BRoAMtF+vdNCJyi0fKWmX7ey9KZ/SYphCF5OaxewlCFz":{"chainKey":{"counter":14,"key":"0WJXWwl9X6UAyqJnOdgqgMf58Wq/VQGapbnOh2NPmZU="},"chainType":1,"messageKeys":{}}},"pendingPreKey":{"signedKeyId":1,"baseKey":"BQDpy1462ttW9YFIsEmMI8l7ClqFk5yMHo0wroKWIVUv"}},"BX5UIqXOWCU42LOZpTgobsUrVHm7DjvTdbzRTGDi2r0m":{"registrationId":0,"currentRatchet":{"ephemeralKeyPair":{"pubKey":"BSGOduuxjPQ0FQ3ZLt1ModQig2F/sYSwbxYBZUEp51Zj","privKey":"aF1ixrOCZvFC8jbbEQDhX1feakqzY4mTVo+k1y72I1A="},"lastRemoteEphemeralKey":"BSFjMselpy3U+gURFeb2RhX2nl6CV0+g9lL8ccDxnLhN","previousCounter":0,"rootKey":"TuVYGRPI9Pg7dejmmPVQrJOeEB5g/16Rwe/Xwes7O0I="},"indexInfo":{"baseKey":"BX5UIqXOWCU42LOZpTgobsUrVHm7DjvTdbzRTGDi2r0m","baseKeyType":1,"closed":1690525332471,"used":1690525328614,"created":1690525328614,"remoteIdentityKey":"BVIKZh/n+fRmrR2C9QpmlL/XWVIFencdZjt7D7thWv5M"},"_chains":{"BSGOduuxjPQ0FQ3ZLt1ModQig2F/sYSwbxYBZUEp51Zj":{"chainKey":{"counter":0,"key":"yOYu/Vh7nCkMPzQIPrhLY+lMNXlLyKsk0oVzlUu6eMU="},"chainType":1,"messageKeys":{}}},"pendingPreKey":{"signedKeyId":1,"baseKey":"BX5UIqXOWCU42LOZpTgobsUrVHm7DjvTdbzRTGDi2r0m"}},"BQll3rrDjwM9WrJOaxh0/lHd8x0tfiLKYM0i1Kg4JaMp":{"registrationId":0,"currentRatchet":{"ephemeralKeyPair":{"pubKey":"Bc/TmtDVLSn2dXuQy6EWS3uykLAe+s490vGI3FO9p/9C","privKey":"4Eh+Szam9ZCvr9WxxPWDEPMXMVQdCXpGHK+ExO1NvVY="},"lastRemoteEphemeralKey":"BSFjMselpy3U+gURFeb2RhX2nl6CV0+g9lL8ccDxnLhN","previousCounter":0,"rootKey":"unKuE07rckq1QmxDG9n1vAm+yBohUwtLaFVQTeBVYao="},"indexInfo":{"baseKey":"BQll3rrDjwM9WrJOaxh0/lHd8x0tfiLKYM0i1Kg4JaMp","baseKeyType":1,"closed":1690525343245,"used":1690525332446,"created":1690525332446,"remoteIdentityKey":"BVIKZh/n+fRmrR2C9QpmlL/XWVIFencdZjt7D7thWv5M"},"_chains":{"Bc/TmtDVLSn2dXuQy6EWS3uykLAe+s490vGI3FO9p/9C":{"chainKey":{"counter":0,"key":"o5//Zu7D5HFkUnOmzBRY5VU5fy4/HZeCbT2GvHc3Q1U="},"chainType":1,"messageKeys":{}}},"pendingPreKey":{"signedKeyId":1,"baseKey":"BQll3rrDjwM9WrJOaxh0/lHd8x0tfiLKYM0i1Kg4JaMp"}},"BfX2mIdB+O2Ax976W1c2iiqd6gxDaoiPkJRofwE2+Co+":{"registrationId":0,"currentRatchet":{"ephemeralKeyPair":{"pubKey":"BbnkVZUG5mSzim8gbapfOWOYqETPJajnPJTjTVcgJ9YK","privKey":"YOH+/5HPk4O8T7CzN0L0TIJhaHhp8UW4ojtlxhhiqXg="},"lastRemoteEphemeralKey":"BSFjMselpy3U+gURFeb2RhX2nl6CV0+g9lL8ccDxnLhN","previousCounter":0,"rootKey":"jn3h4VehfXRReAIFy9B1bn6j8U4c+jns6opIfD+j0+U="},"indexInfo":{"baseKey":"BfX2mIdB+O2Ax976W1c2iiqd6gxDaoiPkJRofwE2+Co+","baseKeyType":1,"closed":1690525346877,"used":1690525343225,"created":1690525343225,"remoteIdentityKey":"BVIKZh/n+fRmrR2C9QpmlL/XWVIFencdZjt7D7thWv5M"},"_chains":{"BbnkVZUG5mSzim8gbapfOWOYqETPJajnPJTjTVcgJ9YK":{"chainKey":{"counter":0,"key":"y+PaFlcHEEg9rbPs6aQVil67N7Z8MsrYfU0I3Nbz9pc="},"chainType":1,"messageKeys":{}}},"pendingPreKey":{"signedKeyId":1,"baseKey":"BfX2mIdB+O2Ax976W1c2iiqd6gxDaoiPkJRofwE2+Co+"}},"Be0Un4CgVnvqO2Nq6ymL1DoYG9x9biIxVT/gCpHktYQb":{"registrationId":0,"currentRatchet":{"ephemeralKeyPair":{"pubKey":"BSL2zHahrYYi3fylkrX23xDSFEn66HnlR3RR9+OCxRBJ","privKey":"gA6KKO8suxmKcAjgxrAGSsbMQZhnhqRHeP5jdoMMW2A="},"lastRemoteEphemeralKey":"BSFjMselpy3U+gURFeb2RhX2nl6CV0+g9lL8ccDxnLhN","previousCounter":0,"rootKey":"RZHEf6byfqs3Gl9+SYol3JWVtvxkHvn0nCjP+6tRizA="},"indexInfo":{"baseKey":"Be0Un4CgVnvqO2Nq6ymL1DoYG9x9biIxVT/gCpHktYQb","baseKeyType":1,"closed":1690525350802,"used":1690525346846,"created":1690525346846,"remoteIdentityKey":"BVIKZh/n+fRmrR2C9QpmlL/XWVIFencdZjt7D7thWv5M"},"_chains":{"BSL2zHahrYYi3fylkrX23xDSFEn66HnlR3RR9+OCxRBJ":{"chainKey":{"counter":0,"key":"N+zEAZBoNeh8EYzRXrV/ZfAizdlsQ3TRj44+YdhCAvY="},"chainType":1,"messageKeys":{}}},"pendingPreKey":{"signedKeyId":1,"baseKey":"Be0Un4CgVnvqO2Nq6ymL1DoYG9x9biIxVT/gCpHktYQb"}},"Bfj6qbLb0SnwZQnHyPJ0GFy3dRlNTs6wGINvXI98jZ40":{"registrationId":0,"currentRatchet":{"ephemeralKeyPair":{"pubKey":"BQu78EX0qYnQddv+a/I9hkoVHWzuLq+QvVHIfQCUJShg","privKey":"6OKDRNcWi/YlbuEs5VM14BKetwkIQFh6k6D/5Eghk14="},"lastRemoteEphemeralKey":"BSFjMselpy3U+gURFeb2RhX2nl6CV0+g9lL8ccDxnLhN","previousCounter":0,"rootKey":"khxo/HgCb3k079NjqB/WsBNXoZ2cCaLfAAv1s37xaeI="},"indexInfo":{"baseKey":"Bfj6qbLb0SnwZQnHyPJ0GFy3dRlNTs6wGINvXI98jZ40","baseKeyType":1,"closed":1690525355551,"used":1690525350782,"created":1690525350782,"remoteIdentityKey":"BVIKZh/n+fRmrR2C9QpmlL/XWVIFencdZjt7D7thWv5M"},"_chains":{"BQu78EX0qYnQddv+a/I9hkoVHWzuLq+QvVHIfQCUJShg":{"chainKey":{"counter":0,"key":"1G8UE8B6v6mvd81CYk35FcTMl8Dj0mZMqcl/XMuiu0w="},"chainType":1,"messageKeys":{}}},"pendingPreKey":{"signedKeyId":1,"baseKey":"Bfj6qbLb0SnwZQnHyPJ0GFy3dRlNTs6wGINvXI98jZ40"}},"BSPMvxeoCeFkIInbSJiQKaV/z1E7eEBHZLHhwDmCgTMB":{"registrationId":0,"currentRatchet":{"ephemeralKeyPair":{"pubKey":"BeHYWfgmhuGNuYbSbMtZY40VZtCTFZRkkfyarkKj/1kf","privKey":"eKVde4LKvQu5GYhHYNs2CMTAFDTfz3jxbor6Swmp934="},"lastRemoteEphemeralKey":"BSFjMselpy3U+gURFeb2RhX2nl6CV0+g9lL8ccDxnLhN","previousCounter":0,"rootKey":"jwNDoRdkdOMmgojIayxWMvIoidLEJLYWdKFtkynw1os="},"indexInfo":{"baseKey":"BSPMvxeoCeFkIInbSJiQKaV/z1E7eEBHZLHhwDmCgTMB","baseKeyType":1,"closed":1690525361543,"used":1690525355521,"created":1690525355521,"remoteIdentityKey":"BVIKZh/n+fRmrR2C9QpmlL/XWVIFencdZjt7D7thWv5M"},"_chains":{"BeHYWfgmhuGNuYbSbMtZY40VZtCTFZRkkfyarkKj/1kf":{"chainKey":{"counter":0,"key":"HXgfkzpqixE16RZBNqme+ajF0XcrpfCTXvKGxQiPmQo="},"chainType":1,"messageKeys":{}}},"pendingPreKey":{"signedKeyId":1,"baseKey":"BSPMvxeoCeFkIInbSJiQKaV/z1E7eEBHZLHhwDmCgTMB"}},"BQ2BhzJDtouIx/mqzfE40CZv4iAdTRApKODS8WJ/ZY8e":{"registrationId":0,"currentRatchet":{"ephemeralKeyPair":{"pubKey":"BawG6tzQT7E99cUD/FdZt9vRlY6q0m5iCLDj7TfMWxtK","privKey":"iIPf0tUpVOB6KICyZAvvx3+vkwobVgv4/jdqzdEoW38="},"lastRemoteEphemeralKey":"BSFjMselpy3U+gURFeb2RhX2nl6CV0+g9lL8ccDxnLhN","previousCounter":0,"rootKey":"4mIc9Vup3wwercZDkn5XIKI+1Ff5T06I9jksw5eBSR8="},"indexInfo":{"baseKey":"BQ2BhzJDtouIx/mqzfE40CZv4iAdTRApKODS8WJ/ZY8e","baseKeyType":1,"closed":1690525365675,"used":1690525361523,"created":1690525361523,"remoteIdentityKey":"BVIKZh/n+fRmrR2C9QpmlL/XWVIFencdZjt7D7thWv5M"},"_chains":{"BawG6tzQT7E99cUD/FdZt9vRlY6q0m5iCLDj7TfMWxtK":{"chainKey":{"counter":0,"key":"DW90IkW9MnBQW/uAE6GjLPfYOAKg0nuo25xC4+J1Xzo="},"chainType":1,"messageKeys":{}}},"pendingPreKey":{"signedKeyId":1,"baseKey":"BQ2BhzJDtouIx/mqzfE40CZv4iAdTRApKODS8WJ/ZY8e"}},"BS1Nh12C72csYM2DDAoT9vJGJLcUq2IDgE/U5tNwU1lm":{"registrationId":0,"currentRatchet":{"ephemeralKeyPair":{"pubKey":"BQXH3CmTRyGw5o1zMp+lyE+kNxSb/TYDzLegd1jH8dNf","privKey":"sIEfeBiMkMidWDS73YKeGfVRMVSHm9fJdo68zKBArEI="},"lastRemoteEphemeralKey":"BSFjMselpy3U+gURFeb2RhX2nl6CV0+g9lL8ccDxnLhN","previousCounter":0,"rootKey":"Gwn8btbQk9B2j5zAtePvTBPyX0zftF/Hokbi9tgUUH0="},"indexInfo":{"baseKey":"BS1Nh12C72csYM2DDAoT9vJGJLcUq2IDgE/U5tNwU1lm","baseKeyType":1,"closed":1690525375201,"used":1690525365662,"created":1690525365662,"remoteIdentityKey":"BVIKZh/n+fRmrR2C9QpmlL/XWVIFencdZjt7D7thWv5M"},"_chains":{"BQXH3CmTRyGw5o1zMp+lyE+kNxSb/TYDzLegd1jH8dNf":{"chainKey":{"counter":0,"key":"+4Uq3AB0u6TfHV1LwqxzdgnpQsRR1du/nSADPhY6EwM="},"chainType":1,"messageKeys":{}}},"pendingPreKey":{"signedKeyId":1,"baseKey":"BS1Nh12C72csYM2DDAoT9vJGJLcUq2IDgE/U5tNwU1lm"}},"BUXIlTUIkC3EkgQWm6v4nBVhePEqIizpMdnqARSN0UMW":{"registrationId":0,"currentRatchet":{"ephemeralKeyPair":{"pubKey":"BQPQhcznqFxbjJQA2r7JSrq0jK3KfLoqS7nWVznGdwA/","privKey":"ENDT+JcDqJ2IA5awoteLbuUNqwcacfFA2nwKyWLGV2M="},"lastRemoteEphemeralKey":"BSFjMselpy3U+gURFeb2RhX2nl6CV0+g9lL8ccDxnLhN","previousCounter":0,"rootKey":"7Scof4lRAMOux+5bb8HvKx+po97J5Ywmb4LEX9ku/T0="},"indexInfo":{"baseKey":"BUXIlTUIkC3EkgQWm6v4nBVhePEqIizpMdnqARSN0UMW","baseKeyType":1,"closed":1690525376925,"used":1690525375182,"created":1690525375182,"remoteIdentityKey":"BVIKZh/n+fRmrR2C9QpmlL/XWVIFencdZjt7D7thWv5M"},"_chains":{"BQPQhcznqFxbjJQA2r7JSrq0jK3KfLoqS7nWVznGdwA/":{"chainKey":{"counter":0,"key":"yTiYF0x0zMRw4X68a8Yn/i87LVHx7+ZtCH+eBMpidCI="},"chainType":1,"messageKeys":{}}},"pendingPreKey":{"signedKeyId":1,"baseKey":"BUXIlTUIkC3EkgQWm6v4nBVhePEqIizpMdnqARSN0UMW"}},"BaYQk3bBljt7G/qck0jC7Ox7rGc6KTa5JkvzpiFiolot":{"registrationId":0,"currentRatchet":{"ephemeralKeyPair":{"pubKey":"BWIG4ezcyCRENYtMd3W5RetgELYkvoxCLroz+7O5Nktw","privKey":"KN3GxpQHR01D9FtQ9pb9I5YoGUS6WZswiBHwYSxqsUM="},"lastRemoteEphemeralKey":"BSFjMselpy3U+gURFeb2RhX2nl6CV0+g9lL8ccDxnLhN","previousCounter":0,"rootKey":"ExMEmEHwaZ+hPWD0UjL8gvAb/xjt+6v9COn+5AqMj3M="},"indexInfo":{"baseKey":"BaYQk3bBljt7G/qck0jC7Ox7rGc6KTa5JkvzpiFiolot","baseKeyType":1,"closed":1690525383275,"used":1690525376898,"created":1690525376898,"remoteIdentityKey":"BVIKZh/n+fRmrR2C9QpmlL/XWVIFencdZjt7D7thWv5M"},"_chains":{"BWIG4ezcyCRENYtMd3W5RetgELYkvoxCLroz+7O5Nktw":{"chainKey":{"counter":0,"key":"vP0ZUR4qhYcNGGvAibnmncA1ddeZPmiMUsgSpsFZehs="},"chainType":1,"messageKeys":{}}},"pendingPreKey":{"signedKeyId":1,"baseKey":"BaYQk3bBljt7G/qck0jC7Ox7rGc6KTa5JkvzpiFiolot"}},"BTE2F02+3Jz6Ww0SGOg7nZbfzP56307qxjNyIvRADEsQ":{"registrationId":0,"currentRatchet":{"ephemeralKeyPair":{"pubKey":"BW044zOMK01bJYkkxlOJDLUAEAjCK6+Yzqgf7V/bmRoX","privKey":"0FUgPqoUqqrUSx/EAAP2M/BzddQHyBiGkTT/EdipV00="},"lastRemoteEphemeralKey":"BSFjMselpy3U+gURFeb2RhX2nl6CV0+g9lL8ccDxnLhN","previousCounter":0,"rootKey":"t36HsOdSCZppcdR0soJ0XvRLTWIVZ9iUpX0T1O0v/9o="},"indexInfo":{"baseKey":"BTE2F02+3Jz6Ww0SGOg7nZbfzP56307qxjNyIvRADEsQ","baseKeyType":1,"closed":1690525388270,"used":1690525383252,"created":1690525383252,"remoteIdentityKey":"BVIKZh/n+fRmrR2C9QpmlL/XWVIFencdZjt7D7thWv5M"},"_chains":{"BW044zOMK01bJYkkxlOJDLUAEAjCK6+Yzqgf7V/bmRoX":{"chainKey":{"counter":0,"key":"jOtPLqD5Btgz3Z/D+pac9PBPb1Ec9s3N5nIjTKwDrgA="},"chainType":1,"messageKeys":{}}},"pendingPreKey":{"signedKeyId":1,"baseKey":"BTE2F02+3Jz6Ww0SGOg7nZbfzP56307qxjNyIvRADEsQ"}},"BQeqrZdMLWwdir8KZrr0zKgdGYFQZ69dNpLOnKlVpXkX":{"registrationId":0,"currentRatchet":{"ephemeralKeyPair":{"pubKey":"BWw+YlDFXVzfFyVDigndXm/hsEWkquQnP5HfgFOui3V8","privKey":"INpRBv2UW/5ZvadmvO5am7xL017Xhm7eego8sNPgkm0="},"lastRemoteEphemeralKey":"BSFjMselpy3U+gURFeb2RhX2nl6CV0+g9lL8ccDxnLhN","previousCounter":0,"rootKey":"CT+Aw2BWhixW2MLhGsbObWr6vpFmNf9LvLfXRCeieg0="},"indexInfo":{"baseKey":"BQeqrZdMLWwdir8KZrr0zKgdGYFQZ69dNpLOnKlVpXkX","baseKeyType":1,"closed":1690525393813,"used":1690525388240,"created":1690525388240,"remoteIdentityKey":"BVIKZh/n+fRmrR2C9QpmlL/XWVIFencdZjt7D7thWv5M"},"_chains":{"BWw+YlDFXVzfFyVDigndXm/hsEWkquQnP5HfgFOui3V8":{"chainKey":{"counter":0,"key":"+Boyx3+Ytk6B+oNE9ewJmxcXzymyl7llshdiA2T01+w="},"chainType":1,"messageKeys":{}}},"pendingPreKey":{"signedKeyId":1,"baseKey":"BQeqrZdMLWwdir8KZrr0zKgdGYFQZ69dNpLOnKlVpXkX"}},"BbSik2kfASh6H2mTgZ/kMDBfBF5ozPvq6P/JvwtaG0FT":{"registrationId":0,"currentRatchet":{"ephemeralKeyPair":{"pubKey":"BchWIbu5enLYr2EbWSb01jU194100XdEQeGdxzSTMD4O","privKey":"0OsCRhboYjrWDwhHquBmg63OaueSQZ0D6BPbfc80i3A="},"lastRemoteEphemeralKey":"BSFjMselpy3U+gURFeb2RhX2nl6CV0+g9lL8ccDxnLhN","previousCounter":0,"rootKey":"wJ3Wq7LkS5hF+njynjRXD6fCTm9z6hNfrB9flSaY9XQ="},"indexInfo":{"baseKey":"BbSik2kfASh6H2mTgZ/kMDBfBF5ozPvq6P/JvwtaG0FT","baseKeyType":1,"closed":1690526876001,"used":1690525393798,"created":1690525393798,"remoteIdentityKey":"BVIKZh/n+fRmrR2C9QpmlL/XWVIFencdZjt7D7thWv5M"},"_chains":{"BchWIbu5enLYr2EbWSb01jU194100XdEQeGdxzSTMD4O":{"chainKey":{"counter":2,"key":"DDPibS1cvDaSF0CTdn15f57xkhAP70d2gJGVxbixeKk="},"chainType":1,"messageKeys":{}}},"pendingPreKey":{"signedKeyId":1,"baseKey":"BbSik2kfASh6H2mTgZ/kMDBfBF5ozPvq6P/JvwtaG0FT"}},"BToZQ1TCswg+jYJEV9Y/eY2Ii/D0LN2j2XWR+LDdbdN8":{"registrationId":0,"currentRatchet":{"ephemeralKeyPair":{"pubKey":"BRI7/NYw7VnrE6k6TpZ3rZEQ8eejPJ4PDooYCip1u4I5","privKey":"4K9hGLlQv7F7p+f309v98ir+jAG1aTFLi8/F7a/4bng="},"lastRemoteEphemeralKey":"BSFjMselpy3U+gURFeb2RhX2nl6CV0+g9lL8ccDxnLhN","previousCounter":0,"rootKey":"KQ3y+mmXE5zFccvBCGinwFN1DXmopqXNrqUvvt0ftD0="},"indexInfo":{"baseKey":"BToZQ1TCswg+jYJEV9Y/eY2Ii/D0LN2j2XWR+LDdbdN8","baseKeyType":1,"closed":1690526878704,"used":1690526875983,"created":1690526875983,"remoteIdentityKey":"BVIKZh/n+fRmrR2C9QpmlL/XWVIFencdZjt7D7thWv5M"},"_chains":{"BRI7/NYw7VnrE6k6TpZ3rZEQ8eejPJ4PDooYCip1u4I5":{"chainKey":{"counter":0,"key":"+W5nKdfeCsXBtX7S9of2y3FiyN+SS5odxHjcXiHUeks="},"chainType":1,"messageKeys":{}}},"pendingPreKey":{"signedKeyId":1,"baseKey":"BToZQ1TCswg+jYJEV9Y/eY2Ii/D0LN2j2XWR+LDdbdN8","preKeyId":2746}},"BcpkWbc/PxkNbA/XMcaktsljOHMMsJtHOZUtI2ZyftYM":{"registrationId":0,"currentRatchet":{"ephemeralKeyPair":{"pubKey":"Ba+qz6N0ehIaV9JbyRraOF4JF4+CoLm29o67IaPVTgMV","privKey":"GLDkESDU76pag0N/ykn38gMNWANh8P2ZYLn1nk5s3V0="},"lastRemoteEphemeralKey":"BSFjMselpy3U+gURFeb2RhX2nl6CV0+g9lL8ccDxnLhN","previousCounter":0,"rootKey":"0vlWMTD1KdI2sGm9d0Hxgf6eFztQyCZGCgKV6WIRG6c="},"indexInfo":{"baseKey":"BcpkWbc/PxkNbA/XMcaktsljOHMMsJtHOZUtI2ZyftYM","baseKeyType":1,"closed":1690526886489,"used":1690526878686,"created":1690526878686,"remoteIdentityKey":"BVIKZh/n+fRmrR2C9QpmlL/XWVIFencdZjt7D7thWv5M"},"_chains":{"Ba+qz6N0ehIaV9JbyRraOF4JF4+CoLm29o67IaPVTgMV":{"chainKey":{"counter":0,"key":"Y2fmebvTfj4nX6Gb4oDtzJHvHfbTysfFYDPR1MSgfLQ="},"chainType":1,"messageKeys":{}}},"pendingPreKey":{"signedKeyId":1,"baseKey":"BcpkWbc/PxkNbA/XMcaktsljOHMMsJtHOZUtI2ZyftYM","preKeyId":2755}},"BevYnt6+4nnsndwJQ7ETgSxIz6hIGMuUBVPs+nFYqvF4":{"registrationId":0,"currentRatchet":{"ephemeralKeyPair":{"pubKey":"BTO2lLl0ptZtCo2qR6jgg92Z/2OuzQlljl8+YWYK/Gg4","privKey":"4MjPxbdzdr88wHsUqn5mof/Ezij/9fUufFFCr0fWiWY="},"lastRemoteEphemeralKey":"BSFjMselpy3U+gURFeb2RhX2nl6CV0+g9lL8ccDxnLhN","previousCounter":0,"rootKey":"HdfckI25htVVlGw14T/5KW/YpMV+i3y+F6915jYVEK8="},"indexInfo":{"baseKey":"BevYnt6+4nnsndwJQ7ETgSxIz6hIGMuUBVPs+nFYqvF4","baseKeyType":1,"closed":1690526891429,"used":1690526886459,"created":1690526886459,"remoteIdentityKey":"BVIKZh/n+fRmrR2C9QpmlL/XWVIFencdZjt7D7thWv5M"},"_chains":{"BTO2lLl0ptZtCo2qR6jgg92Z/2OuzQlljl8+YWYK/Gg4":{"chainKey":{"counter":0,"key":"IpIggdiThc5qr/bWkVW9ORxkuU48lRltAxIr+bPN05Y="},"chainType":1,"messageKeys":{}}},"pendingPreKey":{"signedKeyId":1,"baseKey":"BevYnt6+4nnsndwJQ7ETgSxIz6hIGMuUBVPs+nFYqvF4","preKeyId":2761}},"BbJYprzTOrsb0wknngFBLGA+JEczhf5nN6mRQonK1KVz":{"registrationId":0,"currentRatchet":{"ephemeralKeyPair":{"pubKey":"BRhWT+yGbSrMytrWRdlnJp6B6/D0V2ww1gXd1vclZcNP","privKey":"8Dy30B9ke2kRoVwDslHLCZn+kpRdljeSiIhbAvmFcEI="},"lastRemoteEphemeralKey":"BSFjMselpy3U+gURFeb2RhX2nl6CV0+g9lL8ccDxnLhN","previousCounter":0,"rootKey":"/x1+CW7u73n7EdR425XufdHKR/YIx1T4brc4+OyynrA="},"indexInfo":{"baseKey":"BbJYprzTOrsb0wknngFBLGA+JEczhf5nN6mRQonK1KVz","baseKeyType":1,"closed":1690527982419,"used":1690526891376,"created":1690526891376,"remoteIdentityKey":"BVIKZh/n+fRmrR2C9QpmlL/XWVIFencdZjt7D7thWv5M"},"_chains":{"BRhWT+yGbSrMytrWRdlnJp6B6/D0V2ww1gXd1vclZcNP":{"chainKey":{"counter":7,"key":"4cbXbAD/K0jWbSVlJ3JYQdMOSKNKw/zDLNhUM1GcShU="},"chainType":1,"messageKeys":{}}},"pendingPreKey":{"signedKeyId":1,"baseKey":"BbJYprzTOrsb0wknngFBLGA+JEczhf5nN6mRQonK1KVz","preKeyId":2757}},"BTVHkVVRVwMpUFN8HdGVDs2RnoSRJItRNc5HpyY21Bde":{"registrationId":0,"currentRatchet":{"ephemeralKeyPair":{"pubKey":"Bc+p8pe7NUkdykH6njCWZ6AtYNKjPFSj3J5f7ntmHQxq","privKey":"GHONWctValWgtocvFiOv5rMj6Kr9Dh3dXzNiWnTtOG8="},"lastRemoteEphemeralKey":"BSFjMselpy3U+gURFeb2RhX2nl6CV0+g9lL8ccDxnLhN","previousCounter":0,"rootKey":"kFkUE+FCw51Yxwc86MG6IN7M9ZtA+dflO5yMe9xsNGI="},"indexInfo":{"baseKey":"BTVHkVVRVwMpUFN8HdGVDs2RnoSRJItRNc5HpyY21Bde","baseKeyType":1,"closed":1690527984168,"used":1690527982392,"created":1690527982392,"remoteIdentityKey":"BVIKZh/n+fRmrR2C9QpmlL/XWVIFencdZjt7D7thWv5M"},"_chains":{"Bc+p8pe7NUkdykH6njCWZ6AtYNKjPFSj3J5f7ntmHQxq":{"chainKey":{"counter":0,"key":"JNgq5GTLM1mpf7VDbxqicMRHwr/sC4iW6hJ14kVTAv8="},"chainType":1,"messageKeys":{}}},"pendingPreKey":{"signedKeyId":1,"baseKey":"BTVHkVVRVwMpUFN8HdGVDs2RnoSRJItRNc5HpyY21Bde"}},"Ba60fFozaHyRjDyCuOPgvw54IKnKjDriOeavXAt8AbdY":{"registrationId":0,"currentRatchet":{"ephemeralKeyPair":{"pubKey":"BX4K148/XFyBzKIuCspGV1Mop3mPe5NzXOC9Oy8qhDR1","privKey":"EC9shcofVJb8ulCa9gZ6QPtandsGcw2e7tvh9kmO5EU="},"lastRemoteEphemeralKey":"BSFjMselpy3U+gURFeb2RhX2nl6CV0+g9lL8ccDxnLhN","previousCounter":0,"rootKey":"pW/hpTgBwJerrEPZZ86qOBUkHijTceL16HsjpGV4CPA="},"indexInfo":{"baseKey":"Ba60fFozaHyRjDyCuOPgvw54IKnKjDriOeavXAt8AbdY","baseKeyType":1,"closed":1690527986562,"used":1690527984154,"created":1690527984154,"remoteIdentityKey":"BVIKZh/n+fRmrR2C9QpmlL/XWVIFencdZjt7D7thWv5M"},"_chains":{"BX4K148/XFyBzKIuCspGV1Mop3mPe5NzXOC9Oy8qhDR1":{"chainKey":{"counter":0,"key":"cGpvjKNW36S8Ywgnn9YWimAG9hq/kxa6MVSPpWAs9RQ="},"chainType":1,"messageKeys":{}}},"pendingPreKey":{"signedKeyId":1,"baseKey":"Ba60fFozaHyRjDyCuOPgvw54IKnKjDriOeavXAt8AbdY"}},"BabPrpWha6AQpfqbp9DB2355fRJf1vtAQjOK8RKY+Kxz":{"registrationId":0,"currentRatchet":{"ephemeralKeyPair":{"pubKey":"BauVNsEltHlQMqoULr8DHRKxOoLbL/KPJVcuxU3KtCg2","privKey":"2LbQO1+UPSG476LVx11v0Ygd/WCt2l7BcDNxvaI8SWQ="},"lastRemoteEphemeralKey":"BSFjMselpy3U+gURFeb2RhX2nl6CV0+g9lL8ccDxnLhN","previousCounter":0,"rootKey":"kKzucwwOxTho9HmD5+yI3fmj4PoZqqMRCQNJmuJnTNA="},"indexInfo":{"baseKey":"BabPrpWha6AQpfqbp9DB2355fRJf1vtAQjOK8RKY+Kxz","baseKeyType":1,"closed":1690527988863,"used":1690527986547,"created":1690527986547,"remoteIdentityKey":"BVIKZh/n+fRmrR2C9QpmlL/XWVIFencdZjt7D7thWv5M"},"_chains":{"BauVNsEltHlQMqoULr8DHRKxOoLbL/KPJVcuxU3KtCg2":{"chainKey":{"counter":0,"key":"Q7D+E3JAfrQWVrDZHLBinK2EhDL4nRjh9Xts+0ST8RQ="},"chainType":1,"messageKeys":{}}},"pendingPreKey":{"signedKeyId":1,"baseKey":"BabPrpWha6AQpfqbp9DB2355fRJf1vtAQjOK8RKY+Kxz"}},"BbyeOtGDquwqgj89DcLfyanRYa49It2kCs46k4Ms2FUu":{"registrationId":0,"currentRatchet":{"ephemeralKeyPair":{"pubKey":"BUbhKBHKcHT4jTssXzpcs0nH0rnka2X249Rlz2tYTog1","privKey":"oCVAQMW/LoCNOi6RI64j9TiM8wBEXIBxQpumo0IefXE="},"lastRemoteEphemeralKey":"BSFjMselpy3U+gURFeb2RhX2nl6CV0+g9lL8ccDxnLhN","previousCounter":0,"rootKey":"/ZJZ0T+z9aS5/CClNGC0o8/oExsE4HjzTKbSKeW7tV0="},"indexInfo":{"baseKey":"BbyeOtGDquwqgj89DcLfyanRYa49It2kCs46k4Ms2FUu","baseKeyType":1,"closed":1690530890177,"used":1690527988842,"created":1690527988842,"remoteIdentityKey":"BVIKZh/n+fRmrR2C9QpmlL/XWVIFencdZjt7D7thWv5M"},"_chains":{"BUbhKBHKcHT4jTssXzpcs0nH0rnka2X249Rlz2tYTog1":{"chainKey":{"counter":14,"key":"WKLZC2uOs+VLZJ2Z2mnz1RA0u9+eGA5XFw+xDxX7b58="},"chainType":1,"messageKeys":{}}},"pendingPreKey":{"signedKeyId":1,"baseKey":"BbyeOtGDquwqgj89DcLfyanRYa49It2kCs46k4Ms2FUu"}},"BVyrKaAmL60vnPRyYfPDtCaUK9+ZC41xHBQiST2IKT4c":{"registrationId":0,"currentRatchet":{"ephemeralKeyPair":{"pubKey":"BZ3c6S8pQRwYreWrUCkTtCjJMlcKM9H3E/5J4yQ0yxke","privKey":"cDgk6NYL/wdhK8ZA3g6+pLs7w8fggzZhGoUrB1GcXk4="},"lastRemoteEphemeralKey":"BSFjMselpy3U+gURFeb2RhX2nl6CV0+g9lL8ccDxnLhN","previousCounter":0,"rootKey":"Kj5TOQG14Wmt48FT0tfPJf1j4QmuYz0ETPPgvNQbTSk="},"indexInfo":{"baseKey":"BVyrKaAmL60vnPRyYfPDtCaUK9+ZC41xHBQiST2IKT4c","baseKeyType":1,"closed":1690530894714,"used":1690530890159,"created":1690530890159,"remoteIdentityKey":"BVIKZh/n+fRmrR2C9QpmlL/XWVIFencdZjt7D7thWv5M"},"_chains":{"BZ3c6S8pQRwYreWrUCkTtCjJMlcKM9H3E/5J4yQ0yxke":{"chainKey":{"counter":0,"key":"PsBjewSZs0bfCz6lETMXDGmM6gn9bju9vPy0VeH06Ts="},"chainType":1,"messageKeys":{}}},"pendingPreKey":{"signedKeyId":1,"baseKey":"BVyrKaAmL60vnPRyYfPDtCaUK9+ZC41xHBQiST2IKT4c"}},"BSyIOXsdNJnqi05IPtr2CnAqJsUAZ4eJPBuYPGEBdKpy":{"registrationId":0,"currentRatchet":{"ephemeralKeyPair":{"pubKey":"BV2zVnYEk6btP/g+GiLbdbOhS/sgs2npL4Qy3FFksr8O","privKey":"sLlBmUrp7/bYcMnMviED82w/loQLUMkt5txO/8KDCX8="},"lastRemoteEphemeralKey":"BSFjMselpy3U+gURFeb2RhX2nl6CV0+g9lL8ccDxnLhN","previousCounter":0,"rootKey":"qbJMHKgXkQittb2h6DApYHcdtjjxCvzHDIvJGf5B5Ho="},"indexInfo":{"baseKey":"BSyIOXsdNJnqi05IPtr2CnAqJsUAZ4eJPBuYPGEBdKpy","baseKeyType":1,"closed":1690530902244,"used":1690530894702,"created":1690530894702,"remoteIdentityKey":"BVIKZh/n+fRmrR2C9QpmlL/XWVIFencdZjt7D7thWv5M"},"_chains":{"BV2zVnYEk6btP/g+GiLbdbOhS/sgs2npL4Qy3FFksr8O":{"chainKey":{"counter":1,"key":"SuPQY61ZSCm5XGRX+IgSNIRHAL4HKbGeaBdo/tpCaHI="},"chainType":1,"messageKeys":{}}},"pendingPreKey":{"signedKeyId":1,"baseKey":"BSyIOXsdNJnqi05IPtr2CnAqJsUAZ4eJPBuYPGEBdKpy"}},"BZ0xkK7jQOAuGglle5cp1jjCdBbS6wjl/RdRnLUnM099":{"registrationId":0,"currentRatchet":{"ephemeralKeyPair":{"pubKey":"BWsydQt9fXbFwK636PI4u6ICukGu2rmgaMJmtZ6HT7Uv","privKey":"YELm3fgdYj3s+cMfy9IwGnBipDYQ/7BywvvV7X4XuEI="},"lastRemoteEphemeralKey":"BSFjMselpy3U+gURFeb2RhX2nl6CV0+g9lL8ccDxnLhN","previousCounter":0,"rootKey":"IB0EFI669f9D30iB+dOiYRB9X/MpfV1aewV8ygMWf94="},"indexInfo":{"baseKey":"BZ0xkK7jQOAuGglle5cp1jjCdBbS6wjl/RdRnLUnM099","baseKeyType":1,"closed":1690530905956,"used":1690530902231,"created":1690530902231,"remoteIdentityKey":"BVIKZh/n+fRmrR2C9QpmlL/XWVIFencdZjt7D7thWv5M"},"_chains":{"BWsydQt9fXbFwK636PI4u6ICukGu2rmgaMJmtZ6HT7Uv":{"chainKey":{"counter":0,"key":"F21EPfIt7ogAt56iY5620Aaam0AIUbRHUGEem8mZroI="},"chainType":1,"messageKeys":{}}},"pendingPreKey":{"signedKeyId":1,"baseKey":"BZ0xkK7jQOAuGglle5cp1jjCdBbS6wjl/RdRnLUnM099"}},"BVflTmNOhhQuufsqQUYBVBAdk0lwAUmu8UklLC9NdP89":{"registrationId":0,"currentRatchet":{"ephemeralKeyPair":{"pubKey":"BXZDC6Q8BK3AO4idnrVSAqG32id8pvW1ke0JeElUyn9u","privKey":"WBtGrU+KLAgW4xI5giip1kBUHklSIboTS+qyAFLuYUk="},"lastRemoteEphemeralKey":"BSFjMselpy3U+gURFeb2RhX2nl6CV0+g9lL8ccDxnLhN","previousCounter":0,"rootKey":"LWhGqpSeicnLBQW0CaKhAQs4XsBpwzyaNpj/W0l1it4="},"indexInfo":{"baseKey":"BVflTmNOhhQuufsqQUYBVBAdk0lwAUmu8UklLC9NdP89","baseKeyType":1,"closed":1690530909053,"used":1690530905949,"created":1690530905949,"remoteIdentityKey":"BVIKZh/n+fRmrR2C9QpmlL/XWVIFencdZjt7D7thWv5M"},"_chains":{"BXZDC6Q8BK3AO4idnrVSAqG32id8pvW1ke0JeElUyn9u":{"chainKey":{"counter":0,"key":"A8i+Ne9zagRjuHOBHhIEnBsQ7cexN3P/31jdNDI4XNE="},"chainType":1,"messageKeys":{}}},"pendingPreKey":{"signedKeyId":1,"baseKey":"BVflTmNOhhQuufsqQUYBVBAdk0lwAUmu8UklLC9NdP89"}},"BRfluOouMa11CXFrSOOkt/hzvEnnF6xkgauGVpcTU/se":{"registrationId":0,"currentRatchet":{"ephemeralKeyPair":{"pubKey":"Be4xgwgE7dJNWJOFO8SHLvDavuEnTlIKgolRgh3hoi0T","privKey":"gO4k7TCXaGC3l9iCBgRW+dcFyc5n2naLrNE4TS+HRFM="},"lastRemoteEphemeralKey":"BSFjMselpy3U+gURFeb2RhX2nl6CV0+g9lL8ccDxnLhN","previousCounter":0,"rootKey":"amTdgKshZ9pvjaf8FBHB36KeT9FHIn9xIWCdnW39RUM="},"indexInfo":{"baseKey":"BRfluOouMa11CXFrSOOkt/hzvEnnF6xkgauGVpcTU/se","baseKeyType":1,"closed":1690530914210,"used":1690530909044,"created":1690530909044,"remoteIdentityKey":"BVIKZh/n+fRmrR2C9QpmlL/XWVIFencdZjt7D7thWv5M"},"_chains":{"Be4xgwgE7dJNWJOFO8SHLvDavuEnTlIKgolRgh3hoi0T":{"chainKey":{"counter":0,"key":"23EOCv6jsJQHT2VNPw8BZ+NB3ppm+E66/dsz5jEOAWY="},"chainType":1,"messageKeys":{}}},"pendingPreKey":{"signedKeyId":1,"baseKey":"BRfluOouMa11CXFrSOOkt/hzvEnnF6xkgauGVpcTU/se"}},"BVmLMXOvuhq7z6imxn8citEsDReRuu8q80euwjDqALYM":{"registrationId":0,"currentRatchet":{"ephemeralKeyPair":{"pubKey":"BUQLI0engjnWu3Sw44yrtIARiTD5vGm2bsavyUOn7mUY","privKey":"yEJSlb2KeyK1GG6ZZ0QISGhf2yKP6e9S/wSwklICo04="},"lastRemoteEphemeralKey":"BSFjMselpy3U+gURFeb2RhX2nl6CV0+g9lL8ccDxnLhN","previousCounter":0,"rootKey":"o35xJilZaTQdcWKy02Bcdu8l1HCmObKeF8urpVfQh04="},"indexInfo":{"baseKey":"BVmLMXOvuhq7z6imxn8citEsDReRuu8q80euwjDqALYM","baseKeyType":1,"closed":1690530918215,"used":1690530914171,"created":1690530914171,"remoteIdentityKey":"BVIKZh/n+fRmrR2C9QpmlL/XWVIFencdZjt7D7thWv5M"},"_chains":{"BUQLI0engjnWu3Sw44yrtIARiTD5vGm2bsavyUOn7mUY":{"chainKey":{"counter":0,"key":"Yiaw6myvb/4jddnwCEIVlwQNnVt9tGZiZSP9PWB04hU="},"chainType":1,"messageKeys":{}}},"pendingPreKey":{"signedKeyId":1,"baseKey":"BVmLMXOvuhq7z6imxn8citEsDReRuu8q80euwjDqALYM"}},"Bczx4n047UtAzDDpuPBR1ixWGhHkZmjFGmahHB36KYAj":{"registrationId":0,"currentRatchet":{"ephemeralKeyPair":{"pubKey":"BcfD0d1fNlqUqECsUru0lf3UZylwV9At406E5NiOTbQU","privKey":"YLjBHLPf8Ppy9uYJkZhJ3/iMnXG2IL2dWW2IgiTUL1E="},"lastRemoteEphemeralKey":"BSFjMselpy3U+gURFeb2RhX2nl6CV0+g9lL8ccDxnLhN","previousCounter":0,"rootKey":"kmOfgPO3mpdXQ1Djy5A6n0tNAaxziXWCrlP6NM6dKaE="},"indexInfo":{"baseKey":"Bczx4n047UtAzDDpuPBR1ixWGhHkZmjFGmahHB36KYAj","baseKeyType":1,"closed":1690530928433,"used":1690530918174,"created":1690530918174,"remoteIdentityKey":"BVIKZh/n+fRmrR2C9QpmlL/XWVIFencdZjt7D7thWv5M"},"_chains":{"BcfD0d1fNlqUqECsUru0lf3UZylwV9At406E5NiOTbQU":{"chainKey":{"counter":1,"key":"y2kFmoF99sFrT2lg6s46TQzVI0MFjMoGL92DsO0GvrM="},"chainType":1,"messageKeys":{}}},"pendingPreKey":{"signedKeyId":1,"baseKey":"Bczx4n047UtAzDDpuPBR1ixWGhHkZmjFGmahHB36KYAj"}},"BUMpCVid0uttWOnIyLrrCVaxlDcvoaFocZ72R4Br4uwA":{"registrationId":0,"currentRatchet":{"ephemeralKeyPair":{"pubKey":"BbQAnAqqaowoInCResYTdjMy2CoNmKDcrk1EtRL44LcA","privKey":"eMPGuU0P5HXVTLuZ6Ix2nM4X3qq2GoBPphOmBY86HU8="},"lastRemoteEphemeralKey":"BSFjMselpy3U+gURFeb2RhX2nl6CV0+g9lL8ccDxnLhN","previousCounter":0,"rootKey":"NZLBfY4YXiNZWjeAAoNpPP/Lz5soS1r803/xLq7n2eQ="},"indexInfo":{"baseKey":"BUMpCVid0uttWOnIyLrrCVaxlDcvoaFocZ72R4Br4uwA","baseKeyType":1,"closed":1690530936432,"used":1690530928409,"created":1690530928409,"remoteIdentityKey":"BVIKZh/n+fRmrR2C9QpmlL/XWVIFencdZjt7D7thWv5M"},"_chains":{"BbQAnAqqaowoInCResYTdjMy2CoNmKDcrk1EtRL44LcA":{"chainKey":{"counter":0,"key":"rNuqHNJLD1zxl4O1UysRd5Jxs35PcLt61QvdQ6Lpr4U="},"chainType":1,"messageKeys":{}}},"pendingPreKey":{"signedKeyId":1,"baseKey":"BUMpCVid0uttWOnIyLrrCVaxlDcvoaFocZ72R4Br4uwA"}},"BSf5pig/aW2Ll3g68J5LoESgzN9iqsXMwbYpxCA8qShe":{"registrationId":0,"currentRatchet":{"ephemeralKeyPair":{"pubKey":"BR+DXcoXFTev2Dtskk12fbh8jff5dLl67n/yoRMujo9j","privKey":"yNO1fAtdR0IIIbersl0OhJbDeQwAT2c3UgrVwUAjHHY="},"lastRemoteEphemeralKey":"BSFjMselpy3U+gURFeb2RhX2nl6CV0+g9lL8ccDxnLhN","previousCounter":0,"rootKey":"eXGgvxg7zQv5IjMhM+/Tgojl++onaAcM1gYfCNrc4fo="},"indexInfo":{"baseKey":"BSf5pig/aW2Ll3g68J5LoESgzN9iqsXMwbYpxCA8qShe","baseKeyType":1,"closed":-1,"used":1690530936409,"created":1690530936409,"remoteIdentityKey":"BVIKZh/n+fRmrR2C9QpmlL/XWVIFencdZjt7D7thWv5M"},"_chains":{"BR+DXcoXFTev2Dtskk12fbh8jff5dLl67n/yoRMujo9j":{"chainKey":{"counter":140,"key":"3ff9UUnPW8CN7xh6gh+WvvjndFY+uSgMl6JR0+LLxjM="},"chainType":1,"messageKeys":{}}},"pendingPreKey":{"signedKeyId":1,"baseKey":"BSf5pig/aW2Ll3g68J5LoESgzN9iqsXMwbYpxCA8qShe"}}},"version":"v1"}