{"_sessions":{"BXe3OIVZQs0prY3XH3SdJkU7dEId36ogWt27HCCWTolZ":{"registrationId":691660346,"currentRatchet":{"ephemeralKeyPair":{"pubKey":"BQwsnDQY/vbRCSGnuYa5L7mfUx1v9DssJxSo5HoJ4YJC","privKey":"MMn6CoAzS6k3DzGbATnL/x2nzIlvFvgH+ejbY31KEnM="},"lastRemoteEphemeralKey":"BXyqxnMkf0CKI2ZnvdDKCd2E3FgJDqBDFMr5Y3+Uhdsn","previousCounter":0,"rootKey":"qV25pHprT4AdOKpGJFA82qCzZr7BS+ycKNgN4XgekCg="},"indexInfo":{"baseKey":"BXe3OIVZQs0prY3XH3SdJkU7dEId36ogWt27HCCWTolZ","baseKeyType":1,"closed":-1,"used":1690512635844,"created":1690512635844,"remoteIdentityKey":"Be1LvoLmCTCZPR/FV9eNMKEL9cKAflWJHOfYipI9MmxJ"},"_chains":{"BQwsnDQY/vbRCSGnuYa5L7mfUx1v9DssJxSo5HoJ4YJC":{"chainKey":{"counter":325,"key":"TGLvPcsOLhYu402v/ccmC/EWiunKaTsJLNxQYQf8Xc4="},"chainType":1,"messageKeys":{}}},"pendingPreKey":{"signedKeyId":3,"baseKey":"BXe3OIVZQs0prY3XH3SdJkU7dEId36ogWt27HCCWTolZ","preKeyId":5635807}}},"version":"v1"}