{"_sessions":{"BRLsWzCxvAUy7pNMy2jj89qFovrlOLjxOugQ/S8kkXIW":{"registrationId":1014129313,"currentRatchet":{"ephemeralKeyPair":{"pubKey":"BdU6JkKKI3YI6oyEykeN6mFRdo8xRq9AoJv0fd8w4R0k","privKey":"OGqs9U9GPU/LIpSFLh4l+AqF33qp3OJc+dCVNDkdrVU="},"lastRemoteEphemeralKey":"Bf+fpDgVYd7xztZcr+NKOoiT/WjVtpLOpVr2F1LHM+kS","previousCounter":0,"rootKey":"DAY84p03s/hJ7a6eFVsdfqrNr/US2rGKEBn+14SFPb8="},"indexInfo":{"baseKey":"BRLsWzCxvAUy7pNMy2jj89qFovrlOLjxOugQ/S8kkXIW","baseKeyType":1,"closed":1690512641615,"used":1690504321038,"created":1690504194065,"remoteIdentityKey":"BQDOzXO421YziZ+ZkN18nLfJCOcF/0MNEigjA25G8LMq"},"_chains":{"BUFTwlbJqmEQBZAJkgODIElDeINfR93ABd4OpXIRcHFG":{"chainKey":{"counter":2},"chainType":2,"messageKeys":{}},"BWWRR4c4ShEpwNmip6HZDujrbbl9XJuPFBejwcINAUYG":{"chainKey":{"counter":1},"chainType":2,"messageKeys":{}},"BWQ6iAjDuos9zOvo7cJsKEOjLd+C05M0I0UX2+7o+Goz":{"chainKey":{"counter":0},"chainType":2,"messageKeys":{}},"Bf+fpDgVYd7xztZcr+NKOoiT/WjVtpLOpVr2F1LHM+kS":{"chainKey":{"counter":2,"key":"dxQO/7hhoLDUVr7KywcOu+MO33K+Qo27LfhEA0f9dFU="},"chainType":2,"messageKeys":{}},"BdU6JkKKI3YI6oyEykeN6mFRdo8xRq9AoJv0fd8w4R0k":{"chainKey":{"counter":3,"key":"P3eHjIB3Qw1Pbram1znMil7BAqDJWhp6OMj8ulMRCrU="},"chainType":1,"messageKeys":{}}}},"BeE0TEYwNyWbmFdxgj/Ub9n+gYkO2Wr9slwxlP3AKh9r":{"registrationId":1014129313,"currentRatchet":{"ephemeralKeyPair":{"pubKey":"BVcCeVOoE/w6FQ9A4hZGYQPZKeYQZxKzyyyEvRp9lYFc","privKey":"aCaUBkdXlfp9NN42EZQxy1ehmt1GncRspQLxxrfAblo="},"lastRemoteEphemeralKey":"BboAJUZBT4o/VC9eQjZczoGuQ7JsdFPyQ6M28zMUqxsr","previousCounter":0,"rootKey":"nI2Ph9EtXoLglv/sUxMIVAhWcrTdFQMAVWnDRNHI0oQ="},"indexInfo":{"baseKey":"BeE0TEYwNyWbmFdxgj/Ub9n+gYkO2Wr9slwxlP3AKh9r","baseKeyType":1,"closed":1690525409669,"used":1690516783154,"created":1690512641541,"remoteIdentityKey":"BQDOzXO421YziZ+ZkN18nLfJCOcF/0MNEigjA25G8LMq"},"_chains":{"BZAEmRggQb52Am+xo3cUEgKtSPR1nempipSNgcu9AbVv":{"chainKey":{"counter":10},"chainType":2,"messageKeys":{"2":"yhcNdVVSb3BOeYfCsHvhgsKoYhbljtLKOBM4f6GpCqg=","3":"DqHOYuGAATCu4Rka16mvclLtcndUatni9W68dZARQn0=","4":"0UaHFDDsO7bL/MoG7H8ViVrp6FBrs1S7ryD9hsbXRBU=","5":"sF6qCDk136raqMlBnR1Ug0HwOhAE17SBwnIU9kRvkng=","6":"x8Yde34K+5gzQjkdPpse1SpjpRculu5hZ4hHTHGkMYE=","7":"wwVNvgAMA8lnK0EJFekP8b44dmFRvfEaYtbOVTvNAMU=","8":"mzPcas8sWnK81sdL7d6jO2vHZjhADCOzpAh/R93dUQQ=","9":"sQ7R5iqPQ5em+IIuitcXVj8hJLTRPvkSZK7UvkyIOFs=","10":"+13vhCx1hqoUVyDkjBSmnaC7PJrxAKchKpzyFSzCwnk="}},"BboAJUZBT4o/VC9eQjZczoGuQ7JsdFPyQ6M28zMUqxsr":{"chainKey":{"counter":0,"key":"2+a1u0sqs9dVneblItEAKSQUSgSuvlGgj3jjV3ud9jw="},"chainType":2,"messageKeys":{}},"BVcCeVOoE/w6FQ9A4hZGYQPZKeYQZxKzyyyEvRp9lYFc":{"chainKey":{"counter":147,"key":"pFIj7jWTeF6TxODbUJYT9+jUUUGtQwUsTZXQVXkpxso="},"chainType":1,"messageKeys":{}}}},"BSuJnQXnJ+d3iuzxyY1qItR9PanrxPNTbCfm1TGQIAV3":{"registrationId":1014129313,"currentRatchet":{"ephemeralKeyPair":{"pubKey":"BdS2mL5dOiTktjCEFIy7yFUm1SO9mPL13/yAoCvWNyIA","privKey":"eLiZHb2Ujmsha1bTutM5r97LricjAT5761c1Zxbph0s="},"lastRemoteEphemeralKey":"BSOkXPmUL7jMabyDI2jJfxJLryUnLvge13LvXVGxhJxr","previousCounter":0,"rootKey":"Ibx26ygB9mUI4ww8GAK/fi7KgBfRwGaoQ01CZiqhau4="},"indexInfo":{"baseKey":"BSuJnQXnJ+d3iuzxyY1qItR9PanrxPNTbCfm1TGQIAV3","baseKeyType":1,"closed":1690527002042,"used":1690525409649,"created":1690525409649,"remoteIdentityKey":"BQDOzXO421YziZ+ZkN18nLfJCOcF/0MNEigjA25G8LMq"},"_chains":{"BdS2mL5dOiTktjCEFIy7yFUm1SO9mPL13/yAoCvWNyIA":{"chainKey":{"counter":35,"key":"wJ3RWrsYBFBKgPB0PIlE2dctGiF/Zh9qp5Uv6tXAWtg="},"chainType":1,"messageKeys":{}}},"pendingPreKey":{"signedKeyId":0,"baseKey":"BSuJnQXnJ+d3iuzxyY1qItR9PanrxPNTbCfm1TGQIAV3","preKeyId":13028041}},"BTAIzTGpb2NVtNUBJdh7Ohvk8o1hZp/7SLfuypGUjVtO":{"registrationId":1014129313,"currentRatchet":{"ephemeralKeyPair":{"pubKey":"BeFM8QW2NrUGrYMdt7XhWWilvx3PzNt+Ul6ackd4tehW","privKey":"kLAjtpMgPpIsXJgxu9MxaXnSwkmIEt+Oo7n4DxHFdmo="},"lastRemoteEphemeralKey":"BSOkXPmUL7jMabyDI2jJfxJLryUnLvge13LvXVGxhJxr","previousCounter":0,"rootKey":"Z2UiIBu17+nBfs8nHN8ZcK+1E6m7S4Y9njJ9F1PDnR4="},"indexInfo":{"baseKey":"BTAIzTGpb2NVtNUBJdh7Ohvk8o1hZp/7SLfuypGUjVtO","baseKeyType":1,"closed":1690527003523,"used":1690527002026,"created":1690527002026,"remoteIdentityKey":"BQDOzXO421YziZ+ZkN18nLfJCOcF/0MNEigjA25G8LMq"},"_chains":{"BeFM8QW2NrUGrYMdt7XhWWilvx3PzNt+Ul6ackd4tehW":{"chainKey":{"counter":0,"key":"h2hUkgIty5YOKEcjTdTPzuGUGzN+uvFmdpc/fJV9/0A="},"chainType":1,"messageKeys":{}}},"pendingPreKey":{"signedKeyId":0,"baseKey":"BTAIzTGpb2NVtNUBJdh7Ohvk8o1hZp/7SLfuypGUjVtO","preKeyId":13027922}},"BRtRcUrL5s50CAFo4QJzlf1+lPolbs4voz3Ss/rprLMw":{"registrationId":1014129313,"currentRatchet":{"ephemeralKeyPair":{"pubKey":"BfZu6KbVprDuqHEJD9VJ//KuvpfaRajZDXt4xbcvLjsE","privKey":"KGi/FDoWZWZLSCM3tLZEJYJpf15OincE1LhRiG1HCVs="},"lastRemoteEphemeralKey":"BSOkXPmUL7jMabyDI2jJfxJLryUnLvge13LvXVGxhJxr","previousCounter":0,"rootKey":"fi8SACPGO+yTLhbOTuxAMU+GIixW0afwapZ6mWHUn90="},"indexInfo":{"baseKey":"BRtRcUrL5s50CAFo4QJzlf1+lPolbs4voz3Ss/rprLMw","baseKeyType":1,"closed":1690527005151,"used":1690527003498,"created":1690527003498,"remoteIdentityKey":"BQDOzXO421YziZ+ZkN18nLfJCOcF/0MNEigjA25G8LMq"},"_chains":{"BfZu6KbVprDuqHEJD9VJ//KuvpfaRajZDXt4xbcvLjsE":{"chainKey":{"counter":2,"key":"npNdh8iFkHf4IupTOrA9U3jwjrTZC0B4vBLFsq9AFoU="},"chainType":1,"messageKeys":{}}},"pendingPreKey":{"signedKeyId":0,"baseKey":"BRtRcUrL5s50CAFo4QJzlf1+lPolbs4voz3Ss/rprLMw","preKeyId":13027802}},"BRI1l4KkUxzj9JNtycXYsIBO0Pk8WdP1p/lSHAp2n9YC":{"registrationId":1014129313,"currentRatchet":{"ephemeralKeyPair":{"pubKey":"BVBuMB7vbkvWQDAmhkYPSg3QK0Qe5AGt212YC6F0CQdZ","privKey":"cN4pS6qqvL4bBqC9a0G2ibpn08wkDjE9YsmYHxSZ3E0="},"lastRemoteEphemeralKey":"BSOkXPmUL7jMabyDI2jJfxJLryUnLvge13LvXVGxhJxr","previousCounter":0,"rootKey":"fLCULiDfK+bQ2tSCzqX8X6fm/YoREwZ1yKA0RkVMHGc="},"indexInfo":{"baseKey":"BRI1l4KkUxzj9JNtycXYsIBO0Pk8WdP1p/lSHAp2n9YC","baseKeyType":1,"closed":1690527006638,"used":1690527005130,"created":1690527005130,"remoteIdentityKey":"BQDOzXO421YziZ+ZkN18nLfJCOcF/0MNEigjA25G8LMq"},"_chains":{"BVBuMB7vbkvWQDAmhkYPSg3QK0Qe5AGt212YC6F0CQdZ":{"chainKey":{"counter":1,"key":"JrZuR4Ms2Is3EscXkBjXwFXLM3MDHHxmI4RfnBIjqQA="},"chainType":1,"messageKeys":{}}},"pendingPreKey":{"signedKeyId":0,"baseKey":"BRI1l4KkUxzj9JNtycXYsIBO0Pk8WdP1p/lSHAp2n9YC","preKeyId":13027919}},"BQwl5cTs4mNEhR8yCK3zMpcCnkJT27Z40BkuQgW5blcS":{"registrationId":1014129313,"currentRatchet":{"ephemeralKeyPair":{"pubKey":"BWxa0tYMCNcj+JwU4tNlqO1TPLsA8A+KugBGh8Cwgjox","privKey":"YAni4eYjmeXmdljud7U9q0iLt9UyS/ZL0hYTgH0MWFo="},"lastRemoteEphemeralKey":"BSOkXPmUL7jMabyDI2jJfxJLryUnLvge13LvXVGxhJxr","previousCounter":0,"rootKey":"facbifpaxpPltFwIxPe9DlGdNSg5d/JA927sAVtAIoA="},"indexInfo":{"baseKey":"BQwl5cTs4mNEhR8yCK3zMpcCnkJT27Z40BkuQgW5blcS","baseKeyType":1,"closed":1690527008127,"used":1690527006609,"created":1690527006609,"remoteIdentityKey":"BQDOzXO421YziZ+ZkN18nLfJCOcF/0MNEigjA25G8LMq"},"_chains":{"BWxa0tYMCNcj+JwU4tNlqO1TPLsA8A+KugBGh8Cwgjox":{"chainKey":{"counter":2,"key":"+aHiRSXGvt1xjrUM5FnnA26k4Tf3e1iWGhw0S3hhAUM="},"chainType":1,"messageKeys":{}}},"pendingPreKey":{"signedKeyId":0,"baseKey":"BQwl5cTs4mNEhR8yCK3zMpcCnkJT27Z40BkuQgW5blcS","preKeyId":13027794}},"BVsuBBGpo7iK70tvrvM88R96MyDPTkAf9OMzBkndJdAy":{"registrationId":1014129313,"currentRatchet":{"ephemeralKeyPair":{"pubKey":"BXiLKUcx9mJuDO/PaWp3ytzmdQ338fyu5dmi+a2KdgMI","privKey":"AK0hO+Apy1O26jJpFciBt675sQKTihO6P7TsyTpPkmY="},"lastRemoteEphemeralKey":"Bd+ity96UONlPes85eHo4H+lvD0/CeXk218irVlV/10m","previousCounter":80,"rootKey":"w1F0efK3t/3j0nDpE/d5RkU3BCC8NfEqlCcIu+I9SYc="},"indexInfo":{"baseKey":"BVsuBBGpo7iK70tvrvM88R96MyDPTkAf9OMzBkndJdAy","baseKeyType":1,"closed":-1,"used":1690543679440,"created":1690527008118,"remoteIdentityKey":"BQDOzXO421YziZ+ZkN18nLfJCOcF/0MNEigjA25G8LMq"},"_chains":{"BfByi2Gwn723mlXO4c+daD1xjBGq+GyVrFnBikTn0458":{"chainKey":{"counter":0},"chainType":2,"messageKeys":{}},"Bd+ity96UONlPes85eHo4H+lvD0/CeXk218irVlV/10m":{"chainKey":{"counter":0,"key":"A81zQ6/4bG9Tdg9IHBy6J+q3ucpn/Q/vDy5yks0siSI="},"chainType":2,"messageKeys":{}},"BXiLKUcx9mJuDO/PaWp3ytzmdQ338fyu5dmi+a2KdgMI":{"chainKey":{"counter":58,"key":"i3vdc0fs9GDhBs5NAwDih5ouVcrht4ADfstCBKSHyKs="},"chainType":1,"messageKeys":{}}}}},"version":"v1"}