{"_sessions":{"BZ0lRgFCxVGwvlKbwdbFyxYMpJjVzyI485OHAejhnl5f":{"registrationId":1799826901,"currentRatchet":{"ephemeralKeyPair":{"pubKey":"BfF58hvAzljeMHGDT798K5o5zck/4lUbT0CeEuZETZYo","privKey":"8IlpbfTlA6fv5+cz6FUDCE3x1sYp0xdM6gku8AXcr2A="},"lastRemoteEphemeralKey":"Be5FNDpQ2QplcQwTe8HQ8yM8LacqqU5aJVJJZ7pYdYxX","previousCounter":0,"rootKey":"R9W8y9sGnF4ZT0pVdxzNmj5wRtsrfk2q6NY8w5I2vq8="},"indexInfo":{"baseKey":"BZ0lRgFCxVGwvlKbwdbFyxYMpJjVzyI485OHAejhnl5f","baseKeyType":1,"closed":-1,"used":1690512635469,"created":1690512635469,"remoteIdentityKey":"BaTqG5ko5uayXxBL9JcF1hE+2cFO3lWF4L8Fyz26nA9p"},"_chains":{"BfF58hvAzljeMHGDT798K5o5zck/4lUbT0CeEuZETZYo":{"chainKey":{"counter":6,"key":"itCvtReLSyQAFNItAk4z8M39t3qqtrRLdQQjaBu9MqQ="},"chainType":1,"messageKeys":{}}},"pendingPreKey":{"signedKeyId":1,"baseKey":"BZ0lRgFCxVGwvlKbwdbFyxYMpJjVzyI485OHAejhnl5f","preKeyId":11177114}}},"version":"v1"}