{"_sessions":{"Ba8WMC3EnK2tx3O8ectjjijKSyw4N+Fxxj4grBn0b98o":{"registrationId":1976545957,"currentRatchet":{"ephemeralKeyPair":{"pubKey":"BYfBdl3AqsJIUynxODXExmdkfvSLxhrXIC0Ig0x/LKl4","privKey":"sN2po48yavDCj14qqkCES2u7DlxdmYqZDrkHTVm5iks="},"lastRemoteEphemeralKey":"BS82S2XOIzwu3E76L+2yllEBFGr6v+bm14Q1yRDDCut+","previousCounter":0,"rootKey":"vZT2nwd9k3394tTSy0+qX2HfM+gP9UVuYB7g39wMRKE="},"indexInfo":{"baseKey":"Ba8WMC3EnK2tx3O8ectjjijKSyw4N+Fxxj4grBn0b98o","baseKeyType":1,"closed":-1,"used":1690512636072,"created":1690512636072,"remoteIdentityKey":"BXJb1yNq8qECGcLscyv2Zs95GHeoMZ7zHP+I/UUaKZBG"},"_chains":{"BYfBdl3AqsJIUynxODXExmdkfvSLxhrXIC0Ig0x/LKl4":{"chainKey":{"counter":6,"key":"dVf0cTvnGt2tjt3GeaV26/vIDMNiF8sITcy2TFugmmU="},"chainType":1,"messageKeys":{}}},"pendingPreKey":{"signedKeyId":2,"baseKey":"Ba8WMC3EnK2tx3O8ectjjijKSyw4N+Fxxj4grBn0b98o","preKeyId":192678}}},"version":"v1"}