{"_sessions":{"BSruQhDqS4QsChD3FJnb83lYB7VGQnb9mVvzkAlzyZtp":{"registrationId":738370215,"currentRatchet":{"ephemeralKeyPair":{"pubKey":"Bep3q+VMMPHtPFiNy8SHrWuqfmEhXWiDec4aI74/YjIB","privKey":"SO/oOlq9K8jeoQ+uxwA/aAMA2gVWIFNcHVPFvtPQWWU="},"lastRemoteEphemeralKey":"BcqhEG2J7ZLQ/Vw6h15hjx63XwTLyegjtGMhLdQ9JCMt","previousCounter":0,"rootKey":"VZp5nMQIz3XUUfqBYMEWRx9RnDnI/aLczZoPzYqrbxU="},"indexInfo":{"baseKey":"BSruQhDqS4QsChD3FJnb83lYB7VGQnb9mVvzkAlzyZtp","baseKeyType":1,"closed":-1,"used":1690523856220,"created":1690523856220,"remoteIdentityKey":"Ba/4D69Q/Chu7QF1ojnOIJZ/u361AHK9JsX5bcRzWqJF"},"_chains":{"Bep3q+VMMPHtPFiNy8SHrWuqfmEhXWiDec4aI74/YjIB":{"chainKey":{"counter":197,"key":"0s49T5FAwfnExLR/0Mw+ZI8915YpWPjnHnajgqPSQ3Y="},"chainType":1,"messageKeys":{}}},"pendingPreKey":{"signedKeyId":1,"baseKey":"BSruQhDqS4QsChD3FJnb83lYB7VGQnb9mVvzkAlzyZtp","preKeyId":293420}}},"version":"v1"}