{"_sessions":{"BUzW6+LkPfkHSsWFNKS9uUXdgdnjCx8GA+P+UU95GSRS":{"registrationId":72,"currentRatchet":{"ephemeralKeyPair":{"pubKey":"BQX1nrwCCETGzFVYM9JS/h/II426ANN/k1RbDOXsFTkX","privKey":"yHoyA8nBUOmEMP/uzbfhAaiks9cjuFPJ19heUgomR1c="},"lastRemoteEphemeralKey":"BVXCnxOxJ3V8HyqjWRhjyFDmsoc13jtOWJHzlUZB4asP","previousCounter":0,"rootKey":"8XZYsn7PpbtDuT7qADnGePYq7ZetKl7ZyZXLsQPRpZQ="},"indexInfo":{"baseKey":"BUzW6+LkPfkHSsWFNKS9uUXdgdnjCx8GA+P+UU95GSRS","baseKeyType":1,"closed":-1,"used":1690504194032,"created":1690504194032,"remoteIdentityKey":"BYunHjb7sxRi+Np2jLMwFuiYOz7et/z3XfsCzLrNX1l3"},"_chains":{"BQX1nrwCCETGzFVYM9JS/h/II426ANN/k1RbDOXsFTkX":{"chainKey":{"counter":441,"key":"kb7iHuS8uG1hwZ4QYLclvAKCe3djIrmZ4Z1w2yLb+9k="},"chainType":1,"messageKeys":{}}},"pendingPreKey":{"signedKeyId":1,"baseKey":"BUzW6+LkPfkHSsWFNKS9uUXdgdnjCx8GA+P+UU95GSRS"}}},"version":"v1"}