{"_sessions":{"Bdpnzif2LQOJVE7eASuDRnQkHdfFjCdya8pGnC6ELJtn":{"registrationId":308,"currentRatchet":{"ephemeralKeyPair":{"pubKey":"BeN+vCaFVkPlnAQ5AHdQQrDjhBN8BnG5tADfI/BbFFot","privKey":"6OwTVbYM0slHBMiuakyN187uGTONAmXMqeE2f/YyHGg="},"lastRemoteEphemeralKey":"BRa5r0I7apGPpBX3dzcYe7YvXnXbNDkIhOdarz1KlPNQ","previousCounter":0,"rootKey":"c0/2vQtY4isEv7CJpEK7QX0d+RbFwyZmSKA6UH8FYOE="},"indexInfo":{"baseKey":"Bdpnzif2LQOJVE7eASuDRnQkHdfFjCdya8pGnC6ELJtn","baseKeyType":1,"closed":-1,"used":1690512635723,"created":1690512635723,"remoteIdentityKey":"Bfby6qycl6psR965jYYmEIACT0uPQzKY/2r9+FVzb8kl"},"_chains":{"BeN+vCaFVkPlnAQ5AHdQQrDjhBN8BnG5tADfI/BbFFot":{"chainKey":{"counter":127,"key":"ZIsRvp9DVS37Lc9ui21DX46CcCO7TNrtGulYPz+XHLg="},"chainType":1,"messageKeys":{}}},"pendingPreKey":{"signedKeyId":1,"baseKey":"Bdpnzif2LQOJVE7eASuDRnQkHdfFjCdya8pGnC6ELJtn","preKeyId":713}}},"version":"v1"}