{"_sessions":{"BYLQu2wwkEJtQdMMYVE1VeFUpNlLRogP2oNO+gP8dt9q":{"registrationId":206633384,"currentRatchet":{"ephemeralKeyPair":{"pubKey":"Be2qd1HLJUFXr0PvW8kkF04E7K2TETiWl3Pc+C81x5R7","privKey":"YLSWAxy5pb0+RjHWOsValMRDmaXqU0vKsaRONbufgkQ="},"lastRemoteEphemeralKey":"BQgeUwdsyyZ/SUb3sRD7wa5ynFybTnVxTbSWA/HDbGxy","previousCounter":0,"rootKey":"NWnyyN2qJw2XiYY2GwqyLbeNrtwj5bZ5VtarFWLyS4w="},"indexInfo":{"baseKey":"BYLQu2wwkEJtQdMMYVE1VeFUpNlLRogP2oNO+gP8dt9q","baseKeyType":1,"closed":-1,"used":1690512635217,"created":1690512635217,"remoteIdentityKey":"BTj03UinqxCWlDC1/6cztsB1D1S3us31EB4QfoLo3dNY"},"_chains":{"Be2qd1HLJUFXr0PvW8kkF04E7K2TETiWl3Pc+C81x5R7":{"chainKey":{"counter":127,"key":"m6vt6AwZPqOYNEg+zGV5FuBDFETs/VeyDVmHY45uFpc="},"chainType":1,"messageKeys":{}}},"pendingPreKey":{"signedKeyId":1,"baseKey":"BYLQu2wwkEJtQdMMYVE1VeFUpNlLRogP2oNO+gP8dt9q","preKeyId":1128128}}},"version":"v1"}