{"_sessions":{"BcQ6XuTQKDyE6R3rsZ5eQyEGNGCxImpyoR8OQkvZtRpA":{"registrationId":933536011,"currentRatchet":{"ephemeralKeyPair":{"pubKey":"BbT94QsxnLYGnMNi6FuWs7N5xKUg12iLp4lLd/y+ktUm","privKey":"iERihm57DggjoFAmCnBRJikrjruPT2XVxxjyeURuTFg="},"lastRemoteEphemeralKey":"BTQGgsWIcSOdB2CZcz+mb06i4c5VQJvTE4hgBThWnAtQ","previousCounter":0,"rootKey":"Gyv6m8BD/6pTMrF1YiSoLzm8981I6619aRfPgET5drE="},"indexInfo":{"baseKey":"BcQ6XuTQKDyE6R3rsZ5eQyEGNGCxImpyoR8OQkvZtRpA","baseKeyType":1,"closed":-1,"used":1690523856886,"created":1690523856886,"remoteIdentityKey":"Bfc54zSSvkC7xotWxlXiYVoZ29QAo1yJnJMt+yZ4+WY6"},"_chains":{"BbT94QsxnLYGnMNi6FuWs7N5xKUg12iLp4lLd/y+ktUm":{"chainKey":{"counter":197,"key":"ARIoUmMLMUlb/F6RbFZauLVU1D2Q6c/mTpR2UqrfUD8="},"chainType":1,"messageKeys":{}}},"pendingPreKey":{"signedKeyId":1,"baseKey":"BcQ6XuTQKDyE6R3rsZ5eQyEGNGCxImpyoR8OQkvZtRpA","preKeyId":3651932}}},"version":"v1"}