{"_sessions":{"BZ2H+aIpPEuPzGEHX0zuS7gEZ/6QyZQCtbQUC7TNi7ov":{"registrationId":2056920717,"currentRatchet":{"ephemeralKeyPair":{"pubKey":"BYR7S1NeKt5+SjzsOfO6Ibily/Tg4yXidSwJb0kkNbpF","privKey":"wOGMED6TTJhWnCTcsjKmV9eC6uC0JOCOz4KRWVKh8kM="},"lastRemoteEphemeralKey":"BbTFMypVC4vpGv1gHf9liE05CARDC+JHmdBAe0QEmadz","previousCounter":0,"rootKey":"cCJqaT6HW6mJJzMF1AUE2bX1qnCRqqHThpN6z4dWqbQ="},"indexInfo":{"baseKey":"BZ2H+aIpPEuPzGEHX0zuS7gEZ/6QyZQCtbQUC7TNi7ov","baseKeyType":1,"closed":-1,"used":1690512637005,"created":1690512637005,"remoteIdentityKey":"BRXVnJnFkOVDzzAZiee0ehM5xWVMvw2r1NuOEvaXW5cT"},"_chains":{"BYR7S1NeKt5+SjzsOfO6Ibily/Tg4yXidSwJb0kkNbpF":{"chainKey":{"counter":11,"key":"65YWJa0VrFPpAAJOckg7y8Up8B2PqMZTM+08XdBrVv8="},"chainType":1,"messageKeys":{}}},"pendingPreKey":{"signedKeyId":1,"baseKey":"BZ2H+aIpPEuPzGEHX0zuS7gEZ/6QyZQCtbQUC7TNi7ov","preKeyId":1624707}}},"version":"v1"}