{"_sessions":{"Beax3KhVtu7GOuY9m7HNgzvHXeALwc8yfvYAtdrNdhl2":{"registrationId":1849703445,"currentRatchet":{"ephemeralKeyPair":{"pubKey":"BdU53IhMMY9Y32kMDuqI7ZyaoTDereSp1e1gnY+V55dr","privKey":"AEbPI3agOYu3aTqQxPnVGu3P7NF3hj+MqJPFxagd/3c="},"lastRemoteEphemeralKey":"BdylyCTYkuJQBVnPS690Tvx1iBuQSyXNGeODE3Slg48P","previousCounter":0,"rootKey":"nZ0UhhHqHtrr7ICaPTZkmWL/KmwIg/pMimjq96tTwmw="},"indexInfo":{"baseKey":"Beax3KhVtu7GOuY9m7HNgzvHXeALwc8yfvYAtdrNdhl2","baseKeyType":1,"closed":-1,"used":1690512636881,"created":1690512636881,"remoteIdentityKey":"Bf4IvTSCW4U7YYwLB5ts0t42kOanNEJQE0BYbg+H0XQa"},"_chains":{"BdU53IhMMY9Y32kMDuqI7ZyaoTDereSp1e1gnY+V55dr":{"chainKey":{"counter":11,"key":"cvprsNpkn8dYDrnS4R+cuEjvPQomDEGksNpFxvp06pM="},"chainType":1,"messageKeys":{}}},"pendingPreKey":{"signedKeyId":0,"baseKey":"Beax3KhVtu7GOuY9m7HNgzvHXeALwc8yfvYAtdrNdhl2","preKeyId":13402706}}},"version":"v1"}