{"_sessions":{"BQ5m/nUsY3to4fqND+R0aCMewYooz/qw02BCG3BzfJhx":{"registrationId":174843321,"currentRatchet":{"ephemeralKeyPair":{"pubKey":"BSj0rtb3rvWARMk7aTUnyldO/se+Fbfdao2u410PZ3hn","privKey":"eCGnSs8XqN9rOTQQL9NIqMRtN1D30UygEEbAlB/VpkY="},"lastRemoteEphemeralKey":"BUg/0Iu6IDGTOOF5Qgtu7j/jB7/8QHWFhR6GrQdL4AAc","previousCounter":0,"rootKey":"OqjLiWT5tySlfCfM9o/ODlRLKXXaAnfxmVDgQzqG6Ko="},"indexInfo":{"baseKey":"BQ5m/nUsY3to4fqND+R0aCMewYooz/qw02BCG3BzfJhx","baseKeyType":1,"closed":-1,"used":1690523857061,"created":1690523857061,"remoteIdentityKey":"BXuzX4PtIKN1d/N/kLL9sBHPsDkIo2Atv6qvWVR+DuE5"},"_chains":{"BSj0rtb3rvWARMk7aTUnyldO/se+Fbfdao2u410PZ3hn":{"chainKey":{"counter":197,"key":"QKsfeiSln7NkZgEYi0agC/h6vnqapTLA0HhUFbqGG7A="},"chainType":1,"messageKeys":{}}},"pendingPreKey":{"signedKeyId":1,"baseKey":"BQ5m/nUsY3to4fqND+R0aCMewYooz/qw02BCG3BzfJhx","preKeyId":6491436}}},"version":"v1"}