{"_sessions":{"BSr5hT69iYZ5vH55AyQRvXzKW+PZyZvXnMwHhYUMvwd9":{"registrationId":1132236840,"currentRatchet":{"ephemeralKeyPair":{"pubKey":"BdrmVW4m8g70AtZ6cRmJMWgZMBQhSnJhvNFyaNSbEGF+","privKey":"eMdV0xySJEavuCGQA/oEBj8PSB6bSxVFdwqxj/b+H2A="},"lastRemoteEphemeralKey":"BUKvxjPs8gGJEg+bzs75yji1r6al05NH3JKgf1ArjsRS","previousCounter":0,"rootKey":"eDsHtVFQvj9Gszu0CBmB+jpBhnZ+74kGKwW3TrQuNzk="},"indexInfo":{"baseKey":"BSr5hT69iYZ5vH55AyQRvXzKW+PZyZvXnMwHhYUMvwd9","baseKeyType":1,"closed":-1,"used":1690512847108,"created":1690512847108,"remoteIdentityKey":"BSeu5PH/Dpqo/Z4+0BKWQ25D6kcore0BiFQLBAcwQPRV"},"_chains":{"BdrmVW4m8g70AtZ6cRmJMWgZMBQhSnJhvNFyaNSbEGF+":{"chainKey":{"counter":2,"key":"Mb6ri/Mbx8bjKIGxsunafSR34Cg4RL4AGwYnTTE32mA="},"chainType":1,"messageKeys":{}}},"pendingPreKey":{"signedKeyId":22,"baseKey":"BSr5hT69iYZ5vH55AyQRvXzKW+PZyZvXnMwHhYUMvwd9","preKeyId":2992612}}},"version":"v1"}