{"_sessions":{"BV604RX1Voca+Hs73XgGXm5sFOkQhCe4HITH7bFphYNU":{"registrationId":223,"currentRatchet":{"ephemeralKeyPair":{"pubKey":"BQgL383rNlOHqQf0rLjgVYvt6NfU6aVoy4issjRMfgAZ","privKey":"AOijb65QWdPewxe6S+nnoFM+/kdQjSKwIqroMXlph04="},"lastRemoteEphemeralKey":"BcA9oEM584Z4ZkHPefnlULamOwH1PAI2W4/gY+SODEs2","previousCounter":0,"rootKey":"6rZQ3k0/XoZ99GlC30TVdyu0EAQWleL+djZNKeHgyt4="},"indexInfo":{"baseKey":"BV604RX1Voca+Hs73XgGXm5sFOkQhCe4HITH7bFphYNU","baseKeyType":1,"closed":-1,"used":1690523855150,"created":1690523855150,"remoteIdentityKey":"BSokixWcywbWyjWRygGrsLM2MKmI8q5QER5Hhbr2tb4N"},"_chains":{"BQgL383rNlOHqQf0rLjgVYvt6NfU6aVoy4issjRMfgAZ":{"chainKey":{"counter":13,"key":"GZaE52hJrJpc+rP+lxPA05nItyMDA8JhjVDwtNagwR4="},"chainType":1,"messageKeys":{}}},"pendingPreKey":{"signedKeyId":1,"baseKey":"BV604RX1Voca+Hs73XgGXm5sFOkQhCe4HITH7bFphYNU"}}},"version":"v1"}