{"_sessions":{"BcPTGJDNv5tIBh0qG47/vIcMV9PmnGt/sIcMicsc5NQG":{"registrationId":1312585188,"currentRatchet":{"ephemeralKeyPair":{"pubKey":"BWHfmusj5kNyPx1+JXcFhqhJd8z8p7w7dpgeu6HVNO0h","privKey":"qNLawbOWX18vA5Fkj+Mv5ajyb28w0PqsmoBw49LyAlI="},"lastRemoteEphemeralKey":"BR/8vndP7Ra2vh6ty00NEu8ckINsxGUcXjYS3rq3g7xZ","previousCounter":0,"rootKey":"d6xCyGS+pIXqZM3G3RQvnCmIYuFst2ce+5upGsSUntY="},"indexInfo":{"baseKey":"BcPTGJDNv5tIBh0qG47/vIcMV9PmnGt/sIcMicsc5NQG","baseKeyType":1,"closed":-1,"used":1690512845352,"created":1690512845352,"remoteIdentityKey":"BQIwd1+lWT01WO+SdKMJgC2CP2WVSE4mQyIFjBE430A0"},"_chains":{"BWHfmusj5kNyPx1+JXcFhqhJd8z8p7w7dpgeu6HVNO0h":{"chainKey":{"counter":2,"key":"dPLsb3Wzxqp8cginJ0sIwFz/UNOopFE/8FfgGkNLIhg="},"chainType":1,"messageKeys":{}}},"pendingPreKey":{"signedKeyId":2,"baseKey":"BcPTGJDNv5tIBh0qG47/vIcMV9PmnGt/sIcMicsc5NQG","preKeyId":12583367}}},"version":"v1"}