{"_sessions":{"Bblz8W9bmr+l56+iUzrwp4/WsPq49ngHbaslpPWMFqxK":{"registrationId":490853534,"currentRatchet":{"ephemeralKeyPair":{"pubKey":"BXjVJd8hDFM3LgOt4b9V6n8A6VnETsKtgDCYRu1+c3hS","privKey":"yG0Xtnn6JhvW9lDzyRohnA8tpzjXCXBCLTO0dsTSaU4="},"lastRemoteEphemeralKey":"BYPYtc6/1GMKHPF+ANZNR1FBlXM3GZTuuR4L0Z6xlk1r","previousCounter":0,"rootKey":"CfuWsaq85QnnsXGArTd9uAoY2AePiDCSjIYxSkpKXxk="},"indexInfo":{"baseKey":"Bblz8W9bmr+l56+iUzrwp4/WsPq49ngHbaslpPWMFqxK","baseKeyType":1,"closed":-1,"used":1690512847484,"created":1690512847484,"remoteIdentityKey":"BT27oCRPIdvNQlas62uSMBrp2mGo9ixdEWYhnu+1v3c3"},"_chains":{"BXjVJd8hDFM3LgOt4b9V6n8A6VnETsKtgDCYRu1+c3hS":{"chainKey":{"counter":2,"key":"xSf+7c8HTHQHYbJUDXJXZrYw/OQDHpf3dQqiuob9Jkk="},"chainType":1,"messageKeys":{}}},"pendingPreKey":{"signedKeyId":0,"baseKey":"Bblz8W9bmr+l56+iUzrwp4/WsPq49ngHbaslpPWMFqxK","preKeyId":16362358}}},"version":"v1"}