{"_sessions":{"Be2WR7GxtDr/ss3+VoIPLUSNktrBXlHPAz3E2EI05S1D":{"registrationId":1464181241,"currentRatchet":{"ephemeralKeyPair":{"pubKey":"BfZM31XXyLQp7U2ovPXHEawgvCCWoKV+tAzUk1ku5Uo0","privKey":"qLo8JTEImJ0jgXw02UGYOZfRTO82lpWZAvvHa69S0mg="},"lastRemoteEphemeralKey":"BZImwFyD8/1SvErW0euODL6xUrc01Vq82aVMQQtaqAlA","previousCounter":0,"rootKey":"1NMQ7NeYQEcuC+iNFRWBn3vhJ9mWJGSgmS1A9SPF/NM="},"indexInfo":{"baseKey":"Be2WR7GxtDr/ss3+VoIPLUSNktrBXlHPAz3E2EI05S1D","baseKeyType":1,"closed":1690523759958,"used":1690512636514,"created":1690512636514,"remoteIdentityKey":"BZmtzbVv2w+jOGus9XLpRmuwKtd7k+6JVcPHHuBJaPZg"},"_chains":{"BfZM31XXyLQp7U2ovPXHEawgvCCWoKV+tAzUk1ku5Uo0":{"chainKey":{"counter":16,"key":"XBBiMmKotjpbShSZz2iKTKfm3zWSg1LL8Cg/8OpSIL4="},"chainType":1,"messageKeys":{}}},"pendingPreKey":{"signedKeyId":5,"baseKey":"Be2WR7GxtDr/ss3+VoIPLUSNktrBXlHPAz3E2EI05S1D","preKeyId":10635607}},"BSTqZDZE0E6scmXx5tegekB1yjYkBCIPlrkJ1GrfUpYP":{"registrationId":1221928081,"currentRatchet":{"ephemeralKeyPair":{"pubKey":"BZmMcFImNnwuA7g/whsnd3J4epf+vGsQsJUIB69uwNhH","privKey":"cJh6jnB3AWm94QfIn3dHrSkZsWSt+QM5wzp4JHvbPVM="},"lastRemoteEphemeralKey":"Bf091ejFt5c1tWL4WzPQOemIvPKgm/x9+Ryi/H7vhlgE","previousCounter":0,"rootKey":"88PNS/iApgiSvmAaOSdyRmRjzwEjrwzmXSeR1TI9Ypc="},"indexInfo":{"baseKey":"BSTqZDZE0E6scmXx5tegekB1yjYkBCIPlrkJ1GrfUpYP","baseKeyType":1,"closed":1690523774134,"used":1690523759942,"created":1690523759942,"remoteIdentityKey":"BaBfqlw4ddBoX5cR0nWIY+xF46+aoEb+3jcl3MiNCPBA"},"_chains":{"BZmMcFImNnwuA7g/whsnd3J4epf+vGsQsJUIB69uwNhH":{"chainKey":{"counter":0,"key":"fwYhgN0BN/y1AmsB+6Ad6hezFvQqEl6GO37Pynkcsic="},"chainType":1,"messageKeys":{}}},"pendingPreKey":{"signedKeyId":0,"baseKey":"BSTqZDZE0E6scmXx5tegekB1yjYkBCIPlrkJ1GrfUpYP","preKeyId":5135277}},"BdohRkl3sI9Jgx7/WOc/XX/1vO3jVAseQ0REnDkXm8ZV":{"registrationId":1221928081,"currentRatchet":{"ephemeralKeyPair":{"pubKey":"BT7rwvBCFMpsJEDS0zUx4Rn41CyS/UVTuLuqgi102vRF","privKey":"cGWwq1+49sd/NrwHk5axJgc595cueKPxybk0G0IEjX8="},"lastRemoteEphemeralKey":"Bf091ejFt5c1tWL4WzPQOemIvPKgm/x9+Ryi/H7vhlgE","previousCounter":0,"rootKey":"YYs+mhGEIhk2tPwZjNzn5L0H2cGDuGXR7U4vpFQxF1g="},"indexInfo":{"baseKey":"BdohRkl3sI9Jgx7/WOc/XX/1vO3jVAseQ0REnDkXm8ZV","baseKeyType":1,"closed":1690523776887,"used":1690523774113,"created":1690523774113,"remoteIdentityKey":"BaBfqlw4ddBoX5cR0nWIY+xF46+aoEb+3jcl3MiNCPBA"},"_chains":{"BT7rwvBCFMpsJEDS0zUx4Rn41CyS/UVTuLuqgi102vRF":{"chainKey":{"counter":0,"key":"wPrRn0fdRJ8ESNUkhx/kKVorhuOPp3uep5+OiUyLO0I="},"chainType":1,"messageKeys":{}}},"pendingPreKey":{"signedKeyId":0,"baseKey":"BdohRkl3sI9Jgx7/WOc/XX/1vO3jVAseQ0REnDkXm8ZV","preKeyId":5135243}},"BRN/MYglZOTwS3tFINyvk1NkkmCxUeEml52d1/MCSLIC":{"registrationId":1221928081,"currentRatchet":{"ephemeralKeyPair":{"pubKey":"BRGN2tN5RjQOii7U/V/zjeCyVRhIt6Bq0KWAULeRcmVx","privKey":"AAxmtWDEgPB+ddmHAI0fDuLAD1fVesVgXjUu6Rxs+Xg="},"lastRemoteEphemeralKey":"Bf091ejFt5c1tWL4WzPQOemIvPKgm/x9+Ryi/H7vhlgE","previousCounter":0,"rootKey":"lOhpljP8eHuVoD2okDt9jGd6bZDvoER1o6NittofFtY="},"indexInfo":{"baseKey":"BRN/MYglZOTwS3tFINyvk1NkkmCxUeEml52d1/MCSLIC","baseKeyType":1,"closed":1690523778967,"used":1690523776855,"created":1690523776855,"remoteIdentityKey":"BaBfqlw4ddBoX5cR0nWIY+xF46+aoEb+3jcl3MiNCPBA"},"_chains":{"BRGN2tN5RjQOii7U/V/zjeCyVRhIt6Bq0KWAULeRcmVx":{"chainKey":{"counter":0,"key":"1l+hlNFCWY8wM/IeHSgG6ZddAdKLGxIOxijaVrf5Cgs="},"chainType":1,"messageKeys":{}}},"pendingPreKey":{"signedKeyId":0,"baseKey":"BRN/MYglZOTwS3tFINyvk1NkkmCxUeEml52d1/MCSLIC","preKeyId":5135238}},"BRPl8rYCQzXTdIvRkLb3PU12u8i3d+CbcyIMvAmxuFYZ":{"registrationId":1221928081,"currentRatchet":{"ephemeralKeyPair":{"pubKey":"BQ6jcFteh+ggO4owYKNp8QZYChL/3kDKEcjkan1dNYwy","privKey":"yNDPiCP0PTYJULR81HWd3aOHnk3KpeYbvDvduqsTQU8="},"lastRemoteEphemeralKey":"Bf091ejFt5c1tWL4WzPQOemIvPKgm/x9+Ryi/H7vhlgE","previousCounter":0,"rootKey":"vIOKqRAQXQ/rnSl8m8q+vbkNcCopw/8pLcqlr+/n1YM="},"indexInfo":{"baseKey":"BRPl8rYCQzXTdIvRkLb3PU12u8i3d+CbcyIMvAmxuFYZ","baseKeyType":1,"closed":1690523782351,"used":1690523778930,"created":1690523778930,"remoteIdentityKey":"BaBfqlw4ddBoX5cR0nWIY+xF46+aoEb+3jcl3MiNCPBA"},"_chains":{"BQ6jcFteh+ggO4owYKNp8QZYChL/3kDKEcjkan1dNYwy":{"chainKey":{"counter":0,"key":"8wi70yRANJtBxQuWUV20EnOQpTDd9h6TRcKr+rC83rQ="},"chainType":1,"messageKeys":{}}},"pendingPreKey":{"signedKeyId":0,"baseKey":"BRPl8rYCQzXTdIvRkLb3PU12u8i3d+CbcyIMvAmxuFYZ","preKeyId":5135264}},"BX+I0BeTxGOBXylKkHsFdnZ1KXvt7nacYokamjr1PMId":{"registrationId":1221928081,"currentRatchet":{"ephemeralKeyPair":{"pubKey":"BWhZHe6rYsA6UEME9kBd8Zr9VDC2Yg/zFsI46zug60Jm","privKey":"+LRY6m/WawJkdoF9ZXzIPW2pw/NzZsrtLu9jU36h/EY="},"lastRemoteEphemeralKey":"Bf091ejFt5c1tWL4WzPQOemIvPKgm/x9+Ryi/H7vhlgE","previousCounter":0,"rootKey":"ztYqXFs0Tmju+C35Zvt0AmCPBVgrhLwg4O4Il+EPT9I="},"indexInfo":{"baseKey":"BX+I0BeTxGOBXylKkHsFdnZ1KXvt7nacYokamjr1PMId","baseKeyType":1,"closed":1690523784189,"used":1690523782142,"created":1690523782142,"remoteIdentityKey":"BaBfqlw4ddBoX5cR0nWIY+xF46+aoEb+3jcl3MiNCPBA"},"_chains":{"BWhZHe6rYsA6UEME9kBd8Zr9VDC2Yg/zFsI46zug60Jm":{"chainKey":{"counter":0,"key":"aR/mCs4OzMxX+ei+lXxoYfTw26sqkGFWJCY5sbt3vsE="},"chainType":1,"messageKeys":{}}},"pendingPreKey":{"signedKeyId":0,"baseKey":"BX+I0BeTxGOBXylKkHsFdnZ1KXvt7nacYokamjr1PMId","preKeyId":5134538}},"Be2ishWTDqZ0PnmJ3ED1BXQ93U2TMVnyYMLp4ql8unBD":{"registrationId":1221928081,"currentRatchet":{"ephemeralKeyPair":{"pubKey":"BfeFKK/Z69qbSrF4DMqWt5BfqRhBzspkSveyLnNIOeg0","privKey":"wJFDrEmLt+sdIOF9DrC7UoJKatZXTFJUElDMWjT83U0="},"lastRemoteEphemeralKey":"Bf091ejFt5c1tWL4WzPQOemIvPKgm/x9+Ryi/H7vhlgE","previousCounter":0,"rootKey":"VUPpAqFoHT7xbZcYbPRm0FUHUUlptR/0HGmXFDZHnnU="},"indexInfo":{"baseKey":"Be2ishWTDqZ0PnmJ3ED1BXQ93U2TMVnyYMLp4ql8unBD","baseKeyType":1,"closed":1690523786265,"used":1690523784133,"created":1690523784133,"remoteIdentityKey":"BaBfqlw4ddBoX5cR0nWIY+xF46+aoEb+3jcl3MiNCPBA"},"_chains":{"BfeFKK/Z69qbSrF4DMqWt5BfqRhBzspkSveyLnNIOeg0":{"chainKey":{"counter":0,"key":"A79dtseAgqYuzdyuXSVVVftlGvR3Tiq3A7OQVbp/Qyg="},"chainType":1,"messageKeys":{}}},"pendingPreKey":{"signedKeyId":0,"baseKey":"Be2ishWTDqZ0PnmJ3ED1BXQ93U2TMVnyYMLp4ql8unBD","preKeyId":5135217}},"BWzYRa5YI0D8IT+Kxr31wL6/goFr+ylL/7Hzz0tzsRh7":{"registrationId":1221928081,"currentRatchet":{"ephemeralKeyPair":{"pubKey":"BYp7Gu2+ch6stB2ut2XcxWma0wPlCquQHhpVCYauSR5i","privKey":"gOKrgBkNgsgP4H6NRmLijtiR8Eylmn9VNLZyyZTE61w="},"lastRemoteEphemeralKey":"Bf091ejFt5c1tWL4WzPQOemIvPKgm/x9+Ryi/H7vhlgE","previousCounter":0,"rootKey":"PEeA83bZfJqz5cK4kugEV5MqCGKC73HhD7X1byQuy1I="},"indexInfo":{"baseKey":"BWzYRa5YI0D8IT+Kxr31wL6/goFr+ylL/7Hzz0tzsRh7","baseKeyType":1,"closed":1690523788052,"used":1690523786181,"created":1690523786181,"remoteIdentityKey":"BaBfqlw4ddBoX5cR0nWIY+xF46+aoEb+3jcl3MiNCPBA"},"_chains":{"BYp7Gu2+ch6stB2ut2XcxWma0wPlCquQHhpVCYauSR5i":{"chainKey":{"counter":0,"key":"+Wi5cs8gPrMs2qnRrIf/XMiTA5nQAk7h22pQwuwhLIg="},"chainType":1,"messageKeys":{}}},"pendingPreKey":{"signedKeyId":0,"baseKey":"BWzYRa5YI0D8IT+Kxr31wL6/goFr+ylL/7Hzz0tzsRh7","preKeyId":5135210}},"BUj+qo+kwuu0w1Tq2DloGek+Tsxaji2a8rSAGm7x/oMk":{"registrationId":1221928081,"currentRatchet":{"ephemeralKeyPair":{"pubKey":"BYF6+yggKctkiu04YZ2h0OeS6RATM2F9R6roBqkPZbIl","privKey":"cIQvpPvC/PYJw1dvTMjangTWv7KQA+WbzTrVelIfOHk="},"lastRemoteEphemeralKey":"Bf091ejFt5c1tWL4WzPQOemIvPKgm/x9+Ryi/H7vhlgE","previousCounter":0,"rootKey":"QAVb9gh3C6w+TjYtJcJSjyiWCXD4HDE7Hun2TbCnqZM="},"indexInfo":{"baseKey":"BUj+qo+kwuu0w1Tq2DloGek+Tsxaji2a8rSAGm7x/oMk","baseKeyType":1,"closed":1690523789793,"used":1690523788042,"created":1690523788042,"remoteIdentityKey":"BaBfqlw4ddBoX5cR0nWIY+xF46+aoEb+3jcl3MiNCPBA"},"_chains":{"BYF6+yggKctkiu04YZ2h0OeS6RATM2F9R6roBqkPZbIl":{"chainKey":{"counter":0,"key":"hcltc1rPClaBWvcZEbgJjA44f9K1vZbCvjIoQYhBpYw="},"chainType":1,"messageKeys":{}}},"pendingPreKey":{"signedKeyId":0,"baseKey":"BUj+qo+kwuu0w1Tq2DloGek+Tsxaji2a8rSAGm7x/oMk","preKeyId":5135220}},"BZUMnQPfXVXnrz5KUfnRIjQ+hZgG3G8p0L6HrwNslldU":{"registrationId":1221928081,"currentRatchet":{"ephemeralKeyPair":{"pubKey":"BYUYPGtHgHSfzYLsRmoDAQp+NAg3eQw7wO7P7LQ+k8Y/","privKey":"sIEF0MU48OwE66kRqLpJ3Xbprd3C2x/RmDwTtNyS/Gw="},"lastRemoteEphemeralKey":"Bf091ejFt5c1tWL4WzPQOemIvPKgm/x9+Ryi/H7vhlgE","previousCounter":0,"rootKey":"3goAwCjc2vWkmGzDkawNlIjIoknrPZTwCL2NPDMrSqw="},"indexInfo":{"baseKey":"BZUMnQPfXVXnrz5KUfnRIjQ+hZgG3G8p0L6HrwNslldU","baseKeyType":1,"closed":1690523791579,"used":1690523789771,"created":1690523789771,"remoteIdentityKey":"BaBfqlw4ddBoX5cR0nWIY+xF46+aoEb+3jcl3MiNCPBA"},"_chains":{"BYUYPGtHgHSfzYLsRmoDAQp+NAg3eQw7wO7P7LQ+k8Y/":{"chainKey":{"counter":0,"key":"WeGjsMcygOtRKfieq3+3b0K6EbINqOOOZNWxVsF/23k="},"chainType":1,"messageKeys":{}}},"pendingPreKey":{"signedKeyId":0,"baseKey":"BZUMnQPfXVXnrz5KUfnRIjQ+hZgG3G8p0L6HrwNslldU","preKeyId":5134525}},"BW2PmTffOhObHbYMUeSFbGZ5Hrn3/InDCcauYRC+aKVd":{"registrationId":1221928081,"currentRatchet":{"ephemeralKeyPair":{"pubKey":"BbfnbG/p6b1gBNr7ZOgfoJdglXiAQeGxgEThYwSSS3wJ","privKey":"0Fk3V5VNzZrOG3CPCFXKnl+v05SItYr/6aKvxOor9HM="},"lastRemoteEphemeralKey":"Bf091ejFt5c1tWL4WzPQOemIvPKgm/x9+Ryi/H7vhlgE","previousCounter":0,"rootKey":"EhzRQf1U/HwGJS8rGaAK2TdAr+/AsIH4xIkjuuoHStI="},"indexInfo":{"baseKey":"BW2PmTffOhObHbYMUeSFbGZ5Hrn3/InDCcauYRC+aKVd","baseKeyType":1,"closed":1690523793142,"used":1690523791552,"created":1690523791552,"remoteIdentityKey":"BaBfqlw4ddBoX5cR0nWIY+xF46+aoEb+3jcl3MiNCPBA"},"_chains":{"BbfnbG/p6b1gBNr7ZOgfoJdglXiAQeGxgEThYwSSS3wJ":{"chainKey":{"counter":0,"key":"aKG33XpE+qNVazEItCvXM0cv5IeIDcYeD+EUXq8RS68="},"chainType":1,"messageKeys":{}}},"pendingPreKey":{"signedKeyId":0,"baseKey":"BW2PmTffOhObHbYMUeSFbGZ5Hrn3/InDCcauYRC+aKVd","preKeyId":5134462}},"BaiHXlKl4JVcC3+QZmxJEvRCInV1K06OS4Ir0sEjeYUj":{"registrationId":1221928081,"currentRatchet":{"ephemeralKeyPair":{"pubKey":"BdU/ozzlvjWCQuWlzPHLOuio0GQtuucWnyoGBmsFPIID","privKey":"MMbTRovaFIQqRMcRUmd1NaBVMC9a0bTIQt91KwGdfn0="},"lastRemoteEphemeralKey":"Bf091ejFt5c1tWL4WzPQOemIvPKgm/x9+Ryi/H7vhlgE","previousCounter":0,"rootKey":"2KrpLlX1ChhVRwHxshnrucNOpMr7AGsT8VLURS3mfKk="},"indexInfo":{"baseKey":"BaiHXlKl4JVcC3+QZmxJEvRCInV1K06OS4Ir0sEjeYUj","baseKeyType":1,"closed":1690523794878,"used":1690523793096,"created":1690523793096,"remoteIdentityKey":"BaBfqlw4ddBoX5cR0nWIY+xF46+aoEb+3jcl3MiNCPBA"},"_chains":{"BdU/ozzlvjWCQuWlzPHLOuio0GQtuucWnyoGBmsFPIID":{"chainKey":{"counter":0,"key":"y6oQWAuUAyABSRvkoztSRXJTG4p0Md+JFAbP4isOEi0="},"chainType":1,"messageKeys":{}}},"pendingPreKey":{"signedKeyId":0,"baseKey":"BaiHXlKl4JVcC3+QZmxJEvRCInV1K06OS4Ir0sEjeYUj","preKeyId":5134512}},"BWEvPtn1n9QyL6Phy8pWoH3HBYY69lB5pxqfvLN6wfkE":{"registrationId":1221928081,"currentRatchet":{"ephemeralKeyPair":{"pubKey":"BUemSpkuwNtB0LBPZf1OSdqTmtjA8HBboSv37g1/ICdt","privKey":"mJYscvKlsRpMsTy85BKkry71oW/qaQuOPIEMwlIyoFw="},"lastRemoteEphemeralKey":"Bf091ejFt5c1tWL4WzPQOemIvPKgm/x9+Ryi/H7vhlgE","previousCounter":0,"rootKey":"1nMrKj+q+d0n9TfHWQmLhFf3oTM3Q83bQ0wNLIJ4aLk="},"indexInfo":{"baseKey":"BWEvPtn1n9QyL6Phy8pWoH3HBYY69lB5pxqfvLN6wfkE","baseKeyType":1,"closed":1690523796761,"used":1690523794831,"created":1690523794831,"remoteIdentityKey":"BaBfqlw4ddBoX5cR0nWIY+xF46+aoEb+3jcl3MiNCPBA"},"_chains":{"BUemSpkuwNtB0LBPZf1OSdqTmtjA8HBboSv37g1/ICdt":{"chainKey":{"counter":0,"key":"+WgzFWZEN7sYRySn6eECwpeJanuYlhpNbdvtcZo7F9E="},"chainType":1,"messageKeys":{}}},"pendingPreKey":{"signedKeyId":0,"baseKey":"BWEvPtn1n9QyL6Phy8pWoH3HBYY69lB5pxqfvLN6wfkE","preKeyId":5134521}},"Bbeg5mQ4kuQKl0JJs5Kpt3a6/Nyzw+574eNWibsvM4J2":{"registrationId":1221928081,"currentRatchet":{"ephemeralKeyPair":{"pubKey":"BdzzrSUBTiy41+ZRTL+I0+RfjY3k3VPSEnmAgGGFzfQ/","privKey":"GB0ix7C1i1o0rVlUASqlNBq0zr1n2799l4xD6CDjQnk="},"lastRemoteEphemeralKey":"Bf091ejFt5c1tWL4WzPQOemIvPKgm/x9+Ryi/H7vhlgE","previousCounter":0,"rootKey":"yCqlLZtXcATSjJWP/JFswT25gILo8GZEDlofVyq/Zn4="},"indexInfo":{"baseKey":"Bbeg5mQ4kuQKl0JJs5Kpt3a6/Nyzw+574eNWibsvM4J2","baseKeyType":1,"closed":1690523798629,"used":1690523796640,"created":1690523796640,"remoteIdentityKey":"BaBfqlw4ddBoX5cR0nWIY+xF46+aoEb+3jcl3MiNCPBA"},"_chains":{"BdzzrSUBTiy41+ZRTL+I0+RfjY3k3VPSEnmAgGGFzfQ/":{"chainKey":{"counter":0,"key":"2GoDC0yFvOJbpBMb6wRdk3IBk4uQvcqnQZVrNEVX9ac="},"chainType":1,"messageKeys":{}}},"pendingPreKey":{"signedKeyId":0,"baseKey":"Bbeg5mQ4kuQKl0JJs5Kpt3a6/Nyzw+574eNWibsvM4J2","preKeyId":5135173}},"BQWWS5f0PmSVfoTchX4Utp2Zh4rZWINvKlDd9q/Zuv5h":{"registrationId":1221928081,"currentRatchet":{"ephemeralKeyPair":{"pubKey":"Bb9/gBKals5QCF8joIwEQiN1j3sbJusIFl0bi/au0bkT","privKey":"aE9sb1F4BCbILdkX9IS2jNxn5iKMPdiVA3TCZ0lnUF0="},"lastRemoteEphemeralKey":"Bf091ejFt5c1tWL4WzPQOemIvPKgm/x9+Ryi/H7vhlgE","previousCounter":0,"rootKey":"ZC+uOWBnqsU8paUj1hniRgVXDjzywLHSWr8iR7HLXsQ="},"indexInfo":{"baseKey":"BQWWS5f0PmSVfoTchX4Utp2Zh4rZWINvKlDd9q/Zuv5h","baseKeyType":1,"closed":1690523800424,"used":1690523798602,"created":1690523798602,"remoteIdentityKey":"BaBfqlw4ddBoX5cR0nWIY+xF46+aoEb+3jcl3MiNCPBA"},"_chains":{"Bb9/gBKals5QCF8joIwEQiN1j3sbJusIFl0bi/au0bkT":{"chainKey":{"counter":0,"key":"dP337deqNw+cz2HHf4iewMg/5q4ZHqWznT59Q7uy2hc="},"chainType":1,"messageKeys":{}}},"pendingPreKey":{"signedKeyId":0,"baseKey":"BQWWS5f0PmSVfoTchX4Utp2Zh4rZWINvKlDd9q/Zuv5h","preKeyId":5135225}},"BQhRpLgG+BaZsUm5KIDSvmyAjKtdPRz0Sr3Bzmv5rVke":{"registrationId":1221928081,"currentRatchet":{"ephemeralKeyPair":{"pubKey":"Bf2RXdFJ4GGdkIvQGjwL718gty8veqLH+DA252usW0Mu","privKey":"aG2DFhQcnrb9nLb/Ycn1KB7LHn2JHIOGJKaxiBwz23E="},"lastRemoteEphemeralKey":"Bf091ejFt5c1tWL4WzPQOemIvPKgm/x9+Ryi/H7vhlgE","previousCounter":0,"rootKey":"OP6SXwt8lLiAnlx2MzPmn6wg+WiP0uyZsf9UmmYhSgY="},"indexInfo":{"baseKey":"BQhRpLgG+BaZsUm5KIDSvmyAjKtdPRz0Sr3Bzmv5rVke","baseKeyType":1,"closed":1690523802144,"used":1690523800407,"created":1690523800407,"remoteIdentityKey":"BaBfqlw4ddBoX5cR0nWIY+xF46+aoEb+3jcl3MiNCPBA"},"_chains":{"Bf2RXdFJ4GGdkIvQGjwL718gty8veqLH+DA252usW0Mu":{"chainKey":{"counter":0,"key":"J/lrrTvIaw0UeRztbZRgZf4tsvrLVXv8eemV78D1qsM="},"chainType":1,"messageKeys":{}}},"pendingPreKey":{"signedKeyId":0,"baseKey":"BQhRpLgG+BaZsUm5KIDSvmyAjKtdPRz0Sr3Bzmv5rVke","preKeyId":5135271}},"BfJX+CK2CUpErIcnrLLW1tymbqhYK/gqaRJQXYI3o5Yh":{"registrationId":1221928081,"currentRatchet":{"ephemeralKeyPair":{"pubKey":"BaY9h0zku0K/oiiSEnHouybhdGb56eMBxFedLewxHn0U","privKey":"GOYIBqIP0KncTLUQN3O/M5ujhQWpt9y1kNQC2ritEFY="},"lastRemoteEphemeralKey":"Bf091ejFt5c1tWL4WzPQOemIvPKgm/x9+Ryi/H7vhlgE","previousCounter":0,"rootKey":"h4JcbJi02kZypQxdartBDAfP0ZL5t4njylu1lJ+yCGM="},"indexInfo":{"baseKey":"BfJX+CK2CUpErIcnrLLW1tymbqhYK/gqaRJQXYI3o5Yh","baseKeyType":1,"closed":1690523804060,"used":1690523802126,"created":1690523802126,"remoteIdentityKey":"BaBfqlw4ddBoX5cR0nWIY+xF46+aoEb+3jcl3MiNCPBA"},"_chains":{"BaY9h0zku0K/oiiSEnHouybhdGb56eMBxFedLewxHn0U":{"chainKey":{"counter":0,"key":"meQYKtiw1Z15aAbznNMy5EepqCPoniDWL5WO1JPZxZs="},"chainType":1,"messageKeys":{}}},"pendingPreKey":{"signedKeyId":0,"baseKey":"BfJX+CK2CUpErIcnrLLW1tymbqhYK/gqaRJQXYI3o5Yh","preKeyId":5135270}},"BTEHpzqht21oFjVYSFcYNk9n2lGRqroWsw3fNIu/3WUG":{"registrationId":1221928081,"currentRatchet":{"ephemeralKeyPair":{"pubKey":"BYMP05dDv1l435673IRNIvnEuEU+66YEeZHIWzV8Jbhz","privKey":"4EWxeLd5YOwBymZAt7mvCB5URtc6YxmQVGZLh6FFPVQ="},"lastRemoteEphemeralKey":"Bf091ejFt5c1tWL4WzPQOemIvPKgm/x9+Ryi/H7vhlgE","previousCounter":0,"rootKey":"QxD8JpUMnYuGLFFFRHRtl0GsZaJLhLL3/Y9W9o+Ml1Q="},"indexInfo":{"baseKey":"BTEHpzqht21oFjVYSFcYNk9n2lGRqroWsw3fNIu/3WUG","baseKeyType":1,"closed":1690523805884,"used":1690523804032,"created":1690523804032,"remoteIdentityKey":"BaBfqlw4ddBoX5cR0nWIY+xF46+aoEb+3jcl3MiNCPBA"},"_chains":{"BYMP05dDv1l435673IRNIvnEuEU+66YEeZHIWzV8Jbhz":{"chainKey":{"counter":0,"key":"pSers+7jBOn605915REy8maWddMtmjdem1DH0yWKt+Q="},"chainType":1,"messageKeys":{}}},"pendingPreKey":{"signedKeyId":0,"baseKey":"BTEHpzqht21oFjVYSFcYNk9n2lGRqroWsw3fNIu/3WUG","preKeyId":5134557}},"BVUPbONG+2pYxsObsiXSJwKd6U5Z8tCIZX4JZxt/bKQx":{"registrationId":1221928081,"currentRatchet":{"ephemeralKeyPair":{"pubKey":"BXrd/x2oLoG1JUV1futgq5Y/I2Nbo8pUkrGOtEda2iBE","privKey":"QCZWOqMFHqugcQcdRQFwTb1+gHSdtUm6G8GYpBgrSlU="},"lastRemoteEphemeralKey":"Bf091ejFt5c1tWL4WzPQOemIvPKgm/x9+Ryi/H7vhlgE","previousCounter":0,"rootKey":"kExRjwBz9omy3kBw9+Coopj4G0bNuKRrLrg13e7xzYo="},"indexInfo":{"baseKey":"BVUPbONG+2pYxsObsiXSJwKd6U5Z8tCIZX4JZxt/bKQx","baseKeyType":1,"closed":1690523807941,"used":1690523805844,"created":1690523805844,"remoteIdentityKey":"BaBfqlw4ddBoX5cR0nWIY+xF46+aoEb+3jcl3MiNCPBA"},"_chains":{"BXrd/x2oLoG1JUV1futgq5Y/I2Nbo8pUkrGOtEda2iBE":{"chainKey":{"counter":0,"key":"fCVYqReq7kbRIDXelzXBks4AuGgy25TCoKiWCEDod0o="},"chainType":1,"messageKeys":{}}},"pendingPreKey":{"signedKeyId":0,"baseKey":"BVUPbONG+2pYxsObsiXSJwKd6U5Z8tCIZX4JZxt/bKQx","preKeyId":5134544}},"BX7VGolSQq66PJvKQhFzyiHLhRLYIKTyFrEPLOA0Vgsp":{"registrationId":1221928081,"currentRatchet":{"ephemeralKeyPair":{"pubKey":"BcKZBrKEbe6j5RnonZAnSbjK9wC8q7dq2u6X5lVpG41d","privKey":"mJvmmV/xRClWTaNeMgl2HhqeKxJP66w519yZt6wEpWA="},"lastRemoteEphemeralKey":"Bf091ejFt5c1tWL4WzPQOemIvPKgm/x9+Ryi/H7vhlgE","previousCounter":0,"rootKey":"32gRyDgIqnxb7IBAe1Tp+ptT11QrQQJTxGVKBacNUeY="},"indexInfo":{"baseKey":"BX7VGolSQq66PJvKQhFzyiHLhRLYIKTyFrEPLOA0Vgsp","baseKeyType":1,"closed":1690523809455,"used":1690523807853,"created":1690523807853,"remoteIdentityKey":"BaBfqlw4ddBoX5cR0nWIY+xF46+aoEb+3jcl3MiNCPBA"},"_chains":{"BcKZBrKEbe6j5RnonZAnSbjK9wC8q7dq2u6X5lVpG41d":{"chainKey":{"counter":0,"key":"LdtyGqZHq0Z+4Rba85tE5o0w3YX2LohyqtfFc1nt5tg="},"chainType":1,"messageKeys":{}}},"pendingPreKey":{"signedKeyId":0,"baseKey":"BX7VGolSQq66PJvKQhFzyiHLhRLYIKTyFrEPLOA0Vgsp","preKeyId":5135215}},"BVxT6KBeFqc6iTadX2ENof1nXlwb8e02Gd4LMC/Axfsb":{"registrationId":1221928081,"currentRatchet":{"ephemeralKeyPair":{"pubKey":"BWaaT2abb6EAE5rhgMk/OCw2EiYbFC8XqABrNKrQLk83","privKey":"sN8E4lDWmRD1fvChQCjqV8lZdk4xzmFj2poh951WZ18="},"lastRemoteEphemeralKey":"Bf091ejFt5c1tWL4WzPQOemIvPKgm/x9+Ryi/H7vhlgE","previousCounter":0,"rootKey":"PxXe6AupukxG1VlZL+gjZPob8nY2y8ytXMSuMM2OKs0="},"indexInfo":{"baseKey":"BVxT6KBeFqc6iTadX2ENof1nXlwb8e02Gd4LMC/Axfsb","baseKeyType":1,"closed":1690523811634,"used":1690523809438,"created":1690523809438,"remoteIdentityKey":"BaBfqlw4ddBoX5cR0nWIY+xF46+aoEb+3jcl3MiNCPBA"},"_chains":{"BWaaT2abb6EAE5rhgMk/OCw2EiYbFC8XqABrNKrQLk83":{"chainKey":{"counter":0,"key":"OQRkBXAzFhVKPhfZA51dXY6T9OHZfNXxgQub836PSk8="},"chainType":1,"messageKeys":{}}},"pendingPreKey":{"signedKeyId":0,"baseKey":"BVxT6KBeFqc6iTadX2ENof1nXlwb8e02Gd4LMC/Axfsb","preKeyId":5134503}},"Bf6a9da9keHFI9c6Crp+kiiisrztso8iPmb/teyGjrQ8":{"registrationId":1221928081,"currentRatchet":{"ephemeralKeyPair":{"pubKey":"BXVnMNFtSBuVW/tVgWBzUhkOQcRiSkqDcdMC0HWNQwZy","privKey":"qDTTI0Hz6ZRyP33YYTLiM9Ft5EbQ7igpCag31uIPdHM="},"lastRemoteEphemeralKey":"Bf091ejFt5c1tWL4WzPQOemIvPKgm/x9+Ryi/H7vhlgE","previousCounter":0,"rootKey":"d9ohWSDaHP3/qF9kswaRwzRcdyFV16td7Ijb7UuoPc8="},"indexInfo":{"baseKey":"Bf6a9da9keHFI9c6Crp+kiiisrztso8iPmb/teyGjrQ8","baseKeyType":1,"closed":1690523813392,"used":1690523811605,"created":1690523811605,"remoteIdentityKey":"BaBfqlw4ddBoX5cR0nWIY+xF46+aoEb+3jcl3MiNCPBA"},"_chains":{"BXVnMNFtSBuVW/tVgWBzUhkOQcRiSkqDcdMC0HWNQwZy":{"chainKey":{"counter":0,"key":"v432ybkvTjJu08p3wGapE8i+TONjnRq6t/ZaeEmSwFs="},"chainType":1,"messageKeys":{}}},"pendingPreKey":{"signedKeyId":0,"baseKey":"Bf6a9da9keHFI9c6Crp+kiiisrztso8iPmb/teyGjrQ8","preKeyId":5134489}},"BbCSuknN+a+pNP/Moa19ZeT4q8i4eYXtsNp2WVYkfe06":{"registrationId":1221928081,"currentRatchet":{"ephemeralKeyPair":{"pubKey":"BZbOuUplrrcCF1IIZOeRoTHwykDlBtzwLggwfcOixg5u","privKey":"uM84QzNw9R68X2rcfGMqu4BDTqYiHSfX1xBjDjVR8Vk="},"lastRemoteEphemeralKey":"Bf091ejFt5c1tWL4WzPQOemIvPKgm/x9+Ryi/H7vhlgE","previousCounter":0,"rootKey":"XGnJiz400aYncw3vMrQ5fFNizZv3lfiRmcuZ1TvOSzI="},"indexInfo":{"baseKey":"BbCSuknN+a+pNP/Moa19ZeT4q8i4eYXtsNp2WVYkfe06","baseKeyType":1,"closed":1690523815177,"used":1690523813374,"created":1690523813374,"remoteIdentityKey":"BaBfqlw4ddBoX5cR0nWIY+xF46+aoEb+3jcl3MiNCPBA"},"_chains":{"BZbOuUplrrcCF1IIZOeRoTHwykDlBtzwLggwfcOixg5u":{"chainKey":{"counter":0,"key":"aHhteHPCYUdA5xZh9QFTXggxkoF6Ec5k7XCl7ZLRJuU="},"chainType":1,"messageKeys":{}}},"pendingPreKey":{"signedKeyId":0,"baseKey":"BbCSuknN+a+pNP/Moa19ZeT4q8i4eYXtsNp2WVYkfe06","preKeyId":5134483}},"BS44wgsFxshck2nDHqrt00+/ktpchznSYPsqaBuO2102":{"registrationId":1221928081,"currentRatchet":{"ephemeralKeyPair":{"pubKey":"BWCiYQuFD5WhMqr09PsTOHgyBnfWCH8d8oBcXILBfeRL","privKey":"oPDiyKdopXMQ/Y/3nsAjPhREeJJsKuqvVZzclQ6VY3Q="},"lastRemoteEphemeralKey":"Bf091ejFt5c1tWL4WzPQOemIvPKgm/x9+Ryi/H7vhlgE","previousCounter":0,"rootKey":"86ncrQ1T5Jcz7pTC9nB0hvt/st4rR3tOIIUsP8mWQ7Y="},"indexInfo":{"baseKey":"BS44wgsFxshck2nDHqrt00+/ktpchznSYPsqaBuO2102","baseKeyType":1,"closed":1690523817034,"used":1690523815144,"created":1690523815144,"remoteIdentityKey":"BaBfqlw4ddBoX5cR0nWIY+xF46+aoEb+3jcl3MiNCPBA"},"_chains":{"BWCiYQuFD5WhMqr09PsTOHgyBnfWCH8d8oBcXILBfeRL":{"chainKey":{"counter":0,"key":"O/ojtIczyNbhRkGnF3YrWBGW0io9DogjLqZSYdZJfV8="},"chainType":1,"messageKeys":{}}},"pendingPreKey":{"signedKeyId":0,"baseKey":"BS44wgsFxshck2nDHqrt00+/ktpchznSYPsqaBuO2102","preKeyId":5135218}},"BbBkiKvl0QvLYahWdqC6T2g3dDvNZv0eVzgzT2tP88FZ":{"registrationId":1221928081,"currentRatchet":{"ephemeralKeyPair":{"pubKey":"BajVv30vkWhha0sGjxcDFbGmW35GYi9xdyg5IcRAF40p","privKey":"cPOBqupFgxY/hwu5VTtCM4F2HM/9M9Gk9Zk6zs+p4XU="},"lastRemoteEphemeralKey":"Bf091ejFt5c1tWL4WzPQOemIvPKgm/x9+Ryi/H7vhlgE","previousCounter":0,"rootKey":"mAga+BDtsUdh9ijXEul3xovK9/uq2EThs1MDRjt6/O0="},"indexInfo":{"baseKey":"BbBkiKvl0QvLYahWdqC6T2g3dDvNZv0eVzgzT2tP88FZ","baseKeyType":1,"closed":1690523818659,"used":1690523817009,"created":1690523817009,"remoteIdentityKey":"BaBfqlw4ddBoX5cR0nWIY+xF46+aoEb+3jcl3MiNCPBA"},"_chains":{"BajVv30vkWhha0sGjxcDFbGmW35GYi9xdyg5IcRAF40p":{"chainKey":{"counter":0,"key":"lhT9dSkaJrLc48UzO4/JR5TeETk92+Rgl2Z6GmtF0D8="},"chainType":1,"messageKeys":{}}},"pendingPreKey":{"signedKeyId":0,"baseKey":"BbBkiKvl0QvLYahWdqC6T2g3dDvNZv0eVzgzT2tP88FZ","preKeyId":5135263}},"BbucEuw0LR8o8q/1A76vukzMTJnAxQeQIzs0tOKyazoI":{"registrationId":1221928081,"currentRatchet":{"ephemeralKeyPair":{"pubKey":"BRloxWGI+ay63Aet2jNaxkP4cHmQEzUPaDWOEW597lZ0","privKey":"sMhPZxCkM/Z+nIdsfL3+LCnu6+KvDS2Xw5qYuIlHdkE="},"lastRemoteEphemeralKey":"Bf091ejFt5c1tWL4WzPQOemIvPKgm/x9+Ryi/H7vhlgE","previousCounter":0,"rootKey":"SiopxiX4REzaj4IOPDu3jH7aPDSA+IzFGCk89Z5J2bg="},"indexInfo":{"baseKey":"BbucEuw0LR8o8q/1A76vukzMTJnAxQeQIzs0tOKyazoI","baseKeyType":1,"closed":1690523820255,"used":1690523818638,"created":1690523818638,"remoteIdentityKey":"BaBfqlw4ddBoX5cR0nWIY+xF46+aoEb+3jcl3MiNCPBA"},"_chains":{"BRloxWGI+ay63Aet2jNaxkP4cHmQEzUPaDWOEW597lZ0":{"chainKey":{"counter":0,"key":"r3RHtrA9Nkv6+PLUIpFY3PTdW1+r7reZxFzea7L4a88="},"chainType":1,"messageKeys":{}}},"pendingPreKey":{"signedKeyId":0,"baseKey":"BbucEuw0LR8o8q/1A76vukzMTJnAxQeQIzs0tOKyazoI","preKeyId":5134519}},"BV6/QwIFBkg+t8SZCna+yRIh8SqrNaAJhXXfIcj8yBkH":{"registrationId":1221928081,"currentRatchet":{"ephemeralKeyPair":{"pubKey":"BeElpyUN7aOJ5Cdn8ruqxNzorGUFjrJ0vBjXqcBr1BMH","privKey":"AL+a3V0X/FsiEqb/jLw2da9EC9qjmvBoKmZ8P+thy2w="},"lastRemoteEphemeralKey":"Bf091ejFt5c1tWL4WzPQOemIvPKgm/x9+Ryi/H7vhlgE","previousCounter":0,"rootKey":"Q/iKybuFHTrW/QfVraDIoOcRQGMAJ2MKbA2LZjHC6qc="},"indexInfo":{"baseKey":"BV6/QwIFBkg+t8SZCna+yRIh8SqrNaAJhXXfIcj8yBkH","baseKeyType":1,"closed":1690523822123,"used":1690523820239,"created":1690523820239,"remoteIdentityKey":"BaBfqlw4ddBoX5cR0nWIY+xF46+aoEb+3jcl3MiNCPBA"},"_chains":{"BeElpyUN7aOJ5Cdn8ruqxNzorGUFjrJ0vBjXqcBr1BMH":{"chainKey":{"counter":0,"key":"KzEJgzZICRrLh428bens9WsUE/mZYiTbLybrqZSnYw8="},"chainType":1,"messageKeys":{}}},"pendingPreKey":{"signedKeyId":0,"baseKey":"BV6/QwIFBkg+t8SZCna+yRIh8SqrNaAJhXXfIcj8yBkH","preKeyId":5134563}},"BdKCJYtsW4k5gLiBQ3nGXhyVWHnro9hlCB1a36VgdMkz":{"registrationId":1221928081,"currentRatchet":{"ephemeralKeyPair":{"pubKey":"BaGLnlRLNQQwlcNAJkQhpzhxOgcWOYnu1279X0iW74Iy","privKey":"2Be8FqTBqnh5KjwPhOknWDEM0J7LBJNWkjGw5Bz6Dkk="},"lastRemoteEphemeralKey":"Bf091ejFt5c1tWL4WzPQOemIvPKgm/x9+Ryi/H7vhlgE","previousCounter":0,"rootKey":"Oa3zxI4Vgxx+3zCd5qsfI44hekmyIH5mJfTP8dpM324="},"indexInfo":{"baseKey":"BdKCJYtsW4k5gLiBQ3nGXhyVWHnro9hlCB1a36VgdMkz","baseKeyType":1,"closed":1690523823655,"used":1690523822104,"created":1690523822104,"remoteIdentityKey":"BaBfqlw4ddBoX5cR0nWIY+xF46+aoEb+3jcl3MiNCPBA"},"_chains":{"BaGLnlRLNQQwlcNAJkQhpzhxOgcWOYnu1279X0iW74Iy":{"chainKey":{"counter":0,"key":"8Q5dh/j2AZ84XWmKv/vIM2uVJFzY3goQqy8kqPyGvSM="},"chainType":1,"messageKeys":{}}},"pendingPreKey":{"signedKeyId":0,"baseKey":"BdKCJYtsW4k5gLiBQ3nGXhyVWHnro9hlCB1a36VgdMkz","preKeyId":5134545}},"BVaXjG3iZb9H1jru7xpGWuXFRwQoDYgm1zvh+xlAbi8T":{"registrationId":1221928081,"currentRatchet":{"ephemeralKeyPair":{"pubKey":"BTjmm+0D9eV3iqYR9nEu30ScsCiVDSgsjvv21sgAxlUU","privKey":"mI085RacV7OL+FilpGBzdGdmyin8S5VxRwnpppXgbng="},"lastRemoteEphemeralKey":"Bf091ejFt5c1tWL4WzPQOemIvPKgm/x9+Ryi/H7vhlgE","previousCounter":0,"rootKey":"3+1oCDPsElH1U50vD4+g84LYGcogE3jZXm0YOnuL46k="},"indexInfo":{"baseKey":"BVaXjG3iZb9H1jru7xpGWuXFRwQoDYgm1zvh+xlAbi8T","baseKeyType":1,"closed":1690523825221,"used":1690523823633,"created":1690523823633,"remoteIdentityKey":"BaBfqlw4ddBoX5cR0nWIY+xF46+aoEb+3jcl3MiNCPBA"},"_chains":{"BTjmm+0D9eV3iqYR9nEu30ScsCiVDSgsjvv21sgAxlUU":{"chainKey":{"counter":0,"key":"/WAhmC0+J+8gcp4QtGQqNRa/64JG40RVdaf/27nuItI="},"chainType":1,"messageKeys":{}}},"pendingPreKey":{"signedKeyId":0,"baseKey":"BVaXjG3iZb9H1jru7xpGWuXFRwQoDYgm1zvh+xlAbi8T","preKeyId":5134488}},"Ba5B3Zrc419ZIouuMMq9c6nr26zA1yELstPF0s4GfZdS":{"registrationId":1221928081,"currentRatchet":{"ephemeralKeyPair":{"pubKey":"BU9RwJFrvLmoD0InbxnLoGWP1eXxudjRF1Csj0N6kzcZ","privKey":"qJPImEl8YyVfG9kjkosrymQJcI/0C6cJ5EyapRPElUk="},"lastRemoteEphemeralKey":"Bf091ejFt5c1tWL4WzPQOemIvPKgm/x9+Ryi/H7vhlgE","previousCounter":0,"rootKey":"u3nl0RbZNfxuQaMUTLk9nkBTAEchH5Z+aHnf2mMKw24="},"indexInfo":{"baseKey":"Ba5B3Zrc419ZIouuMMq9c6nr26zA1yELstPF0s4GfZdS","baseKeyType":1,"closed":1690523826926,"used":1690523825197,"created":1690523825197,"remoteIdentityKey":"BaBfqlw4ddBoX5cR0nWIY+xF46+aoEb+3jcl3MiNCPBA"},"_chains":{"BU9RwJFrvLmoD0InbxnLoGWP1eXxudjRF1Csj0N6kzcZ":{"chainKey":{"counter":0,"key":"NJXtn10+A3o+7kzdk1tmJLOJXa3fbCLwl+Ngj0nWnDo="},"chainType":1,"messageKeys":{}}},"pendingPreKey":{"signedKeyId":0,"baseKey":"Ba5B3Zrc419ZIouuMMq9c6nr26zA1yELstPF0s4GfZdS","preKeyId":5135262}},"BSKDEIfe7vm/ksT6uWt7fiWOP18z2/IoXqKI4GTWEK1v":{"registrationId":1221928081,"currentRatchet":{"ephemeralKeyPair":{"pubKey":"BVEtWzVtD8F6dOboivAmHfcm3BhdO/xAfFo7N/CQLqc8","privKey":"oHVzLk2EWlMZYXxCyNfE2lIwW5g0aWl9SL1GJLNxQEM="},"lastRemoteEphemeralKey":"Bf091ejFt5c1tWL4WzPQOemIvPKgm/x9+Ryi/H7vhlgE","previousCounter":0,"rootKey":"/RqvkGIWf8+kmPHLXjzOvEILTD3H9krS5Rp6s0LXpxk="},"indexInfo":{"baseKey":"BSKDEIfe7vm/ksT6uWt7fiWOP18z2/IoXqKI4GTWEK1v","baseKeyType":1,"closed":1690523828593,"used":1690523826901,"created":1690523826901,"remoteIdentityKey":"BaBfqlw4ddBoX5cR0nWIY+xF46+aoEb+3jcl3MiNCPBA"},"_chains":{"BVEtWzVtD8F6dOboivAmHfcm3BhdO/xAfFo7N/CQLqc8":{"chainKey":{"counter":0,"key":"yJzhG/sH4WVdtCpUoq5mjMASQO9B+zN/Y+OhhuPuvUg="},"chainType":1,"messageKeys":{}}},"pendingPreKey":{"signedKeyId":0,"baseKey":"BSKDEIfe7vm/ksT6uWt7fiWOP18z2/IoXqKI4GTWEK1v","preKeyId":5134461}},"BRS7dxOK/TYX9cyxo+P9F0GYe1nb/VTRQgbSkQzl0EIK":{"registrationId":1221928081,"currentRatchet":{"ephemeralKeyPair":{"pubKey":"Bdo6sQopQip0eVlPpl6++TwPthpGLEk/OaorPaLUSxx4","privKey":"aFmpGgtsLbb/xnZkb2eOIQCFBHO3B3p6k3C4dIwYslM="},"lastRemoteEphemeralKey":"Bf091ejFt5c1tWL4WzPQOemIvPKgm/x9+Ryi/H7vhlgE","previousCounter":0,"rootKey":"JFnHDfZdcSUVGUsX8D5vJr+tnbNs271VjYWl6vGiEec="},"indexInfo":{"baseKey":"BRS7dxOK/TYX9cyxo+P9F0GYe1nb/VTRQgbSkQzl0EIK","baseKeyType":1,"closed":1690523831199,"used":1690523828570,"created":1690523828570,"remoteIdentityKey":"BaBfqlw4ddBoX5cR0nWIY+xF46+aoEb+3jcl3MiNCPBA"},"_chains":{"Bdo6sQopQip0eVlPpl6++TwPthpGLEk/OaorPaLUSxx4":{"chainKey":{"counter":0,"key":"1pnXgjfHOaY2TPW7KWoWct1VM9zMSxlJ623cRPeF0wo="},"chainType":1,"messageKeys":{}}},"pendingPreKey":{"signedKeyId":0,"baseKey":"BRS7dxOK/TYX9cyxo+P9F0GYe1nb/VTRQgbSkQzl0EIK","preKeyId":5135161}},"BRu4cUsxYWMEIopgFH8TwRusJvy2aFK3/D37LereJh8G":{"registrationId":1221928081,"currentRatchet":{"ephemeralKeyPair":{"pubKey":"BXVJpuV4iegRzD0SJBcXCCH6wz5sDz8IgG07Gi/phFQf","privKey":"0AJ6aSQ+44cu//2b6twxU0vOUdanPBafcybHkGOkNEs="},"lastRemoteEphemeralKey":"Bf091ejFt5c1tWL4WzPQOemIvPKgm/x9+Ryi/H7vhlgE","previousCounter":0,"rootKey":"22JJfPnREfc045WwJ4Qz+0OmG1bOB/T6T4g1lDXFjMA="},"indexInfo":{"baseKey":"BRu4cUsxYWMEIopgFH8TwRusJvy2aFK3/D37LereJh8G","baseKeyType":1,"closed":1690523832818,"used":1690523831181,"created":1690523831181,"remoteIdentityKey":"BaBfqlw4ddBoX5cR0nWIY+xF46+aoEb+3jcl3MiNCPBA"},"_chains":{"BXVJpuV4iegRzD0SJBcXCCH6wz5sDz8IgG07Gi/phFQf":{"chainKey":{"counter":0,"key":"zcIrt7e+fT4ybn+Yzd6JiUJm3fwrrD35v69tHxRmHqc="},"chainType":1,"messageKeys":{}}},"pendingPreKey":{"signedKeyId":0,"baseKey":"BRu4cUsxYWMEIopgFH8TwRusJvy2aFK3/D37LereJh8G","preKeyId":5135304}},"BV7theB+wwrRty28cwSIkC9bMlPP57/LU/I7r7lfX2AK":{"registrationId":1221928081,"currentRatchet":{"ephemeralKeyPair":{"pubKey":"BYMbzLRgzYMBDKXeS3vfJUFy6gaBq7YTsJBJGzRq615Z","privKey":"YBAuKL+/YQ6t+Wn/BgFZ09/+JvpiJkE5ijWMmUEOy3o="},"lastRemoteEphemeralKey":"Bf091ejFt5c1tWL4WzPQOemIvPKgm/x9+Ryi/H7vhlgE","previousCounter":0,"rootKey":"yLy5HKVyXNsJey0+o1LE6opPIebPnMZCBeX5J0d58To="},"indexInfo":{"baseKey":"BV7theB+wwrRty28cwSIkC9bMlPP57/LU/I7r7lfX2AK","baseKeyType":1,"closed":1690523834457,"used":1690523832793,"created":1690523832793,"remoteIdentityKey":"BaBfqlw4ddBoX5cR0nWIY+xF46+aoEb+3jcl3MiNCPBA"},"_chains":{"BYMbzLRgzYMBDKXeS3vfJUFy6gaBq7YTsJBJGzRq615Z":{"chainKey":{"counter":0,"key":"5b98zf20jPUbjcWLXttFR8/coeGo1jo5G9cdykxRTE8="},"chainType":1,"messageKeys":{}}},"pendingPreKey":{"signedKeyId":0,"baseKey":"BV7theB+wwrRty28cwSIkC9bMlPP57/LU/I7r7lfX2AK","preKeyId":5134486}},"BYtTXagd0aYbeL9m9UG4cH48ClfnClxPcZ3N4cOowOZG":{"registrationId":1221928081,"currentRatchet":{"ephemeralKeyPair":{"pubKey":"Bab/0+dXM9SNV32nKvD+LkZYLLEF6oxMQswu44h03f8Q","privKey":"iFuAMfk9zRB4qWBiwakpCA+SPdQ0TLM9KcPmydw8NEE="},"lastRemoteEphemeralKey":"Bf091ejFt5c1tWL4WzPQOemIvPKgm/x9+Ryi/H7vhlgE","previousCounter":0,"rootKey":"ElLnUGiWmbyhvNfh81Stpu7jZUqopIBSify+HJCD9zM="},"indexInfo":{"baseKey":"BYtTXagd0aYbeL9m9UG4cH48ClfnClxPcZ3N4cOowOZG","baseKeyType":1,"closed":1690523836137,"used":1690523834406,"created":1690523834406,"remoteIdentityKey":"BaBfqlw4ddBoX5cR0nWIY+xF46+aoEb+3jcl3MiNCPBA"},"_chains":{"Bab/0+dXM9SNV32nKvD+LkZYLLEF6oxMQswu44h03f8Q":{"chainKey":{"counter":0,"key":"vTlHOo05LrKby4ZnyiGy8Uv0GedSdNUwXWp9DijbvzI="},"chainType":1,"messageKeys":{}}},"pendingPreKey":{"signedKeyId":0,"baseKey":"BYtTXagd0aYbeL9m9UG4cH48ClfnClxPcZ3N4cOowOZG","preKeyId":5134497}},"BdAkPfVnNlGZpNjykVnR1tUnrNVaug04ss/S8NGZhLJA":{"registrationId":1221928081,"currentRatchet":{"ephemeralKeyPair":{"pubKey":"BUe2swoAb9Pg702qkdUpulbAe/CqBN5dPGtBrK61a8lA","privKey":"iOqiBuApsDQnwkTV0DArb+7j5KzxBsrmKL3PLeP1BlI="},"lastRemoteEphemeralKey":"Bf091ejFt5c1tWL4WzPQOemIvPKgm/x9+Ryi/H7vhlgE","previousCounter":0,"rootKey":"XnYImViwM8UVwdxptABIW3dN2bjSfrPqvbsO4/gNOSA="},"indexInfo":{"baseKey":"BdAkPfVnNlGZpNjykVnR1tUnrNVaug04ss/S8NGZhLJA","baseKeyType":1,"closed":1690523837758,"used":1690523836116,"created":1690523836116,"remoteIdentityKey":"BaBfqlw4ddBoX5cR0nWIY+xF46+aoEb+3jcl3MiNCPBA"},"_chains":{"BUe2swoAb9Pg702qkdUpulbAe/CqBN5dPGtBrK61a8lA":{"chainKey":{"counter":0,"key":"shesyHYtSlEhuCAr6ai+PF1eaXfYkTRMB5tZq6UcSU0="},"chainType":1,"messageKeys":{}}},"pendingPreKey":{"signedKeyId":0,"baseKey":"BdAkPfVnNlGZpNjykVnR1tUnrNVaug04ss/S8NGZhLJA","preKeyId":5135357}},"BfLkms+FzMLLfZawC00n3M7vxbrfxCbdTLiBdmxQ/aJd":{"registrationId":1221928081,"currentRatchet":{"ephemeralKeyPair":{"pubKey":"BYS5K+Nf1chR7mIEU+CNQ3ho7ZWpF3mPfuEscJr4c4V1","privKey":"cD/nPvRROP3ZSyETx2a7CrTgSBwEiwY3EryOLOMWmXA="},"lastRemoteEphemeralKey":"Bf091ejFt5c1tWL4WzPQOemIvPKgm/x9+Ryi/H7vhlgE","previousCounter":0,"rootKey":"jhh4+BY5byhO0nILNHI7mM8+vaf+Ekj+3fVeC8SQ+Aw="},"indexInfo":{"baseKey":"BfLkms+FzMLLfZawC00n3M7vxbrfxCbdTLiBdmxQ/aJd","baseKeyType":1,"closed":1690523839365,"used":1690523837737,"created":1690523837737,"remoteIdentityKey":"BaBfqlw4ddBoX5cR0nWIY+xF46+aoEb+3jcl3MiNCPBA"},"_chains":{"BYS5K+Nf1chR7mIEU+CNQ3ho7ZWpF3mPfuEscJr4c4V1":{"chainKey":{"counter":0,"key":"Hv5vkUIQQXHNXan4ql4cucC7Uq9BqXPSYNqgMLqQzwI="},"chainType":1,"messageKeys":{}}},"pendingPreKey":{"signedKeyId":0,"baseKey":"BfLkms+FzMLLfZawC00n3M7vxbrfxCbdTLiBdmxQ/aJd","preKeyId":5134565}},"BcbsvDKP5+/BUbal9eM2GPZK/zcShf6pv0FjO2w6r5dk":{"registrationId":1221928081,"currentRatchet":{"ephemeralKeyPair":{"pubKey":"BbGv74pW+EjrjOMJfSbrusSPljN/NJrR7ffuh8B3FkdZ","privKey":"2EadteJVOX30hfyXosZzG0QjTX1rOg/5C4g0sloehmc="},"lastRemoteEphemeralKey":"Bf091ejFt5c1tWL4WzPQOemIvPKgm/x9+Ryi/H7vhlgE","previousCounter":0,"rootKey":"NyUKcgn4EO9ABod1FjQAR5rCK/Cagwz1zGkKTHInGzo="},"indexInfo":{"baseKey":"BcbsvDKP5+/BUbal9eM2GPZK/zcShf6pv0FjO2w6r5dk","baseKeyType":1,"closed":-1,"used":1690523839325,"created":1690523839325,"remoteIdentityKey":"BaBfqlw4ddBoX5cR0nWIY+xF46+aoEb+3jcl3MiNCPBA"},"_chains":{"BbGv74pW+EjrjOMJfSbrusSPljN/NJrR7ffuh8B3FkdZ":{"chainKey":{"counter":269,"key":"6Igr0GLk5H2jDuIcZTuulpgF1P9A03io933ji5UilZU="},"chainType":1,"messageKeys":{}}},"pendingPreKey":{"signedKeyId":0,"baseKey":"BcbsvDKP5+/BUbal9eM2GPZK/zcShf6pv0FjO2w6r5dk","preKeyId":5134574}}},"version":"v1"}