{"_sessions":{"BaXz+h0u3znp7wlR9MJoio5ruYjnWT8G5ilvoJLs04YL":{"registrationId":1068589951,"currentRatchet":{"ephemeralKeyPair":{"pubKey":"BShRBcTOy3x5VMSp2sdSMkkj5rmoUXxowXI1Ljmsw+A0","privKey":"EHCC0vFyTI3TFYu/1no7vT8sWu3Rvcw4BYF24cS9Nlw="},"lastRemoteEphemeralKey":"BVcuEB2981o/9/syNeWJ5a/r5t6tDmieykStVJeBrpp/","previousCounter":0,"rootKey":"GRQ5uXF/RrzL4193sGYvQo5PyzL3hgHvhulIPrvL0/A="},"indexInfo":{"baseKey":"BaXz+h0u3znp7wlR9MJoio5ruYjnWT8G5ilvoJLs04YL","baseKeyType":1,"closed":-1,"used":1690523855824,"created":1690523855824,"remoteIdentityKey":"BfYgE07dlZUwa0lSGpXGTS1lf9lBvp3P5z42Eb5lkOcV"},"_chains":{"BShRBcTOy3x5VMSp2sdSMkkj5rmoUXxowXI1Ljmsw+A0":{"chainKey":{"counter":197,"key":"NyQ3hx0ARRP4mTbgmWKP0js8B6yMusWFuO3o8ZhijCI="},"chainType":1,"messageKeys":{}}},"pendingPreKey":{"signedKeyId":4,"baseKey":"BaXz+h0u3znp7wlR9MJoio5ruYjnWT8G5ilvoJLs04YL","preKeyId":6488185}}},"version":"v1"}