{"_sessions":{"BSgWyNRJWUyOfGAYE3Pdo8wNnODUQ9fdPenpJDh2yAtj":{"registrationId":615252532,"currentRatchet":{"ephemeralKeyPair":{"pubKey":"Bb+31YHKlSp2gTBvc2UiV05giSQpiGeSm9asyiVcL94h","privKey":"6KR5AsWS85gfNaC9/fMkxIIH4P9LLsir6DD1QpSPFEg="},"lastRemoteEphemeralKey":"Bd0xcqf4Iz2wubiDiajN2J5KjdiYHYb1mOWVeuhc2L5q","previousCounter":0,"rootKey":"R6MzNrIYlyTkJ39YqDseYrVBtSS8gkXwHfaDIrsrP7g="},"indexInfo":{"baseKey":"BSgWyNRJWUyOfGAYE3Pdo8wNnODUQ9fdPenpJDh2yAtj","baseKeyType":1,"closed":-1,"used":1690523856169,"created":1690523856169,"remoteIdentityKey":"BaW0inyqK07w44MYphvCRFP+W8Jg6sXw5P0N7qTxfKpI"},"_chains":{"Bb+31YHKlSp2gTBvc2UiV05giSQpiGeSm9asyiVcL94h":{"chainKey":{"counter":197,"key":"bK0B1NW8E46NyReMsrKTn/WlVm3l540SGuYyW9F2OMA="},"chainType":1,"messageKeys":{}}},"pendingPreKey":{"signedKeyId":1,"baseKey":"BSgWyNRJWUyOfGAYE3Pdo8wNnODUQ9fdPenpJDh2yAtj","preKeyId":3038768}}},"version":"v1"}