{"_sessions":{"BdsbDRT/irjdLQDeXsd0yhANVegXVP3iKcu/LyJMIq9P":{"registrationId":8946,"currentRatchet":{"ephemeralKeyPair":{"pubKey":"BfWyg1TCXKMssZfpudHxpRHa7e4LY9VMv+SceVeZjOBz","privKey":"uDvoJ7q7wTHYML6DkRArC0T4jE3cp7wD7lOc2M5cOns="},"lastRemoteEphemeralKey":"BaF5QNgA+6NoMCaFzdJFc2Ln4CeKeTgrbXfbchRad4A2","previousCounter":0,"rootKey":"QsS60cRvMDQqm/lOM2FJnpZ/ZMMpvts5q3acRV5eZMk="},"indexInfo":{"baseKey":"BdsbDRT/irjdLQDeXsd0yhANVegXVP3iKcu/LyJMIq9P","baseKeyType":1,"closed":-1,"used":1690512846574,"created":1690512846574,"remoteIdentityKey":"BYNVz83/F8MQ6+qUTvA0RDqgWkgFDLM7BN3hg6ScFdAS"},"_chains":{"BfWyg1TCXKMssZfpudHxpRHa7e4LY9VMv+SceVeZjOBz":{"chainKey":{"counter":2,"key":"JciZBNfJPOYH/bfglWui5CYdPXevat46S3hIx8LSF+g="},"chainType":1,"messageKeys":{}}},"pendingPreKey":{"signedKeyId":1,"baseKey":"BdsbDRT/irjdLQDeXsd0yhANVegXVP3iKcu/LyJMIq9P"}}},"version":"v1"}