{"_sessions":{"BSzjR9oSnLYxvgeMMGieYZAYaJHxwUPTM08eSfzO/4hQ":{"registrationId":10509,"currentRatchet":{"ephemeralKeyPair":{"pubKey":"BenMB01kWi3gH+58NKH21XCDMXA7OwBvNCNceSpmgcgQ","privKey":"OOzPklVVkRYcEmKVUSzjlDmQKx+lA2z8bq5C5XkE0m8="},"lastRemoteEphemeralKey":"Ba58uIiWGbx35O2d8ifu5pvFyrYLqp1cZLBa16lDEb8u","previousCounter":0,"rootKey":"/Okje9JtpmM4D47uADFc37JIRce8m0vwX8iaNAq+q/k="},"indexInfo":{"baseKey":"BSzjR9oSnLYxvgeMMGieYZAYaJHxwUPTM08eSfzO/4hQ","baseKeyType":1,"closed":-1,"used":1690512846620,"created":1690512846620,"remoteIdentityKey":"BWJN5tNVLFWD+LpsWJ95ku0IzRP2K4BvBXvMSUaIsug6"},"_chains":{"BenMB01kWi3gH+58NKH21XCDMXA7OwBvNCNceSpmgcgQ":{"chainKey":{"counter":2,"key":"Fol9KhKe91BJhrmr4kpn2OlkmuT/Dk00LgkFhUnuOOM="},"chainType":1,"messageKeys":{}}},"pendingPreKey":{"signedKeyId":1,"baseKey":"BSzjR9oSnLYxvgeMMGieYZAYaJHxwUPTM08eSfzO/4hQ","preKeyId":290}}},"version":"v1"}