{"_sessions":{"BUpH3aRpFi7opb0efcXLzq2AM2j7yixw0i8QrN9dVugO":{"registrationId":637287645,"currentRatchet":{"ephemeralKeyPair":{"pubKey":"BTgNqGKZ2bqleURa9BmKVv0yDZsUGZuTHnUbEKF+IKle","privKey":"0BwlD0IhHw4EEqDDLhVN1S3pE3uv7jEGAl0WghtCOHE="},"lastRemoteEphemeralKey":"BRI3eczZ6U1r0iPNwSixs7eSl22NdpfWLdKdPtpgh8gc","previousCounter":0,"rootKey":"mURj0TgW4ku4B9AKmpOo9xBpjPqvfhCns2mHmrRwLgQ="},"indexInfo":{"baseKey":"BUpH3aRpFi7opb0efcXLzq2AM2j7yixw0i8QrN9dVugO","baseKeyType":1,"closed":-1,"used":1690512846962,"created":1690512846962,"remoteIdentityKey":"BbRXphV9Xazh6aDCL8g5nlLXGOruO/RLUErMNwwwoq1z"},"_chains":{"BTgNqGKZ2bqleURa9BmKVv0yDZsUGZuTHnUbEKF+IKle":{"chainKey":{"counter":2,"key":"ODaF8LdOonXf6ymkUPq9KHRIdxJUDpqdMbu0+q9DEpk="},"chainType":1,"messageKeys":{}}},"pendingPreKey":{"signedKeyId":0,"baseKey":"BUpH3aRpFi7opb0efcXLzq2AM2j7yixw0i8QrN9dVugO","preKeyId":10551747}}},"version":"v1"}