{"_sessions":{"BbbzlkeOelGrlwo6D9lONczwZw6o5L31nw38iXfSaHxK":{"registrationId":1490335970,"currentRatchet":{"ephemeralKeyPair":{"pubKey":"BUGqxgN3l1y5NBIVFLnfQZ9YAO6DtNAd2xAfwemkcqh9","privKey":"aPoe7MO4yltDCU1Hr6ZEmUDuhAEBmT8vYPepmRiCqH0="},"lastRemoteEphemeralKey":"Bes1cqkcV3WRzBgpIoOoX02NgPoHppVHsfn08f/OFvl5","previousCounter":0,"rootKey":"12guTpYgqQ0OhSJJQp9e1s0356JV7DNABv/ljgTzNQk="},"indexInfo":{"baseKey":"BbbzlkeOelGrlwo6D9lONczwZw6o5L31nw38iXfSaHxK","baseKeyType":1,"closed":-1,"used":1690523855782,"created":1690523855781,"remoteIdentityKey":"BXXgaUfgKc5f1WiRjU8SLkVvWz+zMdUL7UZQsoNEz1J+"},"_chains":{"BUGqxgN3l1y5NBIVFLnfQZ9YAO6DtNAd2xAfwemkcqh9":{"chainKey":{"counter":197,"key":"skBwZM0r9fO+ywLE7rZ87tiytW29DG/zJZ+NXfny9ac="},"chainType":1,"messageKeys":{}}},"pendingPreKey":{"signedKeyId":1,"baseKey":"BbbzlkeOelGrlwo6D9lONczwZw6o5L31nw38iXfSaHxK","preKeyId":16641347}}},"version":"v1"}