{"_sessions":{"BavVJDl2sde+j6UFs6syv+LpYOh1JmAqBZA2XoxAqBgX":{"registrationId":1096251525,"currentRatchet":{"ephemeralKeyPair":{"pubKey":"BVseFH5zJoibi5NjSY80xTJWov1PFtJCIXXIX2GvyRp5","privKey":"8PvckHF2b9CKXPLYZiMBIATBECwb6Vsdbly5WGcp5Xc="},"lastRemoteEphemeralKey":"BY+9xoBX0xWA8sI4jlX1JmX22I13YMdqBEGpnQ5Aqvkn","previousCounter":0,"rootKey":"MRj5yE8tLs92Fyr45qG9LyXo0BrmX0jSqK1j8hs8LNg="},"indexInfo":{"baseKey":"BavVJDl2sde+j6UFs6syv+LpYOh1JmAqBZA2XoxAqBgX","baseKeyType":1,"closed":-1,"used":1690512637063,"created":1690512637063,"remoteIdentityKey":"BZVYykJo8bGuUMnwj6EBTtuacSLbqXT8pxH5c31ht+lF"},"_chains":{"BVseFH5zJoibi5NjSY80xTJWov1PFtJCIXXIX2GvyRp5":{"chainKey":{"counter":124,"key":"7GLouXhe0RUwEkCLedKvLblVb0roHouUTEpr6ikHIws="},"chainType":1,"messageKeys":{}}},"pendingPreKey":{"signedKeyId":29,"baseKey":"BavVJDl2sde+j6UFs6syv+LpYOh1JmAqBZA2XoxAqBgX","preKeyId":16520141}}},"version":"v1"}