{"_sessions":{"Bbs1hF37T5JvRYZsZlfxsU+IOD6pRXAPuI7/Y7Xkzeg3":{"registrationId":981016503,"currentRatchet":{"ephemeralKeyPair":{"pubKey":"BVWOMcaki59IxHzLeEwqgNkz8jekp1SKrFNIAWXFR7UX","privKey":"QHkPW8b+UZ27VURjDxUjmn0tiTlimJcekVvuz5ue01Y="},"lastRemoteEphemeralKey":"BSPSeOuCGQhjge4vVRXCOXD5hSjPP+qT7QhBF+rbz51O","previousCounter":0,"rootKey":"0irlkM2n6MzOiNvoDqR+osBxPxI9bdrSQ6rtWumbBLw="},"indexInfo":{"baseKey":"Bbs1hF37T5JvRYZsZlfxsU+IOD6pRXAPuI7/Y7Xkzeg3","baseKeyType":1,"closed":-1,"used":1690523857248,"created":1690523857248,"remoteIdentityKey":"BbbAgaVFwRAqZdrf9wTTVAZMk31LfVdliK1vM7ja8Agr"},"_chains":{"BVWOMcaki59IxHzLeEwqgNkz8jekp1SKrFNIAWXFR7UX":{"chainKey":{"counter":197,"key":"Ygy9IgRht5ph8M0VIlBJXGeTzlp3wsmXPqTjVbUX5aM="},"chainType":1,"messageKeys":{}}},"pendingPreKey":{"signedKeyId":1,"baseKey":"Bbs1hF37T5JvRYZsZlfxsU+IOD6pRXAPuI7/Y7Xkzeg3","preKeyId":3591031}}},"version":"v1"}