{"_sessions":{"BcJ1ItljGyX2p8pbzGhMJSYJB0RxRncBOlmJnEh3/kwZ":{"registrationId":1071180504,"currentRatchet":{"ephemeralKeyPair":{"pubKey":"BfaA53gFyimSmDN1ZZvotOgYYRRvMF/DhaFKKF8xC7d+","privKey":"KIHfyvsybJPafC51tkFcN9HdihW+EBYc/om2OjJffG4="},"lastRemoteEphemeralKey":"Bfpkc1vuNg0KO2v9eivERE8K+CVuwCxGbyKdE6QOUhg6","previousCounter":2,"rootKey":"yWjRgeyNtEcMqUdPcrs99x24jRoXJXTHojcF4cgpY3Q="},"indexInfo":{"baseKey":"BcJ1ItljGyX2p8pbzGhMJSYJB0RxRncBOlmJnEh3/kwZ","baseKeyType":1,"closed":-1,"used":1690541541261,"created":1690512847313,"remoteIdentityKey":"BQw0oSsIxo+0wBCJDRPZX/ja2bDYiRxLYnCimMz7elZm"},"_chains":{"Bfpkc1vuNg0KO2v9eivERE8K+CVuwCxGbyKdE6QOUhg6":{"chainKey":{"counter":0,"key":"0GUtVbLAwnPYLqU0naxGDRH/X9mf8wz5Hk+jzNKoToo="},"chainType":2,"messageKeys":{}},"BfaA53gFyimSmDN1ZZvotOgYYRRvMF/DhaFKKF8xC7d+":{"chainKey":{"counter":-1,"key":"aSP00h2vYn8nTo4FMUOw1HoMA7mmK5ASbFJ0KP1hJek="},"chainType":1,"messageKeys":{}}}}},"version":"v1"}