{"_sessions":{"BSVyAb0l0AleqnpVREQ+3IURLsNmqBcqGDu7VwoZ+EpY":{"registrationId":1676594755,"currentRatchet":{"ephemeralKeyPair":{"pubKey":"BU3nYJbTJLO1uZYt/V0KAPE2FWVB8H16zmPiViy2Eb4t","privKey":"yPhW99nMhxWy3dj7B3CxkSyzhxMbVxAyx53ZbJe1yWc="},"lastRemoteEphemeralKey":"BQeLgY9cC5sdMH3CH34+rof0y8pUE6s/jTNmZbVt/Ykj","previousCounter":0,"rootKey":"bd2SzxhlN1behytVXE6bCNj6TY1CZzvTaDTucsD2Kcs="},"indexInfo":{"baseKey":"BSVyAb0l0AleqnpVREQ+3IURLsNmqBcqGDu7VwoZ+EpY","baseKeyType":1,"closed":-1,"used":1690523857225,"created":1690523857225,"remoteIdentityKey":"BeU7hl2SPEzVXXpfukl/iq4hH6z5KY7fi9sBeI4EZMpE"},"_chains":{"BU3nYJbTJLO1uZYt/V0KAPE2FWVB8H16zmPiViy2Eb4t":{"chainKey":{"counter":197,"key":"IywTtvW/jsWpOfV3APjjNnWpT/7L5BqUWIgO9Oe46sI="},"chainType":1,"messageKeys":{}}},"pendingPreKey":{"signedKeyId":2,"baseKey":"BSVyAb0l0AleqnpVREQ+3IURLsNmqBcqGDu7VwoZ+EpY"}}},"version":"v1"}