{"_sessions":{"BZvG++FFI9gkxsgY/xjm1jR3FFmUOZTHXVt8O4uH7Itx":{"registrationId":1550195593,"currentRatchet":{"ephemeralKeyPair":{"pubKey":"BRNpnBFftJfIq+H0w+YeTq8LR+lRnnvV8Dekyz+ZL0U5","privKey":"UEkQLIDIweh0+ibLz7c3dSCwh19cNT2R25wk7bAym3w="},"lastRemoteEphemeralKey":"BSr5FUrnonk+/RJX/oh7kq9osqpnixmn6Oo2sYjS9Jka","previousCounter":0,"rootKey":"eN5C53X6yi67ovvOFaiNxI6b8BbdM0e95j90utnn+ts="},"indexInfo":{"baseKey":"BZvG++FFI9gkxsgY/xjm1jR3FFmUOZTHXVt8O4uH7Itx","baseKeyType":1,"closed":-1,"used":1690523857696,"created":1690523857696,"remoteIdentityKey":"BTKYOhiGAuDZ/RS+zH+9VIY9paVb4pMpFQE2umf6LkMg"},"_chains":{"BRNpnBFftJfIq+H0w+YeTq8LR+lRnnvV8Dekyz+ZL0U5":{"chainKey":{"counter":197,"key":"mjVuAMMZJCV/8HwhstXgEGojc9MgdgIMOutmdQ2dxik="},"chainType":1,"messageKeys":{}}},"pendingPreKey":{"signedKeyId":0,"baseKey":"BZvG++FFI9gkxsgY/xjm1jR3FFmUOZTHXVt8O4uH7Itx","preKeyId":6123252}}},"version":"v1"}