{"_sessions":{"BdrLsjG5rq325CVXYLg2m7swzdGceucS6ZU89SwlRnFw":{"registrationId":804088877,"currentRatchet":{"ephemeralKeyPair":{"pubKey":"BdtIUcbJso35NydAHhePyAsyowfQWGAxCGJO87Ma2FVi","privKey":"QJszuKhpjD3E4XiFW5XGls1f1nSVLlIgF0reLtQDn1I="},"lastRemoteEphemeralKey":"BdilGzZbcEI9xN3cHWqkrtQ6rWk2vMtlDMvI1FjlUQ1i","previousCounter":0,"rootKey":"PI3EC6juUPPou0RyeXWBIzA2USRgkCQJPAjYU1bGK9c="},"indexInfo":{"baseKey":"BdrLsjG5rq325CVXYLg2m7swzdGceucS6ZU89SwlRnFw","baseKeyType":1,"closed":-1,"used":1690523857956,"created":1690523857956,"remoteIdentityKey":"Beb8s8KwNplPrel79kRIIyTQaOqk7XK5T8EkfnGIFQhi"},"_chains":{"BdtIUcbJso35NydAHhePyAsyowfQWGAxCGJO87Ma2FVi":{"chainKey":{"counter":197,"key":"o6fZ3J6wcMrUaCOyapd/LoAr1qU7ioFEWQ81xcE9nGo="},"chainType":1,"messageKeys":{}}},"pendingPreKey":{"signedKeyId":1,"baseKey":"BdrLsjG5rq325CVXYLg2m7swzdGceucS6ZU89SwlRnFw","preKeyId":8566723}}},"version":"v1"}