{"_sessions":{"BfIV2tfOluBjB31w8l9LwpPKxq07UmjTgQ29wBzazLZa":{"registrationId":7865,"currentRatchet":{"ephemeralKeyPair":{"pubKey":"Ba4W1WBtidKFPBj0iTEvD60ko1r4ukM0TnjxF6sUliV4","privKey":"GCpNZWMzQsvbI8u65YMq4jx2NGH6mscKaVlEpYQCpm8="},"lastRemoteEphemeralKey":"BXan79R6mm695IVjJN42fEdb9XYh9NKJ3vdAVyWObiM5","previousCounter":0,"rootKey":"bOSeWW5URYj/DG9NnmC8/RFlK5DoRxspscj2SQrroiE="},"indexInfo":{"baseKey":"BfIV2tfOluBjB31w8l9LwpPKxq07UmjTgQ29wBzazLZa","baseKeyType":1,"closed":-1,"used":1690512845693,"created":1690512845693,"remoteIdentityKey":"BR7fpdTIV0RrqI2iYV8mYIEWsa2Pt/I8EYmgnneaMXhY"},"_chains":{"Ba4W1WBtidKFPBj0iTEvD60ko1r4ukM0TnjxF6sUliV4":{"chainKey":{"counter":2,"key":"Nl8xkRmvbmJXcqsqJZcrRGJdGPbn2Qk4Yjv4Btxo/mw="},"chainType":1,"messageKeys":{}}},"pendingPreKey":{"signedKeyId":1,"baseKey":"BfIV2tfOluBjB31w8l9LwpPKxq07UmjTgQ29wBzazLZa"}}},"version":"v1"}