{"_sessions":{"BYZWxJ6gO8mAMtTCSiQAQnlRiSzH/A0OXtEbP3Q9ZlVr":{"registrationId":4443,"currentRatchet":{"ephemeralKeyPair":{"pubKey":"BQ3JRfmRtGq+fXQQ5IZyldh1EBITH9xGa0VqgObqxOFE","privKey":"+HNXeteVDFcxLNUzKSSQxm66zJPlW0RoWTCHaMccj1Q="},"lastRemoteEphemeralKey":"BZVtphmuICPCJsTSd5XScMjhfxuK3E6AZbIMmC5J6VJM","previousCounter":0,"rootKey":"s60vg1dw6nw9jxubf07HcrnWLLv/milXT3n/Nz4YLsw="},"indexInfo":{"baseKey":"BYZWxJ6gO8mAMtTCSiQAQnlRiSzH/A0OXtEbP3Q9ZlVr","baseKeyType":1,"closed":-1,"used":1690512845732,"created":1690512845732,"remoteIdentityKey":"BbZI+KTcD5QxM2fL22mW5Iv1V5nC49BBMHBTTFF5A6tP"},"_chains":{"BQ3JRfmRtGq+fXQQ5IZyldh1EBITH9xGa0VqgObqxOFE":{"chainKey":{"counter":2,"key":"DozjtkSGA71RY/t4Z8tG2Dpm97xSM7W0YZukaLqQ0LQ="},"chainType":1,"messageKeys":{}}},"pendingPreKey":{"signedKeyId":1,"baseKey":"BYZWxJ6gO8mAMtTCSiQAQnlRiSzH/A0OXtEbP3Q9ZlVr","preKeyId":505}}},"version":"v1"}