{"_sessions":{"BXaaDKcA8oA8shDPARIXA0F2+bj43DtfdwNvi/2UFqsN":{"registrationId":328420378,"currentRatchet":{"ephemeralKeyPair":{"pubKey":"BRq6c25/g/GO1ATk6GVAHbedI5ypV+p/zcUVCD5e4gow","privKey":"QHceQ9OKyvDx88g9XyffvSg/p/wL3bsUOvrKbhYDP2M="},"lastRemoteEphemeralKey":"Be5wixnHQfmnfy1W9YkU54CxH4qhDfOETmIGiOrgSXsE","previousCounter":0,"rootKey":"Td/1ZtJNd5xZsbFsyEKg23ZjaMD+ic1imih/WPty0UQ="},"indexInfo":{"baseKey":"BXaaDKcA8oA8shDPARIXA0F2+bj43DtfdwNvi/2UFqsN","baseKeyType":1,"closed":-1,"used":1690512847256,"created":1690512847256,"remoteIdentityKey":"BfrDCeI5Rt92GGOKB9m+ibJJ8y424ySwPL+deGh0I0NW"},"_chains":{"BRq6c25/g/GO1ATk6GVAHbedI5ypV+p/zcUVCD5e4gow":{"chainKey":{"counter":2,"key":"ovAwpKmr5cQl8880AmhVIVZzygYnr4CjMAUZYiIgowc="},"chainType":1,"messageKeys":{}}},"pendingPreKey":{"signedKeyId":12,"baseKey":"BXaaDKcA8oA8shDPARIXA0F2+bj43DtfdwNvi/2UFqsN","preKeyId":2052107}}},"version":"v1"}