{"_sessions":{"BY5XD+KbmqsvnmNovJWU6mzqR+XGO3BtTq6Dhfztbn0p":{"registrationId":738398546,"currentRatchet":{"ephemeralKeyPair":{"pubKey":"BbBJRKozgzN+74wZIqN0fgEozGWC2yGKNCgtRSg3iIwQ","privKey":"IHYHCNgt46NEyjhM90nqS3p6EVFYpi01l5rW0/3x5Vg="},"lastRemoteEphemeralKey":"BYiiKrVu20/VwNVbuQ7vVWRy9uUIP9xS9aEn8RGB9UhZ","previousCounter":0,"rootKey":"39B6KqxLvWNjyRW9TNxb4wN7wTUu1tCLrDODsyDVfS8="},"indexInfo":{"baseKey":"BY5XD+KbmqsvnmNovJWU6mzqR+XGO3BtTq6Dhfztbn0p","baseKeyType":1,"closed":-1,"used":1690523858116,"created":1690523858116,"remoteIdentityKey":"BfqAl8/lHn3/HwJ5APgNTmLEKP4kyIvHjBlGOM1lTahI"},"_chains":{"BbBJRKozgzN+74wZIqN0fgEozGWC2yGKNCgtRSg3iIwQ":{"chainKey":{"counter":197,"key":"wULh5qOMQlp+JUpeIgRRj4mZp6GFTHUttdAyI30Ub1E="},"chainType":1,"messageKeys":{}}},"pendingPreKey":{"signedKeyId":0,"baseKey":"BY5XD+KbmqsvnmNovJWU6mzqR+XGO3BtTq6Dhfztbn0p"}}},"version":"v1"}