{"_sessions":{"BX9D9XvEkUSGItuR0BU+KnkANokvEb1IHg/iCZScGjUY":{"registrationId":913282233,"currentRatchet":{"ephemeralKeyPair":{"pubKey":"BThDRWYv32ih/CL0Fyio675ueeA5AXaTaPFdae9TLMh+","privKey":"0AqLxKwHUBsMtITzxK3whH6lOpf2Rk2D85+J6w0Pon4="},"lastRemoteEphemeralKey":"BWLHewD5Xm3eP5Zyn5kqRvSgRtlHbGOneemcwDTQmOl/","previousCounter":0,"rootKey":"YPnBlx4T7KFfWsvyNiptgTajvBSCnUswKrAEhZMmEh4="},"indexInfo":{"baseKey":"BX9D9XvEkUSGItuR0BU+KnkANokvEb1IHg/iCZScGjUY","baseKeyType":1,"closed":-1,"used":1690523858278,"created":1690523858278,"remoteIdentityKey":"BZD5TeKpEywnf8tlR9NAxg9Jtkm2cPzbkqflZnJcnncI"},"_chains":{"BThDRWYv32ih/CL0Fyio675ueeA5AXaTaPFdae9TLMh+":{"chainKey":{"counter":197,"key":"aKOgOrIVgtLkbPCo2ZyQV7UfOfieLRDr40vdVDX63+4="},"chainType":1,"messageKeys":{}}},"pendingPreKey":{"signedKeyId":3,"baseKey":"BX9D9XvEkUSGItuR0BU+KnkANokvEb1IHg/iCZScGjUY"}}},"version":"v1"}