{"_sessions":{"BaNLAo69i98uX9M+5CbxNf5wbyQwxQy3Ut5g7KPz2MwA":{"registrationId":214090626,"currentRatchet":{"ephemeralKeyPair":{"pubKey":"Bf8Bsz9xH42x7KpWSOyXfNMJqzEwPPutosiV9aSOl8FV","privKey":"kMDGDqzKFFzuA3T29+cwgJQ0UDVfBaLZ/5GV3S4Uvms="},"lastRemoteEphemeralKey":"BVYLX6nK8H2x2IEaZCJ3sIeAd9FrdetbL759/UsdwT9t","previousCounter":0,"rootKey":"QRlR11LJ3e/bCpE3HPhrGdwLXeSECPeIzQ2x4ovu1es="},"indexInfo":{"baseKey":"BaNLAo69i98uX9M+5CbxNf5wbyQwxQy3Ut5g7KPz2MwA","baseKeyType":1,"closed":-1,"used":1690512845937,"created":1690512845937,"remoteIdentityKey":"BYm0mOGgIgyzWqnzcNaDcmum1s5VZ+496kAlrPDKwgxa"},"_chains":{"Bf8Bsz9xH42x7KpWSOyXfNMJqzEwPPutosiV9aSOl8FV":{"chainKey":{"counter":2,"key":"GWA0Qmy+pQV5hs1tldmfchbetc96XKhQrDnRFCGnmc4="},"chainType":1,"messageKeys":{}}},"pendingPreKey":{"signedKeyId":1,"baseKey":"BaNLAo69i98uX9M+5CbxNf5wbyQwxQy3Ut5g7KPz2MwA"}}},"version":"v1"}