{"_sessions":{"Ba0htHZmW/X6kTGtbIDxU2/RtrrAfeb7UQaha98LC8Io":{"registrationId":1021309081,"currentRatchet":{"ephemeralKeyPair":{"pubKey":"BUGRTTyYV8bw+QKQf3gO1nOp6UV7F5JFx9g7QHQL9bBa","privKey":"GDyx5kHINd+vCpK9cODlV03cJT9MtCpOeZCipFU2CH0="},"lastRemoteEphemeralKey":"BerP1qW+cSXYdpT49i4FMDszKQiQoX1m2NGZRhAwEm03","previousCounter":0,"rootKey":"YV03xCPf1qYAqPpf/uhdpmblYOh7oVUywbl2s2qIwbw="},"indexInfo":{"baseKey":"Ba0htHZmW/X6kTGtbIDxU2/RtrrAfeb7UQaha98LC8Io","baseKeyType":1,"closed":-1,"used":1690512636212,"created":1690512636212,"remoteIdentityKey":"BUI3xAX4mqwsRbO+jklO1Lh4U6fbdGKgbEfsiQdHCC8p"},"_chains":{"BUGRTTyYV8bw+QKQf3gO1nOp6UV7F5JFx9g7QHQL9bBa":{"chainKey":{"counter":127,"key":"Ms4ZxddkQyBbEGuVw9nTYQoi386WFW9tCmxe9vEO7dk="},"chainType":1,"messageKeys":{}}},"pendingPreKey":{"signedKeyId":28,"baseKey":"Ba0htHZmW/X6kTGtbIDxU2/RtrrAfeb7UQaha98LC8Io","preKeyId":2569031}}},"version":"v1"}