{"_sessions":{"BU/g9LiI2EUmw+W1JMzTPH/c6MT5X5TBS0HU0kBICSUP":{"registrationId":211,"currentRatchet":{"ephemeralKeyPair":{"pubKey":"Bf4atRGtTHPnXxhUv31R09gL3o1KbFRtOAVrO2KnMcVd","privKey":"GDJMi7S3FiDXhYjaDJS+elXswyZIN+j/C8hxAn1tG0Y="},"lastRemoteEphemeralKey":"BTtB0rEHOLXLzhB46cAAtwUHj2qptLIbYHajL30qFUw8","previousCounter":0,"rootKey":"x0VLIc4wfQKdSUJamrYgPhz2zIcAC7JdLp62T4ivAtw="},"indexInfo":{"baseKey":"BU/g9LiI2EUmw+W1JMzTPH/c6MT5X5TBS0HU0kBICSUP","baseKeyType":1,"closed":-1,"used":1690526903469,"created":1690526903469,"remoteIdentityKey":"BSAG2bq9UPJOQipWpPLPtPLB/mdhwBjn0zRfCzOjLJko"},"_chains":{"Bf4atRGtTHPnXxhUv31R09gL3o1KbFRtOAVrO2KnMcVd":{"chainKey":{"counter":11,"key":"IFeeQ2vGVjcpxiFVl/81xqMTNZf8V07+yOQefdHlfD8="},"chainType":1,"messageKeys":{}}},"pendingPreKey":{"signedKeyId":1,"baseKey":"BU/g9LiI2EUmw+W1JMzTPH/c6MT5X5TBS0HU0kBICSUP"}}},"version":"v1"}