{"_sessions":{"BYVFWUXlLVkkF/6oraoSptLdN76QbJuEN6F5qvq91k55":{"registrationId":1792663729,"currentRatchet":{"ephemeralKeyPair":{"pubKey":"BYcu2R1WFNQf0Xh0DdB4EdoCXuIlReIP000hMKl9buwb","privKey":"gHVuFMhHyZlSX7DxYRrEUaQM3rFdAzf7e+GHI42vtHA="},"lastRemoteEphemeralKey":"BX21+ebDm0jk5S3BByc3J9wL8OPzI1CxZMJ/ZulCTSNd","previousCounter":0,"rootKey":"cj4nJ2yz9rZRx5jj7bHMa+afh0t1VNhY4hpCTq5T7ns="},"indexInfo":{"baseKey":"BYVFWUXlLVkkF/6oraoSptLdN76QbJuEN6F5qvq91k55","baseKeyType":1,"closed":-1,"used":1690512846169,"created":1690512846169,"remoteIdentityKey":"BUU8FJ4DOVuusbJ5uqVjhB4ahAe9YVHiCCdNt6AB3NVG"},"_chains":{"BYcu2R1WFNQf0Xh0DdB4EdoCXuIlReIP000hMKl9buwb":{"chainKey":{"counter":2,"key":"m++Kmd/f0ntgnR219s8d6PjSNfnKt8IzC6FJ3aV01wc="},"chainType":1,"messageKeys":{}}},"pendingPreKey":{"signedKeyId":1,"baseKey":"BYVFWUXlLVkkF/6oraoSptLdN76QbJuEN6F5qvq91k55","preKeyId":1424253}}},"version":"v1"}