{"_sessions":{"Bc4yBM4NEoxDFwhxNoeLm0MGQ9r3Ad0xb4LuA8OgSE9d":{"registrationId":773761288,"currentRatchet":{"ephemeralKeyPair":{"pubKey":"BRF3vqevGa5348enOcaUKjwdR0FhAL+FEiA3OmSEqzNr","privKey":"iBtMFmSoxinj8pT2zKY7t8Vxb+ZVPSyYnpjD2PqZ934="},"lastRemoteEphemeralKey":"BdkZcm70eaGWW0WSMZ9Q7yTN9Qtt/ZpfP38oQ3WYzP1i","previousCounter":0,"rootKey":"XPiqpo0pDGAe2u6JoqoHzY/aEBwrfMtP8yKTDhcZ9po="},"indexInfo":{"baseKey":"Bc4yBM4NEoxDFwhxNoeLm0MGQ9r3Ad0xb4LuA8OgSE9d","baseKeyType":1,"closed":-1,"used":1690525403276,"created":1690525403276,"remoteIdentityKey":"BXctslFhmXecblyXDLG+U7Fmx8/OOcIwofSsR0lbRtUU"},"_chains":{"BRF3vqevGa5348enOcaUKjwdR0FhAL+FEiA3OmSEqzNr":{"chainKey":{"counter":2,"key":"Ki9s6g48ZyoAJfcYYP492wDdC0hnlJ9P+xnFv1VGvM8="},"chainType":1,"messageKeys":{}}},"pendingPreKey":{"signedKeyId":94019,"baseKey":"Bc4yBM4NEoxDFwhxNoeLm0MGQ9r3Ad0xb4LuA8OgSE9d","preKeyId":2433}}},"version":"v1"}