{"_sessions":{"BWgH/OoQUKJwRxOBRgz3CZtBUuxf+BD08JRAVClGuIIT":{"registrationId":1365954981,"currentRatchet":{"ephemeralKeyPair":{"pubKey":"BaqIbxVSmoarc6jV/ppgbzdTXnFkXZ+tGsuhSVfgNagq","privKey":"kLDQQHfBCuGWaJ72bsGZxzjcKUmHlTwXF+YZQP/BY34="},"lastRemoteEphemeralKey":"BVPO6J4rX6ri0JYf8e5iKchUHwzsdTQOfBVK8fn4LsNS","previousCounter":0,"rootKey":"Zn+3lTS06DdrSl7gV5ZmDf4NHirbo0BrPwv45TEXVa0="},"indexInfo":{"baseKey":"BWgH/OoQUKJwRxOBRgz3CZtBUuxf+BD08JRAVClGuIIT","baseKeyType":1,"closed":-1,"used":1690523858036,"created":1690523858036,"remoteIdentityKey":"BfrNqJho+j8rw2eAp3lu6mUtzfdnKEiMO4RJWfV8xWhp"},"_chains":{"BaqIbxVSmoarc6jV/ppgbzdTXnFkXZ+tGsuhSVfgNagq":{"chainKey":{"counter":197,"key":"qUBqavTU+N4LH7AOHptE0KvVEE8P6Q4RN3efc0nFH6Q="},"chainType":1,"messageKeys":{}}},"pendingPreKey":{"signedKeyId":1,"baseKey":"BWgH/OoQUKJwRxOBRgz3CZtBUuxf+BD08JRAVClGuIIT"}}},"version":"v1"}