{"_sessions":{"BQI/likU7OWdUOH2x9GPhF6zAUBIzN5ms2IzP8h+/UhV":{"registrationId":661570025,"currentRatchet":{"ephemeralKeyPair":{"pubKey":"BTE3EOvYXH0Fzc48mbCeNz67kZ/jongwIcyMhQDwUXpi","privKey":"8MGGEGCMvl4S86TQBTd+ZtHU205i03oMqA89MltyolM="},"lastRemoteEphemeralKey":"BWI6jdrPL7pnDzSxNt9R2YaeqA7Bp0P+tFWisfoyQQ5R","previousCounter":0,"rootKey":"cZ8LfVwO0IfSpQo7TPh6j7MowhXNnh+Gns50Kv0mk8w="},"indexInfo":{"baseKey":"BQI/likU7OWdUOH2x9GPhF6zAUBIzN5ms2IzP8h+/UhV","baseKeyType":1,"closed":-1,"used":1690512847234,"created":1690512847234,"remoteIdentityKey":"BaM6D14WpMDC5P0TXp445QJ8QFQYAYIg2rVA7tctROZr"},"_chains":{"BTE3EOvYXH0Fzc48mbCeNz67kZ/jongwIcyMhQDwUXpi":{"chainKey":{"counter":2,"key":"YvxDBmG5a6SfgTXJpt0XOnP3reNHBOfucGaBjaWS8po="},"chainType":1,"messageKeys":{}}},"pendingPreKey":{"signedKeyId":12339542,"baseKey":"BQI/likU7OWdUOH2x9GPhF6zAUBIzN5ms2IzP8h+/UhV","preKeyId":77}}},"version":"v1"}