{"_sessions":{"BdJY0e7XnU/OfUo6ktCDQhGCVOZF5XIGE70Rark66d0S":{"registrationId":1637089550,"currentRatchet":{"ephemeralKeyPair":{"pubKey":"BYj1r+3yjQl97weHvGe+pEOxqsoN5H4hcLB/eNshXUoj","privKey":"oILJ9azt7weuNl6CAbRV5vS0Z7yYBIerGZGagQlh/Eg="},"lastRemoteEphemeralKey":"Bd8mDPwi31eIH+HklTQf2GYGgCnQCJ5Xcs8I9G39GaMY","previousCounter":0,"rootKey":"7uv6M3cbU2vNRUisr6P7xHC+WhEgiUsZmw/VmSWbrZM="},"indexInfo":{"baseKey":"BdJY0e7XnU/OfUo6ktCDQhGCVOZF5XIGE70Rark66d0S","baseKeyType":1,"closed":-1,"used":1690523858151,"created":1690523858151,"remoteIdentityKey":"BU8BWgsJ3xUMJOg9oBn2LzRELPcYCXwFJoY23Z2LUXR/"},"_chains":{"BYj1r+3yjQl97weHvGe+pEOxqsoN5H4hcLB/eNshXUoj":{"chainKey":{"counter":197,"key":"qFL60gAKrWTGQ6eEDUn4RFP/MeGiO2hyM65QtID6wNs="},"chainType":1,"messageKeys":{}}},"pendingPreKey":{"signedKeyId":0,"baseKey":"BdJY0e7XnU/OfUo6ktCDQhGCVOZF5XIGE70Rark66d0S"}}},"version":"v1"}