{"_sessions":{"BZrq2UjqPsahquvF5E2BCOTG1LdDoYMwuzj3vZXpHqw9":{"registrationId":9867,"currentRatchet":{"ephemeralKeyPair":{"pubKey":"BREYf6XVRjNXQrHoORpIGiFeejVZj18hP266tQGYgm58","privKey":"yJS2b6NM3r+TqTXO1gKFhO6hZY0lueh7kdYJAVk1qWk="},"lastRemoteEphemeralKey":"BbmlRmAis/w3NU7OR1Lfdbl8aUfF3mZaAe1Wa7mxm4VD","previousCounter":0,"rootKey":"3IRVXvT31T4pWWiXm7c2UzaWIOSMyOijkYzOA4DYbPk="},"indexInfo":{"baseKey":"BZrq2UjqPsahquvF5E2BCOTG1LdDoYMwuzj3vZXpHqw9","baseKeyType":1,"closed":-1,"used":1690512846129,"created":1690512846129,"remoteIdentityKey":"BRrgK8mouVrTS67LKDXixsFoWG1+cfY/4ZBGpTzqjvJh"},"_chains":{"BREYf6XVRjNXQrHoORpIGiFeejVZj18hP266tQGYgm58":{"chainKey":{"counter":2,"key":"apLJUp/gnr8ONMJGV6qYjAzu0ub24tFPnjUpC1gJZ5I="},"chainType":1,"messageKeys":{}}},"pendingPreKey":{"signedKeyId":1,"baseKey":"BZrq2UjqPsahquvF5E2BCOTG1LdDoYMwuzj3vZXpHqw9","preKeyId":776}}},"version":"v1"}