{"_sessions":{"BfYJpewYFBT9eRlNb4BUqf2cXzZsskSTx79xaTkHjqN1":{"registrationId":1103816243,"currentRatchet":{"ephemeralKeyPair":{"pubKey":"BSyGSwiCOks9C2N39ti7b6G2bWcNFq2QVem4mro7H7ZG","privKey":"qJrGUsulQgtBUvOFzwwvSKCyanKaRiLip39wC3i9Y2U="},"lastRemoteEphemeralKey":"BSv2jMsCg+0PCDDnOW5D7UDXM3CTa4DICDItjNa6DA4Y","previousCounter":0,"rootKey":"Eu4WFvcAuLoOohcBX2RrTM7mqtqEO43njA4+gq1y8mE="},"indexInfo":{"baseKey":"BfYJpewYFBT9eRlNb4BUqf2cXzZsskSTx79xaTkHjqN1","baseKeyType":1,"closed":-1,"used":1690523857318,"created":1690523857318,"remoteIdentityKey":"BVF8D4pN7bG9h02Vt9dW5m9v2m28apeIbs2r9rUSocg2"},"_chains":{"BSyGSwiCOks9C2N39ti7b6G2bWcNFq2QVem4mro7H7ZG":{"chainKey":{"counter":197,"key":"OrVLfJ3q1P6KkqiT3X7K6GmerOsGws2jesIZh4G//lI="},"chainType":1,"messageKeys":{}}},"pendingPreKey":{"signedKeyId":4,"baseKey":"BfYJpewYFBT9eRlNb4BUqf2cXzZsskSTx79xaTkHjqN1","preKeyId":11791497}}},"version":"v1"}