{"_sessions":{"BVrdrG2MtCHEMpv3dX5QkbDlyRwNgrZen4NK3Dd75vQb":{"registrationId":11849,"currentRatchet":{"ephemeralKeyPair":{"pubKey":"BT1dNhP03/MDIwcV0P9/O2W9eo+ogw0wKsmk/m+Y/ew3","privKey":"WMN01my4Uf1a35VL1jEjzTtUdmmesW8E9tZCvziTw0c="},"lastRemoteEphemeralKey":"BaRW/l3DLEltdm0DLP2AaofUvEQCkkM6IYXTJrh46fVn","previousCounter":0,"rootKey":"CicMVEg3+uYx+iOxD1v+TqcfRHu/d1e/hl6d8VPz9+I="},"indexInfo":{"baseKey":"BVrdrG2MtCHEMpv3dX5QkbDlyRwNgrZen4NK3Dd75vQb","baseKeyType":1,"closed":-1,"used":1690512845972,"created":1690512845972,"remoteIdentityKey":"BctDr1fvJRtUOc/uHRq5pgy+Olh/OrkCvQxGxA7beTQY"},"_chains":{"BT1dNhP03/MDIwcV0P9/O2W9eo+ogw0wKsmk/m+Y/ew3":{"chainKey":{"counter":2,"key":"b9Nipu9iFZKXalk8ZBGM7GkBw7DOSHq6Tgd5+wjfBPg="},"chainType":1,"messageKeys":{}}},"pendingPreKey":{"signedKeyId":3,"baseKey":"BVrdrG2MtCHEMpv3dX5QkbDlyRwNgrZen4NK3Dd75vQb","preKeyId":1959}}},"version":"v1"}