{"_sessions":{"BcisWMng1QwCqRG961lY83Rrli6OTHNq8JIXRIs4nBMT":{"registrationId":1561134032,"currentRatchet":{"ephemeralKeyPair":{"pubKey":"BRhZZje6jB703/HlHTIxpyjaVQuCsi2hB5zQMKb2iZ9y","privKey":"qGruVCWUS42ne+q9n5YDosifYaiNpwobtVOgDEOHMHY="},"lastRemoteEphemeralKey":"BdLU5dCd4+hETAux4RlcxKJZ3Jwelel8jIwOeYI4a9ZG","previousCounter":0,"rootKey":"U1kVhHGIKBbZOCsrSZEdys8lznBq1xgMHxozVi3z+pA="},"indexInfo":{"baseKey":"BcisWMng1QwCqRG961lY83Rrli6OTHNq8JIXRIs4nBMT","baseKeyType":1,"closed":-1,"used":1690512637228,"created":1690512637228,"remoteIdentityKey":"BaU2osSOzPafj5gh980Mh4rBsrBOq2uhkmcQHSM9VokE"},"_chains":{"BRhZZje6jB703/HlHTIxpyjaVQuCsi2hB5zQMKb2iZ9y":{"chainKey":{"counter":124,"key":"LDyibN5BtL1Ri/Ang3wERUEmkNyKu3xnHhZXWifYw9o="},"chainType":1,"messageKeys":{}}},"pendingPreKey":{"signedKeyId":12,"baseKey":"BcisWMng1QwCqRG961lY83Rrli6OTHNq8JIXRIs4nBMT","preKeyId":5506116}}},"version":"v1"}