{"_sessions":{"BVg9bPNfoIkmGmASuMYJlhdrivoKlhdwvzZ0telEgg0+":{"registrationId":1034750269,"currentRatchet":{"ephemeralKeyPair":{"pubKey":"BWdTN2H5fvK3XoaP+yp9KcC7nLE/tkYQ53ZTaW2VfYJb","privKey":"+AqVgnGmYZs0UnzbQvXrqS/TGaYdrbZKNVaju3RpyE4="},"lastRemoteEphemeralKey":"Baiu2lHFaWmqVPQEd9DdyKxYNAXf9iB3vjU0C+VwOBYf","previousCounter":0,"rootKey":"t37HbhV+q1J0QtQAAzIWUw9/TaUhKWquOkThwk1111I="},"indexInfo":{"baseKey":"BVg9bPNfoIkmGmASuMYJlhdrivoKlhdwvzZ0telEgg0+","baseKeyType":1,"closed":-1,"used":1690512846701,"created":1690512846701,"remoteIdentityKey":"BfnXTVg7nV3xXmob4dVs07HKwh3xzPEo0jotcoZuq25u"},"_chains":{"BWdTN2H5fvK3XoaP+yp9KcC7nLE/tkYQ53ZTaW2VfYJb":{"chainKey":{"counter":2,"key":"3GBaRtXMlwCaBLJbQQqWhenasMWj7Q47W0JRHrTRDcM="},"chainType":1,"messageKeys":{}}},"pendingPreKey":{"signedKeyId":6,"baseKey":"BVg9bPNfoIkmGmASuMYJlhdrivoKlhdwvzZ0telEgg0+","preKeyId":9027891}}},"version":"v1"}