{"_sessions":{"BWlz/nPeSPB5zYxkukvq+vhBWWdSk65Ms/wxtxbnuxRg":{"registrationId":158831269,"currentRatchet":{"ephemeralKeyPair":{"pubKey":"BcRAxMGVGRH8iNs0zZ7CUPX2gQuvWtQ/vGCROjYmXE9z","privKey":"mLlisgkcTLbkKotg/mwGgk9Ltjb1xGz/Csct+KXEy3o="},"lastRemoteEphemeralKey":"BUSwqg8opZQCj5jCKYg/PHvYCo6fckHnfS+9Clf7SNAn","previousCounter":0,"rootKey":"OFmYbyoMaIzRXjPq1h5lB/Zy/Zd+xS/vq+JDZKxesrk="},"indexInfo":{"baseKey":"BWlz/nPeSPB5zYxkukvq+vhBWWdSk65Ms/wxtxbnuxRg","baseKeyType":1,"closed":-1,"used":1690523858264,"created":1690523858264,"remoteIdentityKey":"BcLitOlRXdhnoUCGwWt/WtPEkxuW/vDyAzCCTdgEj781"},"_chains":{"BcRAxMGVGRH8iNs0zZ7CUPX2gQuvWtQ/vGCROjYmXE9z":{"chainKey":{"counter":197,"key":"Uae7Yq8HvhO2sk3vtmizgYhFRQ+qHJUIZdGAHVv3HQ4="},"chainType":1,"messageKeys":{}}},"pendingPreKey":{"signedKeyId":9,"baseKey":"BWlz/nPeSPB5zYxkukvq+vhBWWdSk65Ms/wxtxbnuxRg"}}},"version":"v1"}