{"_sessions":{"BcPOrJAmVuR0sJbPNyTNMx8tsdd339BWOheWB/cVjecU":{"registrationId":14308517,"currentRatchet":{"ephemeralKeyPair":{"pubKey":"BXCGpaEWaAmlkd5YJzVZqfjrmC3+ss/B4MsTLf+OUqE9","privKey":"6Iyashegx80/QGj+drs7zjLO6fIvr9CfiX3GtRukr1k="},"lastRemoteEphemeralKey":"BUG7iE1jeBcDBuSVWwFrDoiWMnV98fSI+xFv4W1tCsJm","previousCounter":0,"rootKey":"ZZNlSHnRYhOUqOkWgaH4YhQPHnx/Sya4WHwlnT7AQcU="},"indexInfo":{"baseKey":"BcPOrJAmVuR0sJbPNyTNMx8tsdd339BWOheWB/cVjecU","baseKeyType":1,"closed":-1,"used":1690523858140,"created":1690523858140,"remoteIdentityKey":"BfckIu6FmDMsVuJDsuo8OUNtfLEEAAK5rSCD0J8V7Ph7"},"_chains":{"BXCGpaEWaAmlkd5YJzVZqfjrmC3+ss/B4MsTLf+OUqE9":{"chainKey":{"counter":197,"key":"rH5gywHN7fS1MC5ktYjSwF1hEp1J1uJifuo2nQlC4N0="},"chainType":1,"messageKeys":{}}},"pendingPreKey":{"signedKeyId":2,"baseKey":"BcPOrJAmVuR0sJbPNyTNMx8tsdd339BWOheWB/cVjecU","preKeyId":17647}}},"version":"v1"}