{"_sessions":{"BfbN3NpntjUQ5oQT+qt82LCuP1sMvAKJeVtzL3nLDRJ+":{"registrationId":2116340274,"currentRatchet":{"ephemeralKeyPair":{"pubKey":"BRpUsvvbD1DtuZaDjNYMZ66JFVowBvmoA5yboZpimokf","privKey":"QJhpPrwuafthiMtGAJ9C9GrhHfgTa0sc0L5KzppRMVc="},"lastRemoteEphemeralKey":"BQ5ch63UHzVaacxoeRTmbBJbL9HfRxheTJCl9BZuA4s4","previousCounter":2,"rootKey":"/JvFmtto0yRQCWbonaY1E/6UzeHNRM08yyuS0klMH4E="},"indexInfo":{"baseKey":"BfbN3NpntjUQ5oQT+qt82LCuP1sMvAKJeVtzL3nLDRJ+","baseKeyType":1,"closed":-1,"used":1690533301836,"created":1690512847045,"remoteIdentityKey":"Bb+iZPyD7fSoVI3seeCOJrf+s4RoUme7lD8JNChJ6vpt"},"_chains":{"BQ5ch63UHzVaacxoeRTmbBJbL9HfRxheTJCl9BZuA4s4":{"chainKey":{"counter":1,"key":"BDUk9zvoz5xntG9JQrrKAlNfTj/J0dZd2xmX3b9Qm08="},"chainType":2,"messageKeys":{"0":"R5WBSolMpaOx91Ld9snn3HHi0TnSe2R18GJBNoIqSnE="}},"BRpUsvvbD1DtuZaDjNYMZ66JFVowBvmoA5yboZpimokf":{"chainKey":{"counter":-1,"key":"qZPoy0T8XHnOjteeUX92rHqvbb5EoaZmQpsGgt64nH0="},"chainType":1,"messageKeys":{}}}}},"version":"v1"}