{"_sessions":{"BTVVGoQ4I6xq3QBmCGjo5xFuhPHwdGTbmtOOm/j67BM8":{"registrationId":1879385301,"currentRatchet":{"ephemeralKeyPair":{"pubKey":"BXhV8iBxFqurY+9gukGJ6soYvpCDRWtx6eiNPWKvl/El","privKey":"WC5qRXMAqyer4sY2wEUp266BJZFAGUdMuzUMRUCJCGw="},"lastRemoteEphemeralKey":"BTh+I8kd3UHiyTTGzKbuCuRUBee1Ow5MiVQwmgTvLoB1","previousCounter":0,"rootKey":"mwKCZaF3n8rW5wWEWyvhXf2JXaxsUAkCXR1PS0qysfk="},"indexInfo":{"baseKey":"BTVVGoQ4I6xq3QBmCGjo5xFuhPHwdGTbmtOOm/j67BM8","baseKeyType":1,"closed":-1,"used":1690523857116,"created":1690523857116,"remoteIdentityKey":"BetkXUWWcIaVBmdQ3NmUVpX3OLXxVdGLY65SwJNwXl1S"},"_chains":{"BXhV8iBxFqurY+9gukGJ6soYvpCDRWtx6eiNPWKvl/El":{"chainKey":{"counter":197,"key":"JNMzm4/IiEJUKsqklRUPXlGo3VvY84dxH9URzkbdeU4="},"chainType":1,"messageKeys":{}}},"pendingPreKey":{"signedKeyId":1,"baseKey":"BTVVGoQ4I6xq3QBmCGjo5xFuhPHwdGTbmtOOm/j67BM8","preKeyId":11482695}}},"version":"v1"}