{"_sessions":{"BQtw+qTXkyGkd5lhtTTIJPDE7pNZEc7snT02YQ5yYY8k":{"registrationId":239,"currentRatchet":{"ephemeralKeyPair":{"pubKey":"BXvhiyafm5bPe20/dJJg2u1Yb1fJkpKCoqRW0EVc+8IA","privKey":"4JS2cXXnQldwJkhSjLXFabkzharRohzmquswM7CwRGk="},"lastRemoteEphemeralKey":"Bcl23LGOsgPRY/3CkeF3j+GTJ4mab6SdRvv2HWXS4yEo","previousCounter":0,"rootKey":"VLhIsGSElDbXayjIvbAkbpRuFGr8qcUD5ET8Qs0u93M="},"indexInfo":{"baseKey":"BQtw+qTXkyGkd5lhtTTIJPDE7pNZEc7snT02YQ5yYY8k","baseKeyType":1,"closed":1690525369842,"used":1690525364850,"created":1690525364850,"remoteIdentityKey":"BS4tL8ekJG/btG0Fpoo8kqlacsZnL78eo2YBrq5kKwZh"},"_chains":{"BXvhiyafm5bPe20/dJJg2u1Yb1fJkpKCoqRW0EVc+8IA":{"chainKey":{"counter":0,"key":"AMG1T39DN/MvCSwSyDQmIgzR0MUzT1yazg5L42QVKhE="},"chainType":1,"messageKeys":{}}},"pendingPreKey":{"signedKeyId":1,"baseKey":"BQtw+qTXkyGkd5lhtTTIJPDE7pNZEc7snT02YQ5yYY8k"}},"BY2MZk/W6mzm61542eINJSPEBd9t35Q8uZ9tzaxWTM9K":{"registrationId":239,"currentRatchet":{"ephemeralKeyPair":{"pubKey":"BcNeXuIz6tJ4H3Bx/0W2+gKTfzKX1R7kX2iWXqTHCHJb","privKey":"MLgHxBz/uN4rPUbHjRYnQT7BUp50Mv2qlbCwAPuOXGs="},"lastRemoteEphemeralKey":"Bcl23LGOsgPRY/3CkeF3j+GTJ4mab6SdRvv2HWXS4yEo","previousCounter":0,"rootKey":"jnRFjiGtXpVgKsBzXCKT+X8aSq8EkRRO+byFZIXoAUo="},"indexInfo":{"baseKey":"BY2MZk/W6mzm61542eINJSPEBd9t35Q8uZ9tzaxWTM9K","baseKeyType":1,"closed":1690525374273,"used":1690525369827,"created":1690525369827,"remoteIdentityKey":"BS4tL8ekJG/btG0Fpoo8kqlacsZnL78eo2YBrq5kKwZh"},"_chains":{"BcNeXuIz6tJ4H3Bx/0W2+gKTfzKX1R7kX2iWXqTHCHJb":{"chainKey":{"counter":0,"key":"XjPC9MWyn/LjplZOWbiFUe/OfhCNPmhPRqNZIXguPWE="},"chainType":1,"messageKeys":{}}},"pendingPreKey":{"signedKeyId":1,"baseKey":"BY2MZk/W6mzm61542eINJSPEBd9t35Q8uZ9tzaxWTM9K"}},"BdebRWumUXIk1vRrS261nTCGqIjb0xU/X5y/fazRHfFP":{"registrationId":239,"currentRatchet":{"ephemeralKeyPair":{"pubKey":"BZQmKncrcZkhX5/kBT81MWiX4VCTtkZeOo2AqjbS7UAs","privKey":"yGom34YMbUIZQ2kp4iCD/HOpykPXVYUxbm6cK/Cm2WQ="},"lastRemoteEphemeralKey":"Bcl23LGOsgPRY/3CkeF3j+GTJ4mab6SdRvv2HWXS4yEo","previousCounter":0,"rootKey":"NuotEtDuH4MeAHi1tGwxPrK8wZLoPbCLvfZcJl35MRY="},"indexInfo":{"baseKey":"BdebRWumUXIk1vRrS261nTCGqIjb0xU/X5y/fazRHfFP","baseKeyType":1,"closed":1690525379788,"used":1690525374249,"created":1690525374249,"remoteIdentityKey":"BS4tL8ekJG/btG0Fpoo8kqlacsZnL78eo2YBrq5kKwZh"},"_chains":{"BZQmKncrcZkhX5/kBT81MWiX4VCTtkZeOo2AqjbS7UAs":{"chainKey":{"counter":0,"key":"83J2PF2Oa4M0/Spg74/vUaiPwCzFrCtbx2gvX2ChUu8="},"chainType":1,"messageKeys":{}}},"pendingPreKey":{"signedKeyId":1,"baseKey":"BdebRWumUXIk1vRrS261nTCGqIjb0xU/X5y/fazRHfFP"}},"BTHnq2T2aYmgtyLz0QO7gvE+sWsA2urNzYCxFLeWdrNP":{"registrationId":239,"currentRatchet":{"ephemeralKeyPair":{"pubKey":"BclM1mo22o9+iGQBLguPweDNMK6CO1D45+Zv68PFCf5R","privKey":"cNcwpSSUEovUPlHGc5P6yp9s8HZBM2VPJeKGc/59cXA="},"lastRemoteEphemeralKey":"Bcl23LGOsgPRY/3CkeF3j+GTJ4mab6SdRvv2HWXS4yEo","previousCounter":0,"rootKey":"8y6gkOgTWugiumwpA7xwUM9bsD1YulTOjyg5KsevFPc="},"indexInfo":{"baseKey":"BTHnq2T2aYmgtyLz0QO7gvE+sWsA2urNzYCxFLeWdrNP","baseKeyType":1,"closed":1690525386125,"used":1690525379768,"created":1690525379768,"remoteIdentityKey":"BS4tL8ekJG/btG0Fpoo8kqlacsZnL78eo2YBrq5kKwZh"},"_chains":{"BclM1mo22o9+iGQBLguPweDNMK6CO1D45+Zv68PFCf5R":{"chainKey":{"counter":0,"key":"dcHgXXs/qe4qo+1uTcI7k76LRvZu9itVBX18LtE/BG4="},"chainType":1,"messageKeys":{}}},"pendingPreKey":{"signedKeyId":1,"baseKey":"BTHnq2T2aYmgtyLz0QO7gvE+sWsA2urNzYCxFLeWdrNP"}},"BQOUsBl73NZG7ncIYOJlHG3GqlNYR6TSv7XZfI+2BdVr":{"registrationId":239,"currentRatchet":{"ephemeralKeyPair":{"pubKey":"BUARWyuXWTymvofrSOosbaiTWn1LEjRFHDtdEGrOfjUL","privKey":"gI4M4gHG/rrtry69A1hEY/oEjxqdaKgykHmmby15HkM="},"lastRemoteEphemeralKey":"Bcl23LGOsgPRY/3CkeF3j+GTJ4mab6SdRvv2HWXS4yEo","previousCounter":0,"rootKey":"wmalKuYAPHK0s07sixCXZgbNRg/4Q6ifm3SwU7fMCmc="},"indexInfo":{"baseKey":"BQOUsBl73NZG7ncIYOJlHG3GqlNYR6TSv7XZfI+2BdVr","baseKeyType":1,"closed":1690525391206,"used":1690525386107,"created":1690525386107,"remoteIdentityKey":"BS4tL8ekJG/btG0Fpoo8kqlacsZnL78eo2YBrq5kKwZh"},"_chains":{"BUARWyuXWTymvofrSOosbaiTWn1LEjRFHDtdEGrOfjUL":{"chainKey":{"counter":0,"key":"NBpz+MkW4s4BeyTfBhi/YiFjCrChpWT9pUjdAiveGhY="},"chainType":1,"messageKeys":{}}},"pendingPreKey":{"signedKeyId":1,"baseKey":"BQOUsBl73NZG7ncIYOJlHG3GqlNYR6TSv7XZfI+2BdVr"}},"BRd9cnwmHO4h53adOI5hTm9Tv52/nBobjbpt5Ca3Ivox":{"registrationId":239,"currentRatchet":{"ephemeralKeyPair":{"pubKey":"BVsHNLkczn32ourBT+EBM1XSKG7bp/ynkpXOJj4WpHh0","privKey":"EN903HjiipU8J2Jij2/tOoaGStnIfWpIN4pzWQSbT1o="},"lastRemoteEphemeralKey":"Bcl23LGOsgPRY/3CkeF3j+GTJ4mab6SdRvv2HWXS4yEo","previousCounter":0,"rootKey":"A2exQ3t/iO4xxWMxTr8+cWxJZN+vBcqQj69k7volo0g="},"indexInfo":{"baseKey":"BRd9cnwmHO4h53adOI5hTm9Tv52/nBobjbpt5Ca3Ivox","baseKeyType":1,"closed":1690525397406,"used":1690525391178,"created":1690525391178,"remoteIdentityKey":"BS4tL8ekJG/btG0Fpoo8kqlacsZnL78eo2YBrq5kKwZh"},"_chains":{"BVsHNLkczn32ourBT+EBM1XSKG7bp/ynkpXOJj4WpHh0":{"chainKey":{"counter":0,"key":"Rytbn2AUwN1oOe1bRuiFSEAnRnC/aHakYBZ8FmJt0ko="},"chainType":1,"messageKeys":{}}},"pendingPreKey":{"signedKeyId":1,"baseKey":"BRd9cnwmHO4h53adOI5hTm9Tv52/nBobjbpt5Ca3Ivox"}},"Be6Vv8m1Otzk6rAJ7WakUzfHV5QEVanJelxIIFfBxXMI":{"registrationId":239,"currentRatchet":{"ephemeralKeyPair":{"pubKey":"Ba6TtlD4h7IrMuynvJRZDqxY6wJl4bj3JJSjFwWQqeFw","privKey":"wFHtd8u+uUzWCcOCn1AQMdYvbnPRc1gOIyomSopPXEw="},"lastRemoteEphemeralKey":"Bcl23LGOsgPRY/3CkeF3j+GTJ4mab6SdRvv2HWXS4yEo","previousCounter":0,"rootKey":"+Z+pshBVZLUs9+/q3HnEm7ExWQ7aqRtahaPbl7jhJLU="},"indexInfo":{"baseKey":"Be6Vv8m1Otzk6rAJ7WakUzfHV5QEVanJelxIIFfBxXMI","baseKeyType":1,"closed":1690526865888,"used":1690525397385,"created":1690525397385,"remoteIdentityKey":"BS4tL8ekJG/btG0Fpoo8kqlacsZnL78eo2YBrq5kKwZh"},"_chains":{"Ba6TtlD4h7IrMuynvJRZDqxY6wJl4bj3JJSjFwWQqeFw":{"chainKey":{"counter":2,"key":"jorPKzbK6jFbp5LE97Z1e03tAE2f/IX8Bs4Yt54rL68="},"chainType":1,"messageKeys":{}}},"pendingPreKey":{"signedKeyId":1,"baseKey":"Be6Vv8m1Otzk6rAJ7WakUzfHV5QEVanJelxIIFfBxXMI"}},"BXSFbyv6o+oubz6rvGYYpTI1ycolqFq4zv0QzwDggdcn":{"registrationId":239,"currentRatchet":{"ephemeralKeyPair":{"pubKey":"BRmCfMA0DrwcXnTx9GebT/WLxqKTLlm7QKwovBR9zjBT","privKey":"GBz7OKMl5PIOePKBXU2rx7rTEey3JsR2qMrSdc9NBnU="},"lastRemoteEphemeralKey":"Bcl23LGOsgPRY/3CkeF3j+GTJ4mab6SdRvv2HWXS4yEo","previousCounter":0,"rootKey":"Pu/ndhIgXM0biTOgtzdDOX4ryabrsBRI46XcqSmH7DQ="},"indexInfo":{"baseKey":"BXSFbyv6o+oubz6rvGYYpTI1ycolqFq4zv0QzwDggdcn","baseKeyType":1,"closed":1690526868767,"used":1690526865865,"created":1690526865865,"remoteIdentityKey":"BS4tL8ekJG/btG0Fpoo8kqlacsZnL78eo2YBrq5kKwZh"},"_chains":{"BRmCfMA0DrwcXnTx9GebT/WLxqKTLlm7QKwovBR9zjBT":{"chainKey":{"counter":0,"key":"J77gc2XieAJlDbAvwbPeeYbCm18nyJwo66g9J7V7iuo="},"chainType":1,"messageKeys":{}}},"pendingPreKey":{"signedKeyId":1,"baseKey":"BXSFbyv6o+oubz6rvGYYpTI1ycolqFq4zv0QzwDggdcn"}},"BVe4FHUVOYGnPmUA5ySy9+MmpJAfvWOUHwh4fi0FEyEN":{"registrationId":239,"currentRatchet":{"ephemeralKeyPair":{"pubKey":"BZD1ZfFE1BtCC/b6mCCYJrUMp72jNO2FDk364Zq6HYoi","privKey":"QKcSJs5UPfP2nTpdn/zzPBOnnDjqLRnj+crmWANDKHo="},"lastRemoteEphemeralKey":"Bcl23LGOsgPRY/3CkeF3j+GTJ4mab6SdRvv2HWXS4yEo","previousCounter":0,"rootKey":"DYR9zRz9p1U7SSOX0XHLsexIBNpvYvBCQPoEQdfsOgw="},"indexInfo":{"baseKey":"BVe4FHUVOYGnPmUA5ySy9+MmpJAfvWOUHwh4fi0FEyEN","baseKeyType":1,"closed":1690526875046,"used":1690526868750,"created":1690526868750,"remoteIdentityKey":"BS4tL8ekJG/btG0Fpoo8kqlacsZnL78eo2YBrq5kKwZh"},"_chains":{"BZD1ZfFE1BtCC/b6mCCYJrUMp72jNO2FDk364Zq6HYoi":{"chainKey":{"counter":0,"key":"mcJj/O3AOPWsOlmjS/n629tsrVCdvGDUSOXKiK+J2oQ="},"chainType":1,"messageKeys":{}}},"pendingPreKey":{"signedKeyId":1,"baseKey":"BVe4FHUVOYGnPmUA5ySy9+MmpJAfvWOUHwh4fi0FEyEN"}},"Be+8GZDy84plfeuM1q4YtZ6IU3ivhx9rmhQ7k5nrRI00":{"registrationId":239,"currentRatchet":{"ephemeralKeyPair":{"pubKey":"BTZCKKzreYHzdG7TfdTSxWQf6TQFPojWd9lnH4O+R0Fr","privKey":"gEFl8cF/xQH+dKzgP/43B+5poUGyZ2Tt1BiBexZLsVQ="},"lastRemoteEphemeralKey":"Bcl23LGOsgPRY/3CkeF3j+GTJ4mab6SdRvv2HWXS4yEo","previousCounter":0,"rootKey":"TM9VhQW7Fw43mKgOegT2xxYN30PiEuKomEuuu87+LHM="},"indexInfo":{"baseKey":"Be+8GZDy84plfeuM1q4YtZ6IU3ivhx9rmhQ7k5nrRI00","baseKeyType":1,"closed":1690526883397,"used":1690526875030,"created":1690526875030,"remoteIdentityKey":"BS4tL8ekJG/btG0Fpoo8kqlacsZnL78eo2YBrq5kKwZh"},"_chains":{"BTZCKKzreYHzdG7TfdTSxWQf6TQFPojWd9lnH4O+R0Fr":{"chainKey":{"counter":0,"key":"mls+Yc4711J1I85erhNaOAEb+qGQVh9A8E54Ajw3r5g="},"chainType":1,"messageKeys":{}}},"pendingPreKey":{"signedKeyId":1,"baseKey":"Be+8GZDy84plfeuM1q4YtZ6IU3ivhx9rmhQ7k5nrRI00"}},"BUdFpwIGXUcHfT8+6mUyHKPK1Id77stGYGOFJOkCCSRF":{"registrationId":239,"currentRatchet":{"ephemeralKeyPair":{"pubKey":"BbzJaPKB3bf0fRvk4RqjlBNfNtCXJaX0VhkxPsQsHEkI","privKey":"wPDWAof9GvNhjjRGUSBkJ1T0tWgggBkCcCMoeL4wdUQ="},"lastRemoteEphemeralKey":"Bcl23LGOsgPRY/3CkeF3j+GTJ4mab6SdRvv2HWXS4yEo","previousCounter":0,"rootKey":"ScEZ+ao7Pzv1dYy/Q7rSoqCUCVZXWMn7vp8PrmiNYyA="},"indexInfo":{"baseKey":"BUdFpwIGXUcHfT8+6mUyHKPK1Id77stGYGOFJOkCCSRF","baseKeyType":1,"closed":1690527983305,"used":1690526883381,"created":1690526883381,"remoteIdentityKey":"BS4tL8ekJG/btG0Fpoo8kqlacsZnL78eo2YBrq5kKwZh"},"_chains":{"BbzJaPKB3bf0fRvk4RqjlBNfNtCXJaX0VhkxPsQsHEkI":{"chainKey":{"counter":7,"key":"7EiaIf/9ZBRGliYobc6TMi4XJK1NcLmXQL1b8cjp2c8="},"chainType":1,"messageKeys":{}}},"pendingPreKey":{"signedKeyId":1,"baseKey":"BUdFpwIGXUcHfT8+6mUyHKPK1Id77stGYGOFJOkCCSRF"}},"BW1Jkb018F362WV26YR0e1fW8tJnuD+dCoIpu11RHyhv":{"registrationId":239,"currentRatchet":{"ephemeralKeyPair":{"pubKey":"BYawwKo1jinka1Vz2vHcfVQj9RstbVoLWv4yo0y1Iwhc","privKey":"qM5F6TMXXwsI0sNVLFdIRrGNogBED1uDyb0Z0VFA9mY="},"lastRemoteEphemeralKey":"Bcl23LGOsgPRY/3CkeF3j+GTJ4mab6SdRvv2HWXS4yEo","previousCounter":0,"rootKey":"MZx892dgxGJZIfAC6eCKtL4RDBToHbGSyRHCCitli6E="},"indexInfo":{"baseKey":"BW1Jkb018F362WV26YR0e1fW8tJnuD+dCoIpu11RHyhv","baseKeyType":1,"closed":1690527985060,"used":1690527983278,"created":1690527983278,"remoteIdentityKey":"BS4tL8ekJG/btG0Fpoo8kqlacsZnL78eo2YBrq5kKwZh"},"_chains":{"BYawwKo1jinka1Vz2vHcfVQj9RstbVoLWv4yo0y1Iwhc":{"chainKey":{"counter":0,"key":"poBYN2woTv4Jfi0S3Wp7YExBuCzxy3Af1SmLG+KPaG8="},"chainType":1,"messageKeys":{}}},"pendingPreKey":{"signedKeyId":1,"baseKey":"BW1Jkb018F362WV26YR0e1fW8tJnuD+dCoIpu11RHyhv","preKeyId":348}},"BVI8TV5wEr3pOdWJqgcJQPy9EyyfkmVRLbcyenvEKEsv":{"registrationId":239,"currentRatchet":{"ephemeralKeyPair":{"pubKey":"BYpOIK//A6snzmEg+BXj2EeZ19lyst1LtUHv1T9x0Bxf","privKey":"OHR/Jt3mC/EYuxEQM9l4+wMNy7KeIwqDvngd3x9JSkM="},"lastRemoteEphemeralKey":"Bcl23LGOsgPRY/3CkeF3j+GTJ4mab6SdRvv2HWXS4yEo","previousCounter":0,"rootKey":"JrOIWdeOwMa/aeen2kF1YI9Wp/ZjKNbT34p04a0/91s="},"indexInfo":{"baseKey":"BVI8TV5wEr3pOdWJqgcJQPy9EyyfkmVRLbcyenvEKEsv","baseKeyType":1,"closed":1690527987367,"used":1690527985042,"created":1690527985042,"remoteIdentityKey":"BS4tL8ekJG/btG0Fpoo8kqlacsZnL78eo2YBrq5kKwZh"},"_chains":{"BYpOIK//A6snzmEg+BXj2EeZ19lyst1LtUHv1T9x0Bxf":{"chainKey":{"counter":0,"key":"gOJwWgQg5Q3GWyBAv/a4ASIs9LZmysJJNPZv4zlFUh8="},"chainType":1,"messageKeys":{}}},"pendingPreKey":{"signedKeyId":1,"baseKey":"BVI8TV5wEr3pOdWJqgcJQPy9EyyfkmVRLbcyenvEKEsv","preKeyId":353}},"BQend5+DbBFCZtXB1dYNW7O3uGEZ+7JSXIzZSZ+rgPhU":{"registrationId":239,"currentRatchet":{"ephemeralKeyPair":{"pubKey":"BXksYtUstYOL76Ga2QnMhYXd/qBaKj3RC9b4Tye66Dt5","privKey":"qFCjwCvXM+WgSh2jijBh6vOg2gsMiA4lsfGWgKXf2nw="},"lastRemoteEphemeralKey":"Bcl23LGOsgPRY/3CkeF3j+GTJ4mab6SdRvv2HWXS4yEo","previousCounter":0,"rootKey":"R8NtAh62ltfM5eNZZsRqvCCZYTZ1biskKXDD2C3oRNg="},"indexInfo":{"baseKey":"BQend5+DbBFCZtXB1dYNW7O3uGEZ+7JSXIzZSZ+rgPhU","baseKeyType":1,"closed":1690527989802,"used":1690527987349,"created":1690527987349,"remoteIdentityKey":"BS4tL8ekJG/btG0Fpoo8kqlacsZnL78eo2YBrq5kKwZh"},"_chains":{"BXksYtUstYOL76Ga2QnMhYXd/qBaKj3RC9b4Tye66Dt5":{"chainKey":{"counter":0,"key":"na7bYCXocl2qO+4nmD1ciMTlBbaE1aIa+fDGsUpgsbI="},"chainType":1,"messageKeys":{}}},"pendingPreKey":{"signedKeyId":1,"baseKey":"BQend5+DbBFCZtXB1dYNW7O3uGEZ+7JSXIzZSZ+rgPhU","preKeyId":350}},"BfaisvoQEkgs8LN+mFx/CcLZxr9Mgjf97VFNdVFhhgBr":{"registrationId":239,"currentRatchet":{"ephemeralKeyPair":{"pubKey":"BZo0vr6/ULbZuhWzHRL2UDM7sgvIqChqW1DbUpoGdkcv","privKey":"EAsXrqwsgXXhxywvb3CEBp5xqPgGZjYm1m5azjkLtmo="},"lastRemoteEphemeralKey":"Bcl23LGOsgPRY/3CkeF3j+GTJ4mab6SdRvv2HWXS4yEo","previousCounter":0,"rootKey":"mN5SthmWhmr1Pv4ZoUKb7DnIojoPPYLonjjJmaHycRE="},"indexInfo":{"baseKey":"BfaisvoQEkgs8LN+mFx/CcLZxr9Mgjf97VFNdVFhhgBr","baseKeyType":1,"closed":1690530890892,"used":1690527989779,"created":1690527989779,"remoteIdentityKey":"BS4tL8ekJG/btG0Fpoo8kqlacsZnL78eo2YBrq5kKwZh"},"_chains":{"BZo0vr6/ULbZuhWzHRL2UDM7sgvIqChqW1DbUpoGdkcv":{"chainKey":{"counter":14,"key":"A8/WXWTB0P1o3MNJolyJc+e2W/O9sc1k1u3ss2ha9tw="},"chainType":1,"messageKeys":{}}},"pendingPreKey":{"signedKeyId":1,"baseKey":"BfaisvoQEkgs8LN+mFx/CcLZxr9Mgjf97VFNdVFhhgBr","preKeyId":359}},"BaJJosVT/5JgnZcq5t7fRLGHEuNf3wJk1GzccpGrQsRF":{"registrationId":239,"currentRatchet":{"ephemeralKeyPair":{"pubKey":"BaWev1fKVLu+ikn2iDYH60TTeC4scE/BYLs3bfxvJw5R","privKey":"+OKwSlWHA0aNEDH3zMsM0jzCC68ofEQLn3oG4YK9WmQ="},"lastRemoteEphemeralKey":"Bcl23LGOsgPRY/3CkeF3j+GTJ4mab6SdRvv2HWXS4yEo","previousCounter":0,"rootKey":"kKe/aUCaHZK7NkjRh68Se6ncMchC5gHLaiI61kmkdoA="},"indexInfo":{"baseKey":"BaJJosVT/5JgnZcq5t7fRLGHEuNf3wJk1GzccpGrQsRF","baseKeyType":1,"closed":1690530898394,"used":1690530890881,"created":1690530890881,"remoteIdentityKey":"BS4tL8ekJG/btG0Fpoo8kqlacsZnL78eo2YBrq5kKwZh"},"_chains":{"BaWev1fKVLu+ikn2iDYH60TTeC4scE/BYLs3bfxvJw5R":{"chainKey":{"counter":1,"key":"PbEAdju43C08EUyCddg4sj78vft1Nq6ucLMDOf293L8="},"chainType":1,"messageKeys":{}}},"pendingPreKey":{"signedKeyId":1,"baseKey":"BaJJosVT/5JgnZcq5t7fRLGHEuNf3wJk1GzccpGrQsRF"}},"BdmnkCOy3tY1/hd4B8IDGlZkfTGbmcB77WEnnEgMVNRr":{"registrationId":239,"currentRatchet":{"ephemeralKeyPair":{"pubKey":"BUQkrnLHeIPl8KGQvlF4OFPfK+ZiwtLTaAEDCd1AB3I5","privKey":"qKlDtF1dVx1BnpOaENjmBeJFm02YLnHhH3wJAhFMHEI="},"lastRemoteEphemeralKey":"Bcl23LGOsgPRY/3CkeF3j+GTJ4mab6SdRvv2HWXS4yEo","previousCounter":0,"rootKey":"jGoUN4ePyFB4/e/GVYKtff5SKPK//6EiFr5SnS/P+9Y="},"indexInfo":{"baseKey":"BdmnkCOy3tY1/hd4B8IDGlZkfTGbmcB77WEnnEgMVNRr","baseKeyType":1,"closed":1690530903906,"used":1690530898386,"created":1690530898386,"remoteIdentityKey":"BS4tL8ekJG/btG0Fpoo8kqlacsZnL78eo2YBrq5kKwZh"},"_chains":{"BUQkrnLHeIPl8KGQvlF4OFPfK+ZiwtLTaAEDCd1AB3I5":{"chainKey":{"counter":0,"key":"PMbJNf43A0jLphpIjoBJq5olHdAeFevng0OW8GbvoK4="},"chainType":1,"messageKeys":{}}},"pendingPreKey":{"signedKeyId":1,"baseKey":"BdmnkCOy3tY1/hd4B8IDGlZkfTGbmcB77WEnnEgMVNRr"}},"BVHcoS5/uSQxDi3MnLGm8I2nAYVEG/kbGxOxWmenJPEA":{"registrationId":239,"currentRatchet":{"ephemeralKeyPair":{"pubKey":"BSOZsR065aI9lWylvXIJou/Lh9BRfOUsWuMe59Llw6Qv","privKey":"yBKTke3siajY6il9y01ElEYmvp9L+uxmxYaXNCLSvXI="},"lastRemoteEphemeralKey":"Bcl23LGOsgPRY/3CkeF3j+GTJ4mab6SdRvv2HWXS4yEo","previousCounter":0,"rootKey":"GMsxvDuplC6uOAhtbx8RH6Se0gJVctEnoE0vgwr7Fw0="},"indexInfo":{"baseKey":"BVHcoS5/uSQxDi3MnLGm8I2nAYVEG/kbGxOxWmenJPEA","baseKeyType":1,"closed":1690530906689,"used":1690530903891,"created":1690530903891,"remoteIdentityKey":"BS4tL8ekJG/btG0Fpoo8kqlacsZnL78eo2YBrq5kKwZh"},"_chains":{"BSOZsR065aI9lWylvXIJou/Lh9BRfOUsWuMe59Llw6Qv":{"chainKey":{"counter":0,"key":"C2SrtdvjhzioTpAhUgLMOVq3WxgByfbGBxyC+Yzu+xo="},"chainType":1,"messageKeys":{}}},"pendingPreKey":{"signedKeyId":1,"baseKey":"BVHcoS5/uSQxDi3MnLGm8I2nAYVEG/kbGxOxWmenJPEA"}},"BQShbxpxFAQFMkMYgnxUC4j3hl41gidC6UuRx4eqiMJM":{"registrationId":239,"currentRatchet":{"ephemeralKeyPair":{"pubKey":"BfeaghivwWsOCPW3IrmlAFrmwPQEPo1gSxXFPwliKvdt","privKey":"EKIRZJPAakvtTV184rRWwr5Np0N16DoffkxFxZiPYkk="},"lastRemoteEphemeralKey":"Bcl23LGOsgPRY/3CkeF3j+GTJ4mab6SdRvv2HWXS4yEo","previousCounter":0,"rootKey":"Atu//5DeN4x3AGgyuJxCEAhFlaI1LcP+Yly1aYWCN3Y="},"indexInfo":{"baseKey":"BQShbxpxFAQFMkMYgnxUC4j3hl41gidC6UuRx4eqiMJM","baseKeyType":1,"closed":1690530909771,"used":1690530906679,"created":1690530906679,"remoteIdentityKey":"BS4tL8ekJG/btG0Fpoo8kqlacsZnL78eo2YBrq5kKwZh"},"_chains":{"BfeaghivwWsOCPW3IrmlAFrmwPQEPo1gSxXFPwliKvdt":{"chainKey":{"counter":0,"key":"gPX3ugJd0ysB3yH2WNgpbsp/KezEfZH6IghHbKwcJvA="},"chainType":1,"messageKeys":{}}},"pendingPreKey":{"signedKeyId":1,"baseKey":"BQShbxpxFAQFMkMYgnxUC4j3hl41gidC6UuRx4eqiMJM"}},"BVlJjM/sPFXrYjbXg9hEhpW3YtP+v7//nC2zDfwGwaAf":{"registrationId":239,"currentRatchet":{"ephemeralKeyPair":{"pubKey":"BTWcTCMhB3L2PqiY3KI8QYPhdx8WOiryNUKFB/CGo2Jt","privKey":"0JsDahVBPJeiNfo4mH98mWh1W8iTt8v/ibFlHbSW6U4="},"lastRemoteEphemeralKey":"Bcl23LGOsgPRY/3CkeF3j+GTJ4mab6SdRvv2HWXS4yEo","previousCounter":0,"rootKey":"TOI05naUmePaUcPp13SelUP+CBGwlsbxzBnq2ua+twQ="},"indexInfo":{"baseKey":"BVlJjM/sPFXrYjbXg9hEhpW3YtP+v7//nC2zDfwGwaAf","baseKeyType":1,"closed":1690530914946,"used":1690530909762,"created":1690530909762,"remoteIdentityKey":"BS4tL8ekJG/btG0Fpoo8kqlacsZnL78eo2YBrq5kKwZh"},"_chains":{"BTWcTCMhB3L2PqiY3KI8QYPhdx8WOiryNUKFB/CGo2Jt":{"chainKey":{"counter":0,"key":"zNZr5Lh9jjjAz49924H5SbDAPk/JKbkIu0WmJ85bIEg="},"chainType":1,"messageKeys":{}}},"pendingPreKey":{"signedKeyId":1,"baseKey":"BVlJjM/sPFXrYjbXg9hEhpW3YtP+v7//nC2zDfwGwaAf"}},"BRjBXh36TJz3HLDN0ChtTEuxjBiha1/bqJfp7QePbCI8":{"registrationId":239,"currentRatchet":{"ephemeralKeyPair":{"pubKey":"BUCwwRSOQIfoEOfgxnGv7ME7F1jUldArJuhZjtxet8JT","privKey":"2E6Mb1nlhem51WibqoBNPsd54LTwtETEY/+lVoZlemU="},"lastRemoteEphemeralKey":"Bcl23LGOsgPRY/3CkeF3j+GTJ4mab6SdRvv2HWXS4yEo","previousCounter":0,"rootKey":"rf96gBlekpGNtT9i1yHkLZjDoy131L8ZYaxbN85UNf4="},"indexInfo":{"baseKey":"BRjBXh36TJz3HLDN0ChtTEuxjBiha1/bqJfp7QePbCI8","baseKeyType":1,"closed":1690530918946,"used":1690530914920,"created":1690530914920,"remoteIdentityKey":"BS4tL8ekJG/btG0Fpoo8kqlacsZnL78eo2YBrq5kKwZh"},"_chains":{"BUCwwRSOQIfoEOfgxnGv7ME7F1jUldArJuhZjtxet8JT":{"chainKey":{"counter":0,"key":"QpjDDVPaFb91KWm8rNDBIpW4owRWsT+t2tpif+UpaOY="},"chainType":1,"messageKeys":{}}},"pendingPreKey":{"signedKeyId":1,"baseKey":"BRjBXh36TJz3HLDN0ChtTEuxjBiha1/bqJfp7QePbCI8"}},"Bbn2crs61K1M458DRx21Rtoc0CiJyfzPzcF7vYlpuiN+":{"registrationId":239,"currentRatchet":{"ephemeralKeyPair":{"pubKey":"BaqSYGQ/Jat9WYjZm7A1S9SFAVIdc7hlfsK7Fv4alp8Y","privKey":"+FdT4eujv85PP8A+qBu308GLZCZlVfhFvuZ/15msVU0="},"lastRemoteEphemeralKey":"Bcl23LGOsgPRY/3CkeF3j+GTJ4mab6SdRvv2HWXS4yEo","previousCounter":0,"rootKey":"RjJRPJ4anFAFeL++brj4Sd9WoAlhu6mktTg3Eni67pE="},"indexInfo":{"baseKey":"Bbn2crs61K1M458DRx21Rtoc0CiJyfzPzcF7vYlpuiN+","baseKeyType":1,"closed":1690530929250,"used":1690530918922,"created":1690530918922,"remoteIdentityKey":"BS4tL8ekJG/btG0Fpoo8kqlacsZnL78eo2YBrq5kKwZh"},"_chains":{"BaqSYGQ/Jat9WYjZm7A1S9SFAVIdc7hlfsK7Fv4alp8Y":{"chainKey":{"counter":1,"key":"+puvzFNJ6Y1OU+saKZBIzYbINDkyh+qqmEW6g0TAoQk="},"chainType":1,"messageKeys":{}}},"pendingPreKey":{"signedKeyId":1,"baseKey":"Bbn2crs61K1M458DRx21Rtoc0CiJyfzPzcF7vYlpuiN+"}},"BdvLaqVqGt3L8nm49rqZVEnB6Am8mOoMf3IlqmQZYx1U":{"registrationId":239,"currentRatchet":{"ephemeralKeyPair":{"pubKey":"BSChB/xDbe35GKcZ6xQwC80PtbRgOzux0ensU9dV8v8X","privKey":"OHYPlSazj/tr/DqUKZCXzyqsrg5Szu1DgercAFBMamY="},"lastRemoteEphemeralKey":"Bcl23LGOsgPRY/3CkeF3j+GTJ4mab6SdRvv2HWXS4yEo","previousCounter":0,"rootKey":"Dp60cz3VoovkQkbLyjMqYLPGvuxWCAkRK6K0i8mlzj4="},"indexInfo":{"baseKey":"BdvLaqVqGt3L8nm49rqZVEnB6Am8mOoMf3IlqmQZYx1U","baseKeyType":1,"closed":1690530937287,"used":1690530929216,"created":1690530929216,"remoteIdentityKey":"BS4tL8ekJG/btG0Fpoo8kqlacsZnL78eo2YBrq5kKwZh"},"_chains":{"BSChB/xDbe35GKcZ6xQwC80PtbRgOzux0ensU9dV8v8X":{"chainKey":{"counter":0,"key":"7DIhMSTqweX3qh4Y5hB0I/rgppI1CAjmYzoOke6qyfo="},"chainType":1,"messageKeys":{}}},"pendingPreKey":{"signedKeyId":1,"baseKey":"BdvLaqVqGt3L8nm49rqZVEnB6Am8mOoMf3IlqmQZYx1U"}},"BT+B19ckzXbr4hN7IJFEhsHw/JGqRp3LeZEHVvNZ/88H":{"registrationId":239,"currentRatchet":{"ephemeralKeyPair":{"pubKey":"BXru1IK0JcZ9jqDc4iSzP9/Mtf9s0btkz6a2Jg8jaWg0","privKey":"qJlSmNx8iTP+HEwhqtCYyU5l3+Jr/5GBm/ezJFdMQkk="},"lastRemoteEphemeralKey":"Bcl23LGOsgPRY/3CkeF3j+GTJ4mab6SdRvv2HWXS4yEo","previousCounter":0,"rootKey":"gnMoVg8WP0C4AaNBo1tgy7IP4JDb/DBPyzDvnN6YIL8="},"indexInfo":{"baseKey":"BT+B19ckzXbr4hN7IJFEhsHw/JGqRp3LeZEHVvNZ/88H","baseKeyType":1,"closed":1690547576578,"used":1690530937236,"created":1690530937236,"remoteIdentityKey":"BS4tL8ekJG/btG0Fpoo8kqlacsZnL78eo2YBrq5kKwZh"},"_chains":{"BXru1IK0JcZ9jqDc4iSzP9/Mtf9s0btkz6a2Jg8jaWg0":{"chainKey":{"counter":84,"key":"vqbtIUkgjl5EH4dtJ7BKXxlaP0A9X5k+CzT0RwO1imU="},"chainType":1,"messageKeys":{}}},"pendingPreKey":{"signedKeyId":1,"baseKey":"BT+B19ckzXbr4hN7IJFEhsHw/JGqRp3LeZEHVvNZ/88H"}},"BWam4vPBneXYpniN161Vic49MtyPJgOyOTDM/SbFVWtq":{"registrationId":239,"currentRatchet":{"ephemeralKeyPair":{"pubKey":"BR9slz+hWa+6X21/jfrBO9isJw658Na4EL8vXS5qv6pP","privKey":"yP19nhQ5RjHS19T7MsvKyRX8Qo6+/JN6Gz8SzOwoWGg="},"lastRemoteEphemeralKey":"Bcl23LGOsgPRY/3CkeF3j+GTJ4mab6SdRvv2HWXS4yEo","previousCounter":0,"rootKey":"hVtFjGEb3yBD+IRBxggD/NibC2ISz6Xy05vJW+Yi/hg="},"indexInfo":{"baseKey":"BWam4vPBneXYpniN161Vic49MtyPJgOyOTDM/SbFVWtq","baseKeyType":1,"closed":1690547580813,"used":1690547576549,"created":1690547576549,"remoteIdentityKey":"BS4tL8ekJG/btG0Fpoo8kqlacsZnL78eo2YBrq5kKwZh"},"_chains":{"BR9slz+hWa+6X21/jfrBO9isJw658Na4EL8vXS5qv6pP":{"chainKey":{"counter":0,"key":"0ZWjKITiEltxTofpW1G+agMfjwmXEqOy4tqQfze2GHY="},"chainType":1,"messageKeys":{}}},"pendingPreKey":{"signedKeyId":1,"baseKey":"BWam4vPBneXYpniN161Vic49MtyPJgOyOTDM/SbFVWtq"}},"Bf2WpHtWIH57p0i4lKqQIgTMmVX9izpInhAqV9/F+bQi":{"registrationId":239,"currentRatchet":{"ephemeralKeyPair":{"pubKey":"BXeIvmMn99riVkCBRVEUrJENshSVCnhQf9GchM3VvdQK","privKey":"EHRDrX/PUK8BRN/z7hZoSqrwrnIzSggHFPD57ByK4EY="},"lastRemoteEphemeralKey":"Bcl23LGOsgPRY/3CkeF3j+GTJ4mab6SdRvv2HWXS4yEo","previousCounter":0,"rootKey":"Xu+GDDzhniLxvXkAs3g0XZDkU7oYX8gmOG1aG7OI33E="},"indexInfo":{"baseKey":"Bf2WpHtWIH57p0i4lKqQIgTMmVX9izpInhAqV9/F+bQi","baseKeyType":1,"closed":1690547586775,"used":1690547580789,"created":1690547580789,"remoteIdentityKey":"BS4tL8ekJG/btG0Fpoo8kqlacsZnL78eo2YBrq5kKwZh"},"_chains":{"BXeIvmMn99riVkCBRVEUrJENshSVCnhQf9GchM3VvdQK":{"chainKey":{"counter":0,"key":"phvpEzWARpKQbqtCbVyvzqq39QS3ZGugAtVFpI7RWsQ="},"chainType":1,"messageKeys":{}}},"pendingPreKey":{"signedKeyId":1,"baseKey":"Bf2WpHtWIH57p0i4lKqQIgTMmVX9izpInhAqV9/F+bQi"}},"BUI9eLiFv0edbR6kfQ3JqbUDqSkna6M3A6zXojDMeKIc":{"registrationId":239,"currentRatchet":{"ephemeralKeyPair":{"pubKey":"Bam5afCsvcIkYrORTD8lHeDsDuPzDIMYhqmk3jZdFBB/","privKey":"eEqsZ++EFNPmyLLiaGN9YR7LNUQN54YR1fvmCxAoqEs="},"lastRemoteEphemeralKey":"Bcl23LGOsgPRY/3CkeF3j+GTJ4mab6SdRvv2HWXS4yEo","previousCounter":0,"rootKey":"oQgfL0LNkqjD+c7CHglcTscgJ3Ecswh25IOG6OhGByY="},"indexInfo":{"baseKey":"BUI9eLiFv0edbR6kfQ3JqbUDqSkna6M3A6zXojDMeKIc","baseKeyType":1,"closed":1690547589642,"used":1690547586752,"created":1690547586752,"remoteIdentityKey":"BS4tL8ekJG/btG0Fpoo8kqlacsZnL78eo2YBrq5kKwZh"},"_chains":{"Bam5afCsvcIkYrORTD8lHeDsDuPzDIMYhqmk3jZdFBB/":{"chainKey":{"counter":0,"key":"iXzBj7d/toisrBsGfzCXag7OVIAjKAzAjlld3+GoHKg="},"chainType":1,"messageKeys":{}}},"pendingPreKey":{"signedKeyId":1,"baseKey":"BUI9eLiFv0edbR6kfQ3JqbUDqSkna6M3A6zXojDMeKIc"}},"BZ18QYhs871qOLY0+FpOdifp4xNwezvalbeRMntU8nwI":{"registrationId":239,"currentRatchet":{"ephemeralKeyPair":{"pubKey":"BYoAJfBuDo3VvmlTyTt+MtjOzB2prcopFO1dBgg43Hwm","privKey":"cDO9G9aej2uioga049MDSVFpaczIqy4E7tYKYOpjcHY="},"lastRemoteEphemeralKey":"Bcl23LGOsgPRY/3CkeF3j+GTJ4mab6SdRvv2HWXS4yEo","previousCounter":0,"rootKey":"VX2cwM+PgiJJGuQpPApVAFlFkUcRqjDTYAmi/9cbI+0="},"indexInfo":{"baseKey":"BZ18QYhs871qOLY0+FpOdifp4xNwezvalbeRMntU8nwI","baseKeyType":1,"closed":1690547592275,"used":1690547589608,"created":1690547589608,"remoteIdentityKey":"BS4tL8ekJG/btG0Fpoo8kqlacsZnL78eo2YBrq5kKwZh"},"_chains":{"BYoAJfBuDo3VvmlTyTt+MtjOzB2prcopFO1dBgg43Hwm":{"chainKey":{"counter":0,"key":"BCu7JMkiOCzQkPkhSqnWhswMY14NTYbELp7a7655Frc="},"chainType":1,"messageKeys":{}}},"pendingPreKey":{"signedKeyId":1,"baseKey":"BZ18QYhs871qOLY0+FpOdifp4xNwezvalbeRMntU8nwI"}},"BeggJLc/s3Xm+caKXof8hAxZp87Yva6Xp6Hgh9ClhSsD":{"registrationId":239,"currentRatchet":{"ephemeralKeyPair":{"pubKey":"Bc2GHzOuyQk5TlKhAZh0NcqyNCc4kwR34ovXQWbiY54h","privKey":"4NjSsbTCCxorP/DJuQqiO9dSAo1qh88RqAIuyh2G4FM="},"lastRemoteEphemeralKey":"Bcl23LGOsgPRY/3CkeF3j+GTJ4mab6SdRvv2HWXS4yEo","previousCounter":0,"rootKey":"RhPYxDMsdpojJl/i6ll7kLiiI2Se8tWZ8jjNMEVYcpE="},"indexInfo":{"baseKey":"BeggJLc/s3Xm+caKXof8hAxZp87Yva6Xp6Hgh9ClhSsD","baseKeyType":1,"closed":1690548131605,"used":1690547592220,"created":1690547592220,"remoteIdentityKey":"BS4tL8ekJG/btG0Fpoo8kqlacsZnL78eo2YBrq5kKwZh"},"_chains":{"Bc2GHzOuyQk5TlKhAZh0NcqyNCc4kwR34ovXQWbiY54h":{"chainKey":{"counter":25,"key":"q0dchegsgzaHzBQWETOqnK0A5NZ6TCdsaGPop4Y6zxk="},"chainType":1,"messageKeys":{}}},"pendingPreKey":{"signedKeyId":1,"baseKey":"BeggJLc/s3Xm+caKXof8hAxZp87Yva6Xp6Hgh9ClhSsD"}},"BaueTm1HbFEq6fTNnnuDaNvZd4sr+0MwpMgm4rFPoJds":{"registrationId":239,"currentRatchet":{"ephemeralKeyPair":{"pubKey":"BYst2D2LcLW7yK8ItbGG7puwgs2saisp6kA2waRxZ3Ja","privKey":"2I5kOIRS4dYTx+Zlxy630DBl3NzPuQKoUAyhMFvx4Hk="},"lastRemoteEphemeralKey":"Bcl23LGOsgPRY/3CkeF3j+GTJ4mab6SdRvv2HWXS4yEo","previousCounter":0,"rootKey":"PsxawgtMCfEO83fUxG68wxz03FT5YHaXZsI2wpPLjsg="},"indexInfo":{"baseKey":"BaueTm1HbFEq6fTNnnuDaNvZd4sr+0MwpMgm4rFPoJds","baseKeyType":1,"closed":1690548133623,"used":1690548131587,"created":1690548131587,"remoteIdentityKey":"BS4tL8ekJG/btG0Fpoo8kqlacsZnL78eo2YBrq5kKwZh"},"_chains":{"BYst2D2LcLW7yK8ItbGG7puwgs2saisp6kA2waRxZ3Ja":{"chainKey":{"counter":0,"key":"X6jpMjV2GvQAeAmJq+GZ+NijaHNO+F/1pTHq/e5BENU="},"chainType":1,"messageKeys":{}}},"pendingPreKey":{"signedKeyId":1,"baseKey":"BaueTm1HbFEq6fTNnnuDaNvZd4sr+0MwpMgm4rFPoJds","preKeyId":459}},"Bc/Kafpx0rU+FEd5PItaOWW0lMRrHR7IxCDWTYbX5XEC":{"registrationId":239,"currentRatchet":{"ephemeralKeyPair":{"pubKey":"BZ7fqZNSaKuLSo/zlu+pRt0phxq9lQrRTFuirsLLQksv","privKey":"SL48KlaHZXdabEOM9xaEHAE4tB8tweHmP699fSik2EU="},"lastRemoteEphemeralKey":"Bcl23LGOsgPRY/3CkeF3j+GTJ4mab6SdRvv2HWXS4yEo","previousCounter":0,"rootKey":"y2tPH+IdnaQw8Jf755CIMvFAmCGtyBqYkArCSHMtCWk="},"indexInfo":{"baseKey":"Bc/Kafpx0rU+FEd5PItaOWW0lMRrHR7IxCDWTYbX5XEC","baseKeyType":1,"closed":1690548134665,"used":1690548133597,"created":1690548133597,"remoteIdentityKey":"BS4tL8ekJG/btG0Fpoo8kqlacsZnL78eo2YBrq5kKwZh"},"_chains":{"BZ7fqZNSaKuLSo/zlu+pRt0phxq9lQrRTFuirsLLQksv":{"chainKey":{"counter":0,"key":"EjAwryCPyzw3yXKsr8eukJjrsTLO597MeNYy1Nt1hJc="},"chainType":1,"messageKeys":{}}},"pendingPreKey":{"signedKeyId":1,"baseKey":"Bc/Kafpx0rU+FEd5PItaOWW0lMRrHR7IxCDWTYbX5XEC","preKeyId":480}},"BR5avuTTD1w9huLxz/w8V3Gihg3hqRignZlSbrTGCRt4":{"registrationId":239,"currentRatchet":{"ephemeralKeyPair":{"pubKey":"BcjXQEhYurtI9OgVov8SntVaLchyRBYtVuMbqD4MQXNp","privKey":"qJrUXvXIg6aiZysbLURB6bXNM/P0jLkgxXc/PXjJMVg="},"lastRemoteEphemeralKey":"Bcl23LGOsgPRY/3CkeF3j+GTJ4mab6SdRvv2HWXS4yEo","previousCounter":0,"rootKey":"gFmiHaduyYPuADnqdB4lLjbSo/wjdREzKUU2IKP0MJk="},"indexInfo":{"baseKey":"BR5avuTTD1w9huLxz/w8V3Gihg3hqRignZlSbrTGCRt4","baseKeyType":1,"closed":1690548140672,"used":1690548134642,"created":1690548134642,"remoteIdentityKey":"BS4tL8ekJG/btG0Fpoo8kqlacsZnL78eo2YBrq5kKwZh"},"_chains":{"BcjXQEhYurtI9OgVov8SntVaLchyRBYtVuMbqD4MQXNp":{"chainKey":{"counter":1,"key":"PwG2FqlVrs6qUBBUlmT4vMfjWRmyE+JLWCUNCW5jKLs="},"chainType":1,"messageKeys":{}}},"pendingPreKey":{"signedKeyId":1,"baseKey":"BR5avuTTD1w9huLxz/w8V3Gihg3hqRignZlSbrTGCRt4","preKeyId":476}},"BaqxuXKRbRAn9KrUQZER5jpWYe64OQZN0w8YGwTDUpJZ":{"registrationId":239,"currentRatchet":{"ephemeralKeyPair":{"pubKey":"BWEaKD0oQWlQ8AjwSqp4aKr/mdnjSJq7vgXT+YPFG/pg","privKey":"uCSWTgEnHE/0pESvneA3Q3Q7C+k4w6ypdu21bpaU3Fs="},"lastRemoteEphemeralKey":"Bcl23LGOsgPRY/3CkeF3j+GTJ4mab6SdRvv2HWXS4yEo","previousCounter":0,"rootKey":"qk7v5HT7OmvVQnsiun97iemoNux62enIQSVu6d7pVNc="},"indexInfo":{"baseKey":"BaqxuXKRbRAn9KrUQZER5jpWYe64OQZN0w8YGwTDUpJZ","baseKeyType":1,"closed":1690548141715,"used":1690548140626,"created":1690548140626,"remoteIdentityKey":"BS4tL8ekJG/btG0Fpoo8kqlacsZnL78eo2YBrq5kKwZh"},"_chains":{"BWEaKD0oQWlQ8AjwSqp4aKr/mdnjSJq7vgXT+YPFG/pg":{"chainKey":{"counter":0,"key":"f9gxcuHSBHbnD+YMMJPOfqcIHt4W2E4mCHCr+EVEd9g="},"chainType":1,"messageKeys":{}}},"pendingPreKey":{"signedKeyId":1,"baseKey":"BaqxuXKRbRAn9KrUQZER5jpWYe64OQZN0w8YGwTDUpJZ","preKeyId":457}},"BYnN7Q/AFuvwhnUlWIk8T2PeMdKByGeyUDwF5vHdw20F":{"registrationId":239,"currentRatchet":{"ephemeralKeyPair":{"pubKey":"BZlEQv3hEp16mt9CyVKGoTmFkELRmhp9it7fOAjzC9lo","privKey":"uL1GgMbKjws+iURhdFdOLjKSNWW82cxFxum/dcv5hV8="},"lastRemoteEphemeralKey":"Bcl23LGOsgPRY/3CkeF3j+GTJ4mab6SdRvv2HWXS4yEo","previousCounter":0,"rootKey":"Lx1wzewVBpve+q2suAf51bQUUtozOEFiuT0bl8d4sxk="},"indexInfo":{"baseKey":"BYnN7Q/AFuvwhnUlWIk8T2PeMdKByGeyUDwF5vHdw20F","baseKeyType":1,"closed":1690548146131,"used":1690548141695,"created":1690548141695,"remoteIdentityKey":"BS4tL8ekJG/btG0Fpoo8kqlacsZnL78eo2YBrq5kKwZh"},"_chains":{"BZlEQv3hEp16mt9CyVKGoTmFkELRmhp9it7fOAjzC9lo":{"chainKey":{"counter":1,"key":"PylVYOXGTWNV/RA+xDbv+jP0gVI1cr+0oJxIwioPf6c="},"chainType":1,"messageKeys":{}}},"pendingPreKey":{"signedKeyId":1,"baseKey":"BYnN7Q/AFuvwhnUlWIk8T2PeMdKByGeyUDwF5vHdw20F","preKeyId":481}},"BfB8Rs24uQUgMwpWxbV3MpcWixOzogdWIJXT497gR2BA":{"registrationId":239,"currentRatchet":{"ephemeralKeyPair":{"pubKey":"BQrkKPKLUdVw5X64mhsLjkm2mUkQHOBKnFTqV9ZDVcp0","privKey":"sLBYJVPJNV6mDAqn8WZSuoLgbG06jRu3Cmm8M8GtJ2c="},"lastRemoteEphemeralKey":"Bcl23LGOsgPRY/3CkeF3j+GTJ4mab6SdRvv2HWXS4yEo","previousCounter":0,"rootKey":"ZNRA/a9xyGWmiKnQ4MZAfPrusiWGh3/fVNtSA91abt8="},"indexInfo":{"baseKey":"BfB8Rs24uQUgMwpWxbV3MpcWixOzogdWIJXT497gR2BA","baseKeyType":1,"closed":1690548147215,"used":1690548146110,"created":1690548146110,"remoteIdentityKey":"BS4tL8ekJG/btG0Fpoo8kqlacsZnL78eo2YBrq5kKwZh"},"_chains":{"BQrkKPKLUdVw5X64mhsLjkm2mUkQHOBKnFTqV9ZDVcp0":{"chainKey":{"counter":0,"key":"k0bX9ZqoimHL5rHWZm/CVOofn8q3zdR5SlhAUWWSqEI="},"chainType":1,"messageKeys":{}}},"pendingPreKey":{"signedKeyId":1,"baseKey":"BfB8Rs24uQUgMwpWxbV3MpcWixOzogdWIJXT497gR2BA","preKeyId":465}},"BRtstMOYIcoGb4+e4eTNqBJk4c4D3mZcDxxkaoN23Gwy":{"registrationId":239,"currentRatchet":{"ephemeralKeyPair":{"pubKey":"BTikAq51JJMbb8KupLHmG3xkY8lzIH2x9UR+hxYFVnxQ","privKey":"0GwqfK3H53T7XrjWWPKS+woxZbzZGHsLnWmYk6q4WWA="},"lastRemoteEphemeralKey":"Bcl23LGOsgPRY/3CkeF3j+GTJ4mab6SdRvv2HWXS4yEo","previousCounter":0,"rootKey":"q3qwHCxhD7Q6sMz+P4j0BIT1/UOB3EDtezb4LUgaePc="},"indexInfo":{"baseKey":"BRtstMOYIcoGb4+e4eTNqBJk4c4D3mZcDxxkaoN23Gwy","baseKeyType":1,"closed":1690548148219,"used":1690548147187,"created":1690548147187,"remoteIdentityKey":"BS4tL8ekJG/btG0Fpoo8kqlacsZnL78eo2YBrq5kKwZh"},"_chains":{"BTikAq51JJMbb8KupLHmG3xkY8lzIH2x9UR+hxYFVnxQ":{"chainKey":{"counter":0,"key":"PKGXaQ9MdKgZUf+Y1zBcPSkth0HWd6ey25l+wLs93ss="},"chainType":1,"messageKeys":{}}},"pendingPreKey":{"signedKeyId":1,"baseKey":"BRtstMOYIcoGb4+e4eTNqBJk4c4D3mZcDxxkaoN23Gwy","preKeyId":462}},"BbcTLDRCVsL1Us5NTp+PjF+Xuc8AY5Dh6acQ+zXSBeF6":{"registrationId":239,"currentRatchet":{"ephemeralKeyPair":{"pubKey":"BWhGI83ob5KxD2Sd/egkc6vIRXxW8INRowOTDWqL9R5d","privKey":"mM1RBBpL8irhH6jhkSSue0AAKFVs3ega9FsimOh7Yn8="},"lastRemoteEphemeralKey":"Bcl23LGOsgPRY/3CkeF3j+GTJ4mab6SdRvv2HWXS4yEo","previousCounter":0,"rootKey":"x3cj4ZuEjROKVj+/8Q7aUaFcn/YdibhegF2HDqW7EsQ="},"indexInfo":{"baseKey":"BbcTLDRCVsL1Us5NTp+PjF+Xuc8AY5Dh6acQ+zXSBeF6","baseKeyType":1,"closed":1690548149242,"used":1690548148196,"created":1690548148196,"remoteIdentityKey":"BS4tL8ekJG/btG0Fpoo8kqlacsZnL78eo2YBrq5kKwZh"},"_chains":{"BWhGI83ob5KxD2Sd/egkc6vIRXxW8INRowOTDWqL9R5d":{"chainKey":{"counter":0,"key":"rTzrkadP5VG6E3IdIQX34PzMNzcGPJMtLW6AQcS/CRQ="},"chainType":1,"messageKeys":{}}},"pendingPreKey":{"signedKeyId":1,"baseKey":"BbcTLDRCVsL1Us5NTp+PjF+Xuc8AY5Dh6acQ+zXSBeF6","preKeyId":455}},"BUhw/9aVvGsto0gGlBV2bTF09u3llRUW6oa9UxSm9U4C":{"registrationId":239,"currentRatchet":{"ephemeralKeyPair":{"pubKey":"BVjiiUyF+Th4hPFhNgKKfLsfT99AXLc4nMycZiwzJkxy","privKey":"cN4p45pksVB4KM2rYZNPZ6TLsuSFXqZkJ7X0Tk2pgWA="},"lastRemoteEphemeralKey":"Bcl23LGOsgPRY/3CkeF3j+GTJ4mab6SdRvv2HWXS4yEo","previousCounter":0,"rootKey":"Ch2omA1Jd/ZaK8jfmazLO3QwZo9eAqGjpK/uR+wiY44="},"indexInfo":{"baseKey":"BUhw/9aVvGsto0gGlBV2bTF09u3llRUW6oa9UxSm9U4C","baseKeyType":1,"closed":1690548150303,"used":1690548149217,"created":1690548149217,"remoteIdentityKey":"BS4tL8ekJG/btG0Fpoo8kqlacsZnL78eo2YBrq5kKwZh"},"_chains":{"BVjiiUyF+Th4hPFhNgKKfLsfT99AXLc4nMycZiwzJkxy":{"chainKey":{"counter":0,"key":"mXqUHUI6HbhOC6nxEiOuVzpIHb6aA0eXoew5vQFwQ+A="},"chainType":1,"messageKeys":{}}},"pendingPreKey":{"signedKeyId":1,"baseKey":"BUhw/9aVvGsto0gGlBV2bTF09u3llRUW6oa9UxSm9U4C","preKeyId":466}},"BUGPhgT2BP9760iTTXd3RBiFdDBBfuitOe62amVIyRQj":{"registrationId":239,"currentRatchet":{"ephemeralKeyPair":{"pubKey":"BTsueHhIQ4tsfGqRa9uahdGx0qbukW7FRGUmUHR4QGVu","privKey":"SFuGJUFOkria00F3a1lAT8eRX2WwQh6fQWSkskGyD0o="},"lastRemoteEphemeralKey":"Bcl23LGOsgPRY/3CkeF3j+GTJ4mab6SdRvv2HWXS4yEo","previousCounter":0,"rootKey":"E94INN+008dPBX/FqvOglj5aC0rWWjxukUPubyNd5fs="},"indexInfo":{"baseKey":"BUGPhgT2BP9760iTTXd3RBiFdDBBfuitOe62amVIyRQj","baseKeyType":1,"closed":1690548151268,"used":1690548150277,"created":1690548150277,"remoteIdentityKey":"BS4tL8ekJG/btG0Fpoo8kqlacsZnL78eo2YBrq5kKwZh"},"_chains":{"BTsueHhIQ4tsfGqRa9uahdGx0qbukW7FRGUmUHR4QGVu":{"chainKey":{"counter":0,"key":"bsqcPmSt3CsKqQ81tofynGLbCzxIajvmAVq90bdE8Z4="},"chainType":1,"messageKeys":{}}},"pendingPreKey":{"signedKeyId":1,"baseKey":"BUGPhgT2BP9760iTTXd3RBiFdDBBfuitOe62amVIyRQj","preKeyId":478}},"BRFXJgNR+/vCKP1B7eYNr1J7x++S56eZEssfXC+dD540":{"registrationId":239,"currentRatchet":{"ephemeralKeyPair":{"pubKey":"BY7gjtJ/JjEuXMNhBgdx4SmJgUQuXysDm1MFEHHbhOhS","privKey":"gDgj5B9y2Z7j6yVGhQQI9N2x4W5nH9eRYfEdD8UTu3Y="},"lastRemoteEphemeralKey":"Bcl23LGOsgPRY/3CkeF3j+GTJ4mab6SdRvv2HWXS4yEo","previousCounter":0,"rootKey":"3mZ0djCU6D2cr7oZ4sPtOLu3h7nmRhWl/pOf0O9egP8="},"indexInfo":{"baseKey":"BRFXJgNR+/vCKP1B7eYNr1J7x++S56eZEssfXC+dD540","baseKeyType":1,"closed":-1,"used":1690548151229,"created":1690548151229,"remoteIdentityKey":"BS4tL8ekJG/btG0Fpoo8kqlacsZnL78eo2YBrq5kKwZh"},"_chains":{"BY7gjtJ/JjEuXMNhBgdx4SmJgUQuXysDm1MFEHHbhOhS":{"chainKey":{"counter":29,"key":"8nml4r50KqZL3Mn/fiesnKGX2QcrCXjLRCahX6oAwEQ="},"chainType":1,"messageKeys":{}}},"pendingPreKey":{"signedKeyId":1,"baseKey":"BRFXJgNR+/vCKP1B7eYNr1J7x++S56eZEssfXC+dD540","preKeyId":472}}},"version":"v1"}