{"_sessions":{"BTXherxUebqzRS4INtlf8s/SSTv08xR1PMpJosNejpEX":{"registrationId":574770240,"currentRatchet":{"ephemeralKeyPair":{"pubKey":"BbZKUOz8pVUD+si+O4ee7bfrJGJVgesSqcnBANliVyAu","privKey":"iJ88AW+aFrA4LKiLbzLKXxe6LgzbM+eVOlr2SqUdUFw="},"lastRemoteEphemeralKey":"BWTEc1zn/mFisp2QVaoGtGwfpn4lljo0RL0awkKa7P0/","previousCounter":0,"rootKey":"yky4xqWC+5pvKC+i7s+ZYysj4AlhO56wREhAJu6QH8Y="},"indexInfo":{"baseKey":"BTXherxUebqzRS4INtlf8s/SSTv08xR1PMpJosNejpEX","baseKeyType":1,"closed":-1,"used":1690512845888,"created":1690512845888,"remoteIdentityKey":"Ba5vLHXMeeGDEmWuCCN2eARANMb4bUm+V2qsY6IJTJxW"},"_chains":{"BbZKUOz8pVUD+si+O4ee7bfrJGJVgesSqcnBANliVyAu":{"chainKey":{"counter":2,"key":"vvsX+qdb+mf3J2rcyb7ELGKovVjSxBpb3Bdv9pnMtLY="},"chainType":1,"messageKeys":{}}},"pendingPreKey":{"signedKeyId":1,"baseKey":"BTXherxUebqzRS4INtlf8s/SSTv08xR1PMpJosNejpEX","preKeyId":13781513}}},"version":"v1"}