{"_sessions":{"BeCN6FBMiCmCYe5bJakRW9Qjq2hA0SR6IGWX/9BNYYJi":{"registrationId":202,"currentRatchet":{"ephemeralKeyPair":{"pubKey":"Ba/hMeB5upPtjY1txBhbBqsLzguQD0HV+PK9K3m+Egc3","privKey":"4GWHRA/qLnoat+WwBS3Mr54JNfSk6m0hofnoic2ECHg="},"lastRemoteEphemeralKey":"BS1qTK8GudHVdJNTh8Ud38/MYz8chQ5AkohLYim+ILJt","previousCounter":0,"rootKey":"safmzkc7Q0DFIw4941mO7tKWUxgMyZbyv0MGNH0yKTI="},"indexInfo":{"baseKey":"BeCN6FBMiCmCYe5bJakRW9Qjq2hA0SR6IGWX/9BNYYJi","baseKeyType":1,"closed":-1,"used":1690523854893,"created":1690523854893,"remoteIdentityKey":"BYLbyvQk9Uh5MOgk8Ogxx6WvlIeH28MAv7ocJ8MBgGY6"},"_chains":{"Ba/hMeB5upPtjY1txBhbBqsLzguQD0HV+PK9K3m+Egc3":{"chainKey":{"counter":197,"key":"jH+m1jmQ38cZ4xKIOlBcdIXZeH2m63HzW4hZFjbjFrc="},"chainType":1,"messageKeys":{}}},"pendingPreKey":{"signedKeyId":1,"baseKey":"BeCN6FBMiCmCYe5bJakRW9Qjq2hA0SR6IGWX/9BNYYJi"}}},"version":"v1"}