{"_sessions":{"BTdrWk7NNh3umeJ9lUBG0v3wqGKm3pbR0o3MIg+BdyJj":{"registrationId":1223626603,"currentRatchet":{"ephemeralKeyPair":{"pubKey":"BT1Udc/5Z6oLQMV+78E9vCLAu7z+WAZhCDKYC9A1THBa","privKey":"KAVmxAyDy+vXzNIDd+K2pxqQ3baSu3FDjX6OpGgRU2U="},"lastRemoteEphemeralKey":"BVcTeScI71/l7W4XT000igfXA/9/aKsiyp2JP0f8qPRj","previousCounter":0,"rootKey":"aWFqXIICnYmu0fTkjF1Y7gLzAPVfyCuya0mwyKuPHdw="},"indexInfo":{"baseKey":"BTdrWk7NNh3umeJ9lUBG0v3wqGKm3pbR0o3MIg+BdyJj","baseKeyType":1,"closed":-1,"used":1690526903575,"created":1690526903575,"remoteIdentityKey":"BX0fIphDC8qHXTJ2rcUXtUPAzscccwNDyaQqSoh5jUhX"},"_chains":{"BT1Udc/5Z6oLQMV+78E9vCLAu7z+WAZhCDKYC9A1THBa":{"chainKey":{"counter":11,"key":"PNJMe+OAtjn+dIlVww5HofzlU8BDp6jGDG9aLVhLeXk="},"chainType":1,"messageKeys":{}}},"pendingPreKey":{"signedKeyId":0,"baseKey":"BTdrWk7NNh3umeJ9lUBG0v3wqGKm3pbR0o3MIg+BdyJj","preKeyId":14183489}}},"version":"v1"}