{"_sessions":{"BW3Ld/tcLpN9Y2YTy4+toXDGGpU1bbp0jN+e8TMpFzts":{"registrationId":369258824,"currentRatchet":{"ephemeralKeyPair":{"pubKey":"BQabEuhb6wxdQw8AvUldlBhLjS1f9RQYF+9Ta9bCYwBh","privKey":"KOqGrigdhMPiag95vkDDeF3oDfOl+n0IKnLo2U/Cgkk="},"lastRemoteEphemeralKey":"BbHxRNgFsirNrGEEHNbPqGLDpG7RjG0lWfdenF+JA29+","previousCounter":0,"rootKey":"Oa4hKQ43OABOOdD79yYZjWT9uQmNg/shs7/w0ZNN+N0="},"indexInfo":{"baseKey":"BW3Ld/tcLpN9Y2YTy4+toXDGGpU1bbp0jN+e8TMpFzts","baseKeyType":1,"closed":-1,"used":1690512846877,"created":1690512846877,"remoteIdentityKey":"Bf0Mk0uBTnJh4+KlbmlV4NASbJa/7iYB9Sx258U6Ut9B"},"_chains":{"BQabEuhb6wxdQw8AvUldlBhLjS1f9RQYF+9Ta9bCYwBh":{"chainKey":{"counter":2,"key":"Y7Yqw/tmpEvkQxephWQxWeZXsASIMVC+0eUCGo2MzhQ="},"chainType":1,"messageKeys":{}}},"pendingPreKey":{"signedKeyId":26,"baseKey":"BW3Ld/tcLpN9Y2YTy4+toXDGGpU1bbp0jN+e8TMpFzts","preKeyId":16569819}}},"version":"v1"}