{"_sessions":{"BZmk2pK381mEDLfziCO82nRyDumKzSihf1mlo24ydWM/":{"registrationId":1346074722,"currentRatchet":{"ephemeralKeyPair":{"pubKey":"BcGgKpTJVLBlpdfYYJnLu1ajWOC8MpjKZYh9sVUmaA8E","privKey":"sBmdoukSVZgyhyF0oCE03xCRkYg9LxwElYSTlr98Al0="},"lastRemoteEphemeralKey":"BV0O/x8fWxwg+pHu3SEBcVB64e9m9JaJ78aIybbeQsps","previousCounter":0,"rootKey":"QmwQ0XS407qYAXS1Wzqm9LW0fh1cRiRET1GvP2jVIWM="},"indexInfo":{"baseKey":"BZmk2pK381mEDLfziCO82nRyDumKzSihf1mlo24ydWM/","baseKeyType":1,"closed":-1,"used":1690523856393,"created":1690523856393,"remoteIdentityKey":"Bc5CAK/d2GIpAYmjgk2qBh9lv3Jp1OUWAcxkNGDWFQcN"},"_chains":{"BcGgKpTJVLBlpdfYYJnLu1ajWOC8MpjKZYh9sVUmaA8E":{"chainKey":{"counter":197,"key":"Q4igq9zNXPmMD35HJo3tI12utTGskGfwFYGcjVEru2k="},"chainType":1,"messageKeys":{}}},"pendingPreKey":{"signedKeyId":0,"baseKey":"BZmk2pK381mEDLfziCO82nRyDumKzSihf1mlo24ydWM/","preKeyId":10200697}}},"version":"v1"}