{"_sessions":{"BTisgoH2fBBi6hA6N2JKeDFv6nm6/VPGvaeiqhF5Ak4P":{"registrationId":107829522,"currentRatchet":{"ephemeralKeyPair":{"pubKey":"BWwLgh4cOZ0jitBq4swu++n8254JYO9WBKG4kMbmVHZD","privKey":"oOOfNnsk7uz4T1qBpJQvj2eBbPrMDG+h7U50MFdLPUg="},"lastRemoteEphemeralKey":"BWnjz3f63fgMnxvOkWR1K8FvcBgrbTnF0FHC7qy/7sxp","previousCounter":0,"rootKey":"zIHoZVBT/qkHiyPA0aS/TQk/U/9al65+liRKkFjbheQ="},"indexInfo":{"baseKey":"BTisgoH2fBBi6hA6N2JKeDFv6nm6/VPGvaeiqhF5Ak4P","baseKeyType":1,"closed":-1,"used":1690523857982,"created":1690523857982,"remoteIdentityKey":"BZBzdVRET9F/FxvG6OhbWP4DKUT7YDBMvrz2BKkf0kgH"},"_chains":{"BWwLgh4cOZ0jitBq4swu++n8254JYO9WBKG4kMbmVHZD":{"chainKey":{"counter":45,"key":"8WzoDkqgCQgn4a4Yser/416pmNwxJP88GdsBNVifC2Q="},"chainType":1,"messageKeys":{}}},"pendingPreKey":{"signedKeyId":0,"baseKey":"BTisgoH2fBBi6hA6N2JKeDFv6nm6/VPGvaeiqhF5Ak4P","preKeyId":2109804}}},"version":"v1"}