{"_sessions":{"BSINSF8ieHGRL/WCDQdNXXOb/JQk9VpTTDxvwnSmSZY0":{"registrationId":1763488966,"currentRatchet":{"ephemeralKeyPair":{"pubKey":"BcbzPTmbSfm0honvtwYdEH5PgGaLrsytR/AOXxLDk8cL","privKey":"gAjwSGw8Yqq/RP46EhCa1DnZrwnWl2hAFIrVtW7By3Y="},"lastRemoteEphemeralKey":"BWquD2DY0OdxD7ogvE/Gxov0dOV5VySAp1aA8vvEsegC","previousCounter":0,"rootKey":"nsDki07fr3SUSlqW3tnUPoT5KMtengaI7i+EuhVfywE="},"indexInfo":{"baseKey":"BSINSF8ieHGRL/WCDQdNXXOb/JQk9VpTTDxvwnSmSZY0","baseKeyType":1,"closed":-1,"used":1690523855990,"created":1690523855990,"remoteIdentityKey":"BY7FshMe44Z1DssNA9VTCo+1OHWRpg5wnnJ0wkypOkoc"},"_chains":{"BcbzPTmbSfm0honvtwYdEH5PgGaLrsytR/AOXxLDk8cL":{"chainKey":{"counter":197,"key":"oc2lA1SxnOiJ+q93tC9Wxg1RaBBE9aS1SXG+4dtoYo0="},"chainType":1,"messageKeys":{}}},"pendingPreKey":{"signedKeyId":1,"baseKey":"BSINSF8ieHGRL/WCDQdNXXOb/JQk9VpTTDxvwnSmSZY0","preKeyId":11083024}}},"version":"v1"}