{"_sessions":{"Bb0lsIlqRAyCBxCnOhUnddenohxJUR+DKsTOtKH71MZ+":{"registrationId":19,"currentRatchet":{"ephemeralKeyPair":{"pubKey":"BYGMKeBkX6smp1rE583YGQ8cTm6ULwx8am+pf0IIZ4h9","privKey":"kKaV6nuVBgjI0g1WG1Xw05WAVRAx8nigmBK8u1kYOmA="},"lastRemoteEphemeralKey":"BZseQBEmPzQpqqZYaQ0ELEMen5lpy77SH+ePL/ngT4Jx","previousCounter":0,"rootKey":"QNF+LZlYJoeELWN4I1VzvkzuvOvUf1MLjEO3mbGaT4o="},"indexInfo":{"baseKey":"Bb0lsIlqRAyCBxCnOhUnddenohxJUR+DKsTOtKH71MZ+","baseKeyType":1,"closed":-1,"used":1690523855510,"created":1690523855510,"remoteIdentityKey":"BW8c+YfdJqKZyTNWBNzMM63eZTpnRz2KR8sqadPkashj"},"_chains":{"BYGMKeBkX6smp1rE583YGQ8cTm6ULwx8am+pf0IIZ4h9":{"chainKey":{"counter":197,"key":"H4B2zULU2rf6cV918dQbKDdYCBbNtPwB5ZYfMKu1xCU="},"chainType":1,"messageKeys":{}}},"pendingPreKey":{"signedKeyId":1,"baseKey":"Bb0lsIlqRAyCBxCnOhUnddenohxJUR+DKsTOtKH71MZ+"}}},"version":"v1"}