{"_sessions":{"BVDvByoxPTzhiIcpgv+XgIkHnosS7B8lJBtIASpzYdAq":{"registrationId":1107622247,"currentRatchet":{"ephemeralKeyPair":{"pubKey":"Bb0cP4fsWxIQJDT4mnQam0wP8RAvfc2rAMd1ic/PKB9D","privKey":"gMIMOj0j2sQCi6dAY+OZC1rJZKscSVRL3y8QL/mE/Fk="},"lastRemoteEphemeralKey":"BTxxaqAXOnxna0zJ08D8UJW1hM8nOvHUljnhOGa7DH9g","previousCounter":0,"rootKey":"gyO3jxMhwOSdhXJqdqhTY/8KhxO+993foetHHzEH1vA="},"indexInfo":{"baseKey":"BVDvByoxPTzhiIcpgv+XgIkHnosS7B8lJBtIASpzYdAq","baseKeyType":1,"closed":-1,"used":1690512845992,"created":1690512845992,"remoteIdentityKey":"Ba0WEYkcBVC6tiyBZBvvQGk6VBMzk2x5q2a5EVlSlfZ+"},"_chains":{"Bb0cP4fsWxIQJDT4mnQam0wP8RAvfc2rAMd1ic/PKB9D":{"chainKey":{"counter":2,"key":"ML3tOnNKnvveg4J4Ryz4+AcRgA76mOhwf3jPshujJtw="},"chainType":1,"messageKeys":{}}},"pendingPreKey":{"signedKeyId":0,"baseKey":"BVDvByoxPTzhiIcpgv+XgIkHnosS7B8lJBtIASpzYdAq","preKeyId":11493079}}},"version":"v1"}