{"_sessions":{"Bc7++Puc+AYq2NqBry7N+TRGSbnipZHw2/5EMObJ42QI":{"registrationId":1034912643,"currentRatchet":{"ephemeralKeyPair":{"pubKey":"BTyDrGTyiJ2dUvt84F2EFmNRugh8kjFuCZ+yNylA3BNq","privKey":"SF7UUC5OBEHX8bgkV4BHoOdlibuwzmIaxxUCyyH6YWU="},"lastRemoteEphemeralKey":"BfQmvJUz6umkFeI0tdddX+PlSGiogEgNEpEXBHil1x5R","previousCounter":0,"rootKey":"756yxtm9obMi0LT74nixFAEYHWWSk0a+ihW89s5XgMc="},"indexInfo":{"baseKey":"Bc7++Puc+AYq2NqBry7N+TRGSbnipZHw2/5EMObJ42QI","baseKeyType":1,"closed":-1,"used":1690512636913,"created":1690512636913,"remoteIdentityKey":"BeA6m0gIzLzbEaV+xGGjd8nnWh0FtibAsZvsvk9I2nZb"},"_chains":{"BTyDrGTyiJ2dUvt84F2EFmNRugh8kjFuCZ+yNylA3BNq":{"chainKey":{"counter":127,"key":"zWhQ8DsCNwW8RDFcLqVjyvygkS/cBYcE2XlibpDmF0s="},"chainType":1,"messageKeys":{}}},"pendingPreKey":{"signedKeyId":0,"baseKey":"Bc7++Puc+AYq2NqBry7N+TRGSbnipZHw2/5EMObJ42QI","preKeyId":2911940}}},"version":"v1"}