{"_sessions":{"BRF9st7oP6MPlMsTv3mtpu3kVoJU5DrVRUCW0vkMg2c1":{"registrationId":24391440,"currentRatchet":{"ephemeralKeyPair":{"pubKey":"BfjUke5mYXhVoCpk3bCUk9kSUsolKDYJObDw1AiVe8YY","privKey":"AGYSaW7nMSemamswJ5MHLn2syqeaXJgMamqMXBV4WFE="},"lastRemoteEphemeralKey":"BShiFMwvnqrr7JTmBI2YvXF3Xm4snDRvTaCDgXbDpDkf","previousCounter":0,"rootKey":"Z2770+Jh+B454onGwYytQe+ZwQMTRiK8wwkrvfbKi5I="},"indexInfo":{"baseKey":"BRF9st7oP6MPlMsTv3mtpu3kVoJU5DrVRUCW0vkMg2c1","baseKeyType":1,"closed":-1,"used":1690523856144,"created":1690523856144,"remoteIdentityKey":"Be56SYbEiFpBhneJ1q9VybNvTpEb+XDA2VBvOjowxYBg"},"_chains":{"BfjUke5mYXhVoCpk3bCUk9kSUsolKDYJObDw1AiVe8YY":{"chainKey":{"counter":197,"key":"fc1PDQGFMxH9ULcu5Pow6MxHnbvIo1q1iPK/uawO4aY="},"chainType":1,"messageKeys":{}}},"pendingPreKey":{"signedKeyId":3,"baseKey":"BRF9st7oP6MPlMsTv3mtpu3kVoJU5DrVRUCW0vkMg2c1","preKeyId":3668462}}},"version":"v1"}