{"_sessions":{"BdrGB5LwCSeLprC59sISEfSewSsQSsq/2qH/HdEJV8FQ":{"registrationId":916842726,"currentRatchet":{"ephemeralKeyPair":{"pubKey":"BYRZCZgeM/vNRHCKTh0B/36PfQfkU8bRGaNFP2gKuus6","privKey":"sE6JeF96YT0Tzg2zgRMtAOKqabh+TjuJPdKB8+FiIW8="},"lastRemoteEphemeralKey":"BclliomLwqNoXBFgu0ZdEKQY5ocyTZnvU63hJMkZrwwi","previousCounter":0,"rootKey":"Hl07zoh+dLs4oxpAJNDu6hf8/0XaSmff9iYJxjjIUBc="},"indexInfo":{"baseKey":"BdrGB5LwCSeLprC59sISEfSewSsQSsq/2qH/HdEJV8FQ","baseKeyType":1,"closed":-1,"used":1690523858068,"created":1690523858068,"remoteIdentityKey":"BbvXtSdgqjGakSzD95O7YNmApNFGq9uih4MqpEL+PBY7"},"_chains":{"BYRZCZgeM/vNRHCKTh0B/36PfQfkU8bRGaNFP2gKuus6":{"chainKey":{"counter":197,"key":"wigN8NQEqRYTe+tnPNKgF8AN9nDwKn5lw1Bc+frTp+w="},"chainType":1,"messageKeys":{}}},"pendingPreKey":{"signedKeyId":1,"baseKey":"BdrGB5LwCSeLprC59sISEfSewSsQSsq/2qH/HdEJV8FQ"}}},"version":"v1"}