{"_sessions":{"BUPkW6y98eOkPcyNk2tVAYg5DLnBn+1lssMxcpozmB1I":{"registrationId":1025936457,"currentRatchet":{"ephemeralKeyPair":{"pubKey":"BW4jHHgxrNc+VJ/JGXpFGgEh3/jDCsKnfpPrEqDOTURs","privKey":"yMZLyKToMVyaZOsMIoEvph3k2rRt4zoWR6aWdg0QNng="},"lastRemoteEphemeralKey":"BTxqgNCYDh39DK0prZU6BjEmv2+JCQiiHwkUwODVGDoF","previousCounter":0,"rootKey":"hueEMUiJ0BpUSrKayrT/CtnvMUYKgCaKRhUX1w4O41U="},"indexInfo":{"baseKey":"BUPkW6y98eOkPcyNk2tVAYg5DLnBn+1lssMxcpozmB1I","baseKeyType":1,"closed":-1,"used":1690512636539,"created":1690512636539,"remoteIdentityKey":"BZVJh2aok6C9gqojT8SJ/Gcotc1nd8OdhOMumsFYVOB8"},"_chains":{"BW4jHHgxrNc+VJ/JGXpFGgEh3/jDCsKnfpPrEqDOTURs":{"chainKey":{"counter":322,"key":"xDE+vk6YQSca05YmJKwnfPgCYbLeWVJI/JgZemJpVp4="},"chainType":1,"messageKeys":{}}},"pendingPreKey":{"signedKeyId":1,"baseKey":"BUPkW6y98eOkPcyNk2tVAYg5DLnBn+1lssMxcpozmB1I"}}},"version":"v1"}