{"_sessions":{"BYjdqvpozVlo5XOgHJ1x9p6te9+ICTrXBr5Td8tVRLhR":{"registrationId":1567869100,"currentRatchet":{"ephemeralKeyPair":{"pubKey":"BWrB/8WdtoWREn/3My2ElHvHHVrSdPSRD4TvJEMVyFwP","privKey":"KG/boAuVe9KP/ecx+wP0SB0xtwfGQyd0SFtJT4ifu3A="},"lastRemoteEphemeralKey":"BVeXM4Gx6Nto8Kch0Un857WlnbePLKQWjlPlTycx/GVn","previousCounter":0,"rootKey":"r8nBPNXYzPrVA9+NEsVGZtW/9h+2vlutuQUSsAQMpg8="},"indexInfo":{"baseKey":"BYjdqvpozVlo5XOgHJ1x9p6te9+ICTrXBr5Td8tVRLhR","baseKeyType":1,"closed":-1,"used":1690523856340,"created":1690523856340,"remoteIdentityKey":"BYGcvdgL5457PULxTRcfoA1s2NFA2wUegEoBUCLupJBI"},"_chains":{"BWrB/8WdtoWREn/3My2ElHvHHVrSdPSRD4TvJEMVyFwP":{"chainKey":{"counter":197,"key":"ie/v0Bgdn4GX6jMGuUVAqk3vzsIKDqhsJsUdmY/Gevk="},"chainType":1,"messageKeys":{}}},"pendingPreKey":{"signedKeyId":2,"baseKey":"BYjdqvpozVlo5XOgHJ1x9p6te9+ICTrXBr5Td8tVRLhR","preKeyId":14614013}}},"version":"v1"}