{"_sessions":{"BXVc0b/qPOgGZeBuJs7GXdqpKveNQzktq+18VrbW2QJt":{"registrationId":2243,"currentRatchet":{"ephemeralKeyPair":{"pubKey":"BaIvBW3t9g9ia2VkKNsK+Tix4bnixiZTTEMUkzY6FMAV","privKey":"gONg0IpPUeIbiw7xw0vXdy0snDkwS6zepXllMOZ8iFg="},"lastRemoteEphemeralKey":"BZBOy/8sEr9zrMcFTDPHRcr8iCkZEilQuLVtqp2Ko7YO","previousCounter":0,"rootKey":"IiUkb2h+gwNUwgwmNzDsQAIM2QFcCtkSIkVCgpoCOwg="},"indexInfo":{"baseKey":"BXVc0b/qPOgGZeBuJs7GXdqpKveNQzktq+18VrbW2QJt","baseKeyType":1,"closed":-1,"used":1690523855489,"created":1690523855489,"remoteIdentityKey":"BQ9cFgHHhCFjp5oYFlwgA6WtaXk5cBDXHlpu6IAVDPdz"},"_chains":{"BaIvBW3t9g9ia2VkKNsK+Tix4bnixiZTTEMUkzY6FMAV":{"chainKey":{"counter":197,"key":"5rdTZH7m9nb1Yt/mAtxQo6TFAZZ9sIUW8+qQrx5qdyQ="},"chainType":1,"messageKeys":{}}},"pendingPreKey":{"signedKeyId":1,"baseKey":"BXVc0b/qPOgGZeBuJs7GXdqpKveNQzktq+18VrbW2QJt"}}},"version":"v1"}