{"_sessions":{"BftiQdYuxeW5IcRmbbemGaT3gG+i0lGUiq3tqiR9gs4B":{"registrationId":1761622646,"currentRatchet":{"ephemeralKeyPair":{"pubKey":"BTsKr6Ez0l8Gn7Fo3lqOPbt2PCczXzeV39DAmj/mu40z","privKey":"iJXiihGRNWc2FX+Q42njrB6ol5OLmJGGQqVQz2OS1EU="},"lastRemoteEphemeralKey":"Ba55oyi1Rg56wztybXTiBvqldSn7dYMPaDVAJzyp91Fe","previousCounter":0,"rootKey":"aKxz21Dmi8rvHa5nf/baakDlwAUSYKgWCfd0bOPNXYA="},"indexInfo":{"baseKey":"BftiQdYuxeW5IcRmbbemGaT3gG+i0lGUiq3tqiR9gs4B","baseKeyType":1,"closed":-1,"used":1690512847272,"created":1690512847272,"remoteIdentityKey":"BUiaZTm06+jdoHcnEXA06nanzlY4fq9f5w0Uv/MPQHQY"},"_chains":{"BTsKr6Ez0l8Gn7Fo3lqOPbt2PCczXzeV39DAmj/mu40z":{"chainKey":{"counter":2,"key":"10wXT9+nDK1NLd23dfpwBfXUatFehs+laf0v4GMc+pE="},"chainType":1,"messageKeys":{}}},"pendingPreKey":{"signedKeyId":2,"baseKey":"BftiQdYuxeW5IcRmbbemGaT3gG+i0lGUiq3tqiR9gs4B"}}},"version":"v1"}