{"_sessions":{"BfkDSW9Bha+mE334/t3uAMDbO1b7TZC96ddGB14SzEEj":{"registrationId":177056423,"currentRatchet":{"ephemeralKeyPair":{"pubKey":"BfQjiWTg9eYFfJo4fqyaw5jN2S30UQBDt+vzGnHQGmU1","privKey":"qAd6TLoOv+Oy4EckpbD4p8+qETplP+bRgqTiOjUy6ls="},"lastRemoteEphemeralKey":"BQXo9lfgy+INq0X3CGTyw0V6YLGX0abmvxhmllmVazgp","previousCounter":0,"rootKey":"CZvGMRFQzuW2wXMvlZSEhmFm7y0WIhO3ltBtPHTZvmc="},"indexInfo":{"baseKey":"BfkDSW9Bha+mE334/t3uAMDbO1b7TZC96ddGB14SzEEj","baseKeyType":1,"closed":-1,"used":1690523857999,"created":1690523857999,"remoteIdentityKey":"BX9u7kpcN8Daa4z+jwWyHis0lZuy9eux3iTmacnCp5Ys"},"_chains":{"BfQjiWTg9eYFfJo4fqyaw5jN2S30UQBDt+vzGnHQGmU1":{"chainKey":{"counter":197,"key":"dKiXZwQbE/iRsLa6VN0fmWftDUgIIK/wuoCjGPvrMmo="},"chainType":1,"messageKeys":{}}},"pendingPreKey":{"signedKeyId":7,"baseKey":"BfkDSW9Bha+mE334/t3uAMDbO1b7TZC96ddGB14SzEEj","preKeyId":14956591}}},"version":"v1"}