{"_sessions":{"BeBmZFzB8LaMdSd6aWtxXR4EgpWWAU+SqfCmKcvlR+YI":{"registrationId":582500109,"currentRatchet":{"ephemeralKeyPair":{"pubKey":"BW6Bb4Lv0Cs9JvH20OPqZ9j2gOpk45t+xAI0VWmt7rJr","privKey":"2JbHOLpiddlX+aac3Og71BEBTvdr8lNip/ODqn49xG4="},"lastRemoteEphemeralKey":"Bac1r7/eCQ70dXX1Bzb9QDYpFO1FS2OfbjBNDE6mBZdh","previousCounter":0,"rootKey":"y7XglLSSqsnGMcnyJBgNqKtjKQKq1mVyKzTlfT5tXfM="},"indexInfo":{"baseKey":"BeBmZFzB8LaMdSd6aWtxXR4EgpWWAU+SqfCmKcvlR+YI","baseKeyType":1,"closed":-1,"used":1690523857141,"created":1690523857141,"remoteIdentityKey":"BVaWaVc0OpOBNsDos5d4CVX5DEgxIwD6d9dOxq5hyftj"},"_chains":{"BW6Bb4Lv0Cs9JvH20OPqZ9j2gOpk45t+xAI0VWmt7rJr":{"chainKey":{"counter":197,"key":"P+Ceh1N+Thf15WU15OlQcuSjEjn9NxEPUQRHUmgJMP8="},"chainType":1,"messageKeys":{}}},"pendingPreKey":{"signedKeyId":13,"baseKey":"BeBmZFzB8LaMdSd6aWtxXR4EgpWWAU+SqfCmKcvlR+YI","preKeyId":316338}}},"version":"v1"}