{"_sessions":{"BZ5db1+WbiJ3GJvSrqUd1sRp/5QJNOYquVGF641Koel6":{"registrationId":108353982,"currentRatchet":{"ephemeralKeyPair":{"pubKey":"BY/mFdXiVfxkqoUVsoLRgVUE6XLX1wjB7pmQX4ZOjMdX","privKey":"MM9zZmqll8sRwD12d3AZ/31QFzXm9Ls9npwjSF4MZnw="},"lastRemoteEphemeralKey":"BeFQnzx9oareKp6CSv3i86Et1cSHErs3HHLp8o7cEv4l","previousCounter":0,"rootKey":"YzUeDD7/k199ElIdd9wyTyxlg4SOmKD1wWrQqsfgC+Q="},"indexInfo":{"baseKey":"BZ5db1+WbiJ3GJvSrqUd1sRp/5QJNOYquVGF641Koel6","baseKeyType":1,"closed":-1,"used":1690512846661,"created":1690512846661,"remoteIdentityKey":"BSbgCNWUGNZKtkIMkniukvMRA7V2GYJIijiNx4ctMlxD"},"_chains":{"BY/mFdXiVfxkqoUVsoLRgVUE6XLX1wjB7pmQX4ZOjMdX":{"chainKey":{"counter":2,"key":"jwRK3JV7f3NhadkiahP24JRSxyQjhUMvRyFTG0w2oYs="},"chainType":1,"messageKeys":{}}},"pendingPreKey":{"signedKeyId":11786647,"baseKey":"BZ5db1+WbiJ3GJvSrqUd1sRp/5QJNOYquVGF641Koel6","preKeyId":13608}}},"version":"v1"}