{"_sessions":{"BQVbUOYveumqFJKqekUSxNtTkpa2CrYBZxo/exqdQJgy":{"registrationId":1543000642,"currentRatchet":{"ephemeralKeyPair":{"pubKey":"BdRPh0VvU1KLCScIyyi0tEbIiUv6dobnEuiXmt49XaUd","privKey":"SKdIVsUaZQtgcSPanNY6j5VqC4aZDZtahnxDi8w2wVQ="},"lastRemoteEphemeralKey":"BabumIOV8R8SfZR67GwNN9pYgYV/79OnoRkqXvZGsv5l","previousCounter":0,"rootKey":"sXdUBnp5b6QryXcQzcbje4ZnHVlZ14T1md9uODGQLbw="},"indexInfo":{"baseKey":"BQVbUOYveumqFJKqekUSxNtTkpa2CrYBZxo/exqdQJgy","baseKeyType":1,"closed":-1,"used":1690523857457,"created":1690523857457,"remoteIdentityKey":"BRpqWJMyMPiBFTbbNoHycYwz2W0YKGK1QpcaQ8AuoxpF"},"_chains":{"BdRPh0VvU1KLCScIyyi0tEbIiUv6dobnEuiXmt49XaUd":{"chainKey":{"counter":197,"key":"fl+P+wS04tnoz1zjmOy2dnNg5kvmn4yImvmnWraLBtM="},"chainType":1,"messageKeys":{}}},"pendingPreKey":{"signedKeyId":10,"baseKey":"BQVbUOYveumqFJKqekUSxNtTkpa2CrYBZxo/exqdQJgy","preKeyId":2895620}}},"version":"v1"}