{"_sessions":{"BXsK36RKqRlPdji9Kl3RHVsyEeFSWaRNoINc5wNyC/kK":{"registrationId":106,"currentRatchet":{"ephemeralKeyPair":{"pubKey":"BbIBHtBrJxLSL5X91aHT0vW9wDHUUobgZd4v2bGI+jBH","privKey":"MJf650TzwOY+ABNeOSLlf8b76n3zcbj54IV01ZHDeWE="},"lastRemoteEphemeralKey":"BUjqOWGUHpds7/XE1/40FfaRcTQY8jALtcCH/zRmAMUR","previousCounter":0,"rootKey":"nAo6+gShmLOm+MehOOxZWokpLrTjhgdwGNzWy0+8bVs="},"indexInfo":{"baseKey":"BXsK36RKqRlPdji9Kl3RHVsyEeFSWaRNoINc5wNyC/kK","baseKeyType":1,"closed":-1,"used":1690526903410,"created":1690526903410,"remoteIdentityKey":"BfAEvYmVQKrQkIdVS/OSPqffxdIwT9dibcuDYFXZvz9l"},"_chains":{"BbIBHtBrJxLSL5X91aHT0vW9wDHUUobgZd4v2bGI+jBH":{"chainKey":{"counter":11,"key":"RoTaTk6VUBASHalDVio4O9RtwjqFECN1dApM9mIheXU="},"chainType":1,"messageKeys":{}}},"pendingPreKey":{"signedKeyId":1,"baseKey":"BXsK36RKqRlPdji9Kl3RHVsyEeFSWaRNoINc5wNyC/kK"}}},"version":"v1"}