{"_sessions":{"BYUr4PLG3fjreVpMdzbaly/R9FsKtejgZsRVxyqxCA1a":{"registrationId":1704688119,"currentRatchet":{"ephemeralKeyPair":{"pubKey":"BSFsXYq58cy0nOiUguyhKhRbI96dZbuVfLTmbXRvFYgA","privKey":"ADHFTT3cQi3AyaKyXFrXGn1rqHRfoDf5csmOT/XORGE="},"lastRemoteEphemeralKey":"BXMJ8Np2FQxd32j0fDbyhTTFBDBcM5kVRP81WN2GZj5t","previousCounter":0,"rootKey":"sFObi1j9UOQ3qdVlkD/zkfdeTlVRE+Cb0ftEqjc6+K4="},"indexInfo":{"baseKey":"BYUr4PLG3fjreVpMdzbaly/R9FsKtejgZsRVxyqxCA1a","baseKeyType":1,"closed":-1,"used":1690512845904,"created":1690512845904,"remoteIdentityKey":"BXgn5T/aDU+gbN1UwzgKxXRX/R+mOSxKi1p/AfXbtI4Z"},"_chains":{"BSFsXYq58cy0nOiUguyhKhRbI96dZbuVfLTmbXRvFYgA":{"chainKey":{"counter":2,"key":"MwMhW5aW1Vv/ww8doFk+FkoOERaISbBjoIP2SgF9KIY="},"chainType":1,"messageKeys":{}}},"pendingPreKey":{"signedKeyId":0,"baseKey":"BYUr4PLG3fjreVpMdzbaly/R9FsKtejgZsRVxyqxCA1a"}}},"version":"v1"}