{"_sessions":{"BWoYN3gbXyPXbIZwR7tupc6eSvr0XB7eZQ1Lcb232Ali":{"registrationId":403256242,"currentRatchet":{"ephemeralKeyPair":{"pubKey":"BeaSBtODkpof8uLu+uTzmGnljPydsMKhaN2HSblOS98i","privKey":"uL/x+FJWwYUL+nQTA1aRWeK2SwOFbY/KSKiAPmX5nEE="},"lastRemoteEphemeralKey":"BT/7JqjTQ21HV8+JXly3XyqfT58foooKERaHks8ztSJU","previousCounter":0,"rootKey":"P6A+1sYYjqLwo41WeaQmfx8e1S96YJF8oN5t0bXihfQ="},"indexInfo":{"baseKey":"BWoYN3gbXyPXbIZwR7tupc6eSvr0XB7eZQ1Lcb232Ali","baseKeyType":1,"closed":-1,"used":1690512845791,"created":1690512845791,"remoteIdentityKey":"BcGaW1Q3TavBX7z/h2/Arvj8o/kFCDeE2pnWn3YdpSse"},"_chains":{"BeaSBtODkpof8uLu+uTzmGnljPydsMKhaN2HSblOS98i":{"chainKey":{"counter":0,"key":"ZKeBN4FXTcXeAiP07WS9t8WCjreVe1syASzqpNPxFYg="},"chainType":1,"messageKeys":{}}},"pendingPreKey":{"signedKeyId":739332,"baseKey":"BWoYN3gbXyPXbIZwR7tupc6eSvr0XB7eZQ1Lcb232Ali","preKeyId":619}}},"version":"v1"}