{"_sessions":{"BYq6/PdB1nuF2syJbP42/w5kOSXUn8oi1xsukWvT2UZu":{"registrationId":1441486581,"currentRatchet":{"ephemeralKeyPair":{"pubKey":"BcXMpmVUTsSnnrP8bon2DTnZPRCLR0k6yqGAvw3cE8Nt","privKey":"sKV3J8QgWdlse3k0JcBi+eroTWpJS0whJiytow+MiHA="},"lastRemoteEphemeralKey":"BUafFZDkpNfPK8pYCilXrgxg7IZWzROB2VjdXNs+q3Ib","previousCounter":0,"rootKey":"0TFpSWflIanyirSAIEr3ZZx/kC6P1AfNMOOBs0K8Fjo="},"indexInfo":{"baseKey":"BYq6/PdB1nuF2syJbP42/w5kOSXUn8oi1xsukWvT2UZu","baseKeyType":1,"closed":-1,"used":1690512847129,"created":1690512847129,"remoteIdentityKey":"BXuqWC76MKRbQrctO7T2wTyAoBA32Oc/3NSOnVPnNkgs"},"_chains":{"BcXMpmVUTsSnnrP8bon2DTnZPRCLR0k6yqGAvw3cE8Nt":{"chainKey":{"counter":2,"key":"gYmc6q7scGNQS4WF4794ngcBrCeEnCeA11neyEADV60="},"chainType":1,"messageKeys":{}}},"pendingPreKey":{"signedKeyId":0,"baseKey":"BYq6/PdB1nuF2syJbP42/w5kOSXUn8oi1xsukWvT2UZu","preKeyId":10531437}}},"version":"v1"}