{"_sessions":{"BSuYWZbh7ReJwTaKEAqpKZG2zO1Hm/Aif9jj8Xr20H46":{"registrationId":2,"currentRatchet":{"ephemeralKeyPair":{"pubKey":"BbS9KuwiqGtGVgwhhmnvURfGYt4nIn0jsTKe371M8QwL","privKey":"MMADiojoIHS+3kgY7Yo8Jk5r+rRmlwmFJkl2JhrBsUg="},"lastRemoteEphemeralKey":"BWLwEQsYCVJCK4rX8i0Yt8/MtwB9RzKM2CUbqDexO5cB","previousCounter":0,"rootKey":"fhmSAkmbFCiqtJNX3Qq6jyKde+6lLnJe2b/TVJmjAg4="},"indexInfo":{"baseKey":"BSuYWZbh7ReJwTaKEAqpKZG2zO1Hm/Aif9jj8Xr20H46","baseKeyType":1,"closed":-1,"used":1690523854708,"created":1690523854708,"remoteIdentityKey":"BZoi+oBk7368TAJyfZA6y2COu1/S02S4oqOIbcvZEtUE"},"_chains":{"BbS9KuwiqGtGVgwhhmnvURfGYt4nIn0jsTKe371M8QwL":{"chainKey":{"counter":197,"key":"aSsBo9mG7XiBqBsMI+QHwp6pHVTdus361djXS9Km8SI="},"chainType":1,"messageKeys":{}}},"pendingPreKey":{"signedKeyId":1,"baseKey":"BSuYWZbh7ReJwTaKEAqpKZG2zO1Hm/Aif9jj8Xr20H46"}}},"version":"v1"}