{"_sessions":{"BYhm3n/6dqrSBuuAYPmuJQUrH5iF1mZ1Su6FqfhkjEIy":{"registrationId":73,"currentRatchet":{"ephemeralKeyPair":{"pubKey":"BQRDhRDvKt6QNDveRZjxU7kRLEueL0wxEZGVreMYl3V5","privKey":"cDsZdrfcIfWjZbNNGb7vDcAcUjfUrK6tGpxIxHlJ/2I="},"lastRemoteEphemeralKey":"Bcg1bkZ6FbK45+wLeYlR7f0FPslazgs7nJn+z7TdrW94","previousCounter":0,"rootKey":"c/fuWsGANDgqTY11JM3Wu5LkiSMOcJviPx2r6jX37Yk="},"indexInfo":{"baseKey":"BYhm3n/6dqrSBuuAYPmuJQUrH5iF1mZ1Su6FqfhkjEIy","baseKeyType":1,"closed":-1,"used":1690523854689,"created":1690523854689,"remoteIdentityKey":"BWfJpNWPCAFio7hrwAmVgASPtFlvT32/DjOw8KVSskdE"},"_chains":{"BQRDhRDvKt6QNDveRZjxU7kRLEueL0wxEZGVreMYl3V5":{"chainKey":{"counter":197,"key":"pqhb7iS0Zp+hQSZxXALT0TJHb8GiktIgyrQzPbaASmc="},"chainType":1,"messageKeys":{}}},"pendingPreKey":{"signedKeyId":1,"baseKey":"BYhm3n/6dqrSBuuAYPmuJQUrH5iF1mZ1Su6FqfhkjEIy"}}},"version":"v1"}