{"_sessions":{"BQsGZwfPuKHaSkGvVtryEAm7/oaWPZC6uiYlTxaNtOpL":{"registrationId":182,"currentRatchet":{"ephemeralKeyPair":{"pubKey":"BTLIXRYua1G31mB7rQJQUQkyiGL7uQ6WB+vIzTmLfWtr","privKey":"iCJ+n9amWGKJX5vJocKELq+qaIUQP2Hrau27UHZUVGU="},"lastRemoteEphemeralKey":"BYgZauoO65X3kCMlStRhx21bZypCz0pj2CTOed8yK/Jp","previousCounter":0,"rootKey":"yeqVUDXkvC7ulZHGEx0Q3qq7kNlHV7yFyluMK+HVOsc="},"indexInfo":{"baseKey":"BQsGZwfPuKHaSkGvVtryEAm7/oaWPZC6uiYlTxaNtOpL","baseKeyType":1,"closed":-1,"used":1690523854912,"created":1690523854912,"remoteIdentityKey":"BTPdGRL+hOkp0uoCODXewadbn5v7wPOfEP2lwnjDHV4D"},"_chains":{"BTLIXRYua1G31mB7rQJQUQkyiGL7uQ6WB+vIzTmLfWtr":{"chainKey":{"counter":197,"key":"vsf6d4jWjRcL1mhEVYKn0+NNkOHfclcnPcV/fwp8H7Q="},"chainType":1,"messageKeys":{}}},"pendingPreKey":{"signedKeyId":1,"baseKey":"BQsGZwfPuKHaSkGvVtryEAm7/oaWPZC6uiYlTxaNtOpL"}}},"version":"v1"}