{"_sessions":{"BV8gYn4P6d6x16IVYplqMh7owXcE5CI4Jr5/NN9oLYcb":{"registrationId":681501405,"currentRatchet":{"ephemeralKeyPair":{"pubKey":"Bd12oEHOprSFNro/Xmi/k26QmgLvWrqd8kKNJR3Oi04L","privKey":"+DvnluP2mb8NFyF1CjAlBlYcR1jrigrOUeS5LFwXVXQ="},"lastRemoteEphemeralKey":"Bako0dRQIQiIDQTKcsfja5PCb6MrPZwgHCICe7QbpqdQ","previousCounter":0,"rootKey":"tQfyvKBSLBT6dDezKwZ8qVfYdGIm51SBECOC3Sgl8qk="},"indexInfo":{"baseKey":"BV8gYn4P6d6x16IVYplqMh7owXcE5CI4Jr5/NN9oLYcb","baseKeyType":1,"closed":-1,"used":1690512846834,"created":1690512846834,"remoteIdentityKey":"BSf43NKog8zxwlpCUkc/WD0zhFtiJG3my03Pd0EdmihW"},"_chains":{"Bd12oEHOprSFNro/Xmi/k26QmgLvWrqd8kKNJR3Oi04L":{"chainKey":{"counter":2,"key":"MWACe/nFul8+h5uaMehQ1hCO4R5p9yeON4EbyPOaaC8="},"chainType":1,"messageKeys":{}}},"pendingPreKey":{"signedKeyId":2,"baseKey":"BV8gYn4P6d6x16IVYplqMh7owXcE5CI4Jr5/NN9oLYcb","preKeyId":16700418}}},"version":"v1"}