{"_sessions":{"BVUG+Fg/S5rAc7ms3iqoPMHHvcaCPkaQfH5s66pGAA4P":{"registrationId":1837,"currentRatchet":{"ephemeralKeyPair":{"pubKey":"BU3nCP/YuNSk8BUTTB/RYPIHi+MAV+wEBFugzqKm7Utp","privKey":"qEGiGpHhHkQDHlLo8bCuPWTUBvqOAdUmG864ETmDwFM="},"lastRemoteEphemeralKey":"BdnYToYnzpc7jtxOLNApRjNV5KAJda7jFVI/yLVtmGhM","previousCounter":0,"rootKey":"hsEHndEmbJCU0NsCd1j2esOLZ4jwzvvhp/zBg0JDzG8="},"indexInfo":{"baseKey":"BVUG+Fg/S5rAc7ms3iqoPMHHvcaCPkaQfH5s66pGAA4P","baseKeyType":1,"closed":-1,"used":1690512845542,"created":1690512845542,"remoteIdentityKey":"BSu7EAQ4GVpMf0vwI8gxclqYf9IqVVdkdXLRP4A1FzYF"},"_chains":{"BU3nCP/YuNSk8BUTTB/RYPIHi+MAV+wEBFugzqKm7Utp":{"chainKey":{"counter":2,"key":"kke1Oj5GKWuIC8pj1SZoo8Fm4t1K2NLfAA7l7qQRp48="},"chainType":1,"messageKeys":{}}},"pendingPreKey":{"signedKeyId":1,"baseKey":"BVUG+Fg/S5rAc7ms3iqoPMHHvcaCPkaQfH5s66pGAA4P","preKeyId":144}}},"version":"v1"}