{"_sessions":{"BSzOH+ZnPW6NWcd8nDKGwedkbT/6o7vRKM6yIiH/9bxF":{"registrationId":83451323,"currentRatchet":{"ephemeralKeyPair":{"pubKey":"BRTVXsSx+tBYzOZooZ7jb1V3EsTQSvzj7rvaAxPfi7sM","privKey":"KEUtdmmLuwKBxu7UpfdxBl+vBCCiESae1/tfta5Ytmg="},"lastRemoteEphemeralKey":"BQWkiM85T/GgxeRWC98xyWoVbs+kFssB6By2T0v/SfgG","previousCounter":0,"rootKey":"/CrMo19aLsY9xcigNrv9401lU7hTwEXSh6uTeklJt0E="},"indexInfo":{"baseKey":"BSzOH+ZnPW6NWcd8nDKGwedkbT/6o7vRKM6yIiH/9bxF","baseKeyType":1,"closed":-1,"used":1690523856663,"created":1690523856663,"remoteIdentityKey":"BZ+cNqs0Gj5D/4LoKYHVDP0lFN7cYxinJE1HoXhuMfJj"},"_chains":{"BRTVXsSx+tBYzOZooZ7jb1V3EsTQSvzj7rvaAxPfi7sM":{"chainKey":{"counter":197,"key":"Avk2Gw9kObbnwC3Tt24kBchC9BX2p4C6AABtv+5fwbI="},"chainType":1,"messageKeys":{}}},"pendingPreKey":{"signedKeyId":2,"baseKey":"BSzOH+ZnPW6NWcd8nDKGwedkbT/6o7vRKM6yIiH/9bxF","preKeyId":5487711}}},"version":"v1"}