{"_sessions":{"BYeMEkKXpeGcAxpUdoT8DWCPzeA/TmFWehJk1bOQM/5Q":{"registrationId":6436,"currentRatchet":{"ephemeralKeyPair":{"pubKey":"Bfyid2vapjXvJcr2Vk13JU5ZyOg/IvaJlsZzvJiOuE8a","privKey":"GJFHQ3xXq5yAwPtYo2ddF34s6iXgRArOLCjnhuzLkng="},"lastRemoteEphemeralKey":"BRZ3Y7WYq6Dgjqb0+56qAfqBeOquIf/Qs8QGuAVKCQZj","previousCounter":0,"rootKey":"wDUtfJro+ZqeXZgrT3LCQznZZ3sTMGDHQOmN7ix/QwA="},"indexInfo":{"baseKey":"BYeMEkKXpeGcAxpUdoT8DWCPzeA/TmFWehJk1bOQM/5Q","baseKeyType":1,"closed":-1,"used":1690512846325,"created":1690512846325,"remoteIdentityKey":"BWrEEs42i5XTCSlQjZ1l8tVDGkZEXvSkpjFgvXF17N5s"},"_chains":{"Bfyid2vapjXvJcr2Vk13JU5ZyOg/IvaJlsZzvJiOuE8a":{"chainKey":{"counter":0,"key":"r943XnFvpKYY66JDj+zFFvrLYjiSIxmGMCUhDnhQKwI="},"chainType":1,"messageKeys":{}}},"pendingPreKey":{"signedKeyId":1,"baseKey":"BYeMEkKXpeGcAxpUdoT8DWCPzeA/TmFWehJk1bOQM/5Q","preKeyId":91}}},"version":"v1"}