{"_sessions":{"BWfsR5rDuY86vVtMlSl+IwycMMsYHQ9oir8elo0sL51b":{"registrationId":1277303056,"currentRatchet":{"ephemeralKeyPair":{"pubKey":"BcjzcyAVsek8jHmp4OLcD9pU9cUpBl4mGEco7si909kz","privKey":"cMhExXeDc5A3FmFozcA0NPUsHuM8lQycTcI7UmNLw3E="},"lastRemoteEphemeralKey":"BboD1a7fu2a91MSW49Ksy6MKUKARcaEuRAc2OC2J5/ES","previousCounter":0,"rootKey":"2dQzJo94o7YS8T9isoO93/KLQJZ85+miN34XKIqQC8I="},"indexInfo":{"baseKey":"BWfsR5rDuY86vVtMlSl+IwycMMsYHQ9oir8elo0sL51b","baseKeyType":1,"closed":-1,"used":1690512846814,"created":1690512846814,"remoteIdentityKey":"BTM49NHuiptw9VciCdMyCT9KVrIyv5dor/VOEdRqvdsr"},"_chains":{"BcjzcyAVsek8jHmp4OLcD9pU9cUpBl4mGEco7si909kz":{"chainKey":{"counter":2,"key":"FFeFAbVQzph/RBe2v/Vu3G9RULMA3Hi+/gtym3aaXyE="},"chainType":1,"messageKeys":{}}},"pendingPreKey":{"signedKeyId":28,"baseKey":"BWfsR5rDuY86vVtMlSl+IwycMMsYHQ9oir8elo0sL51b","preKeyId":4770743}}},"version":"v1"}