{"_sessions":{"BT4WUliTNVzYqzc/Ba7roHJH7F6YHIa271Xv2Bbs1jkV":{"registrationId":1262273549,"currentRatchet":{"ephemeralKeyPair":{"pubKey":"BSVvJRQQ90pvBUAptb9S6DDVZjuSzkZZwWH+7d7dTKUt","privKey":"GDNGvHfkJdHh4BPNg4olN6CF5OiForBMv+ZTG8huwGE="},"lastRemoteEphemeralKey":"BaDJqnfZkDTRl1FhjyGlDTfVu533obLBIEStRbCwuapM","previousCounter":0,"rootKey":"c7Dqv+0Fud3qTyfDYIBjMdTsqkSpLN39ifs8zYJurq8="},"indexInfo":{"baseKey":"BT4WUliTNVzYqzc/Ba7roHJH7F6YHIa271Xv2Bbs1jkV","baseKeyType":1,"closed":-1,"used":1690523855872,"created":1690523855872,"remoteIdentityKey":"BcBC/w+LcsW9+Ed8XcjEXiLD0MBq+LgB6Goc55ukTRMC"},"_chains":{"BSVvJRQQ90pvBUAptb9S6DDVZjuSzkZZwWH+7d7dTKUt":{"chainKey":{"counter":197,"key":"Zw1aPa3Cnl5zmVBBRvyzLKXmPsBz/VAa3uqvrxw5vpY="},"chainType":1,"messageKeys":{}}},"pendingPreKey":{"signedKeyId":0,"baseKey":"BT4WUliTNVzYqzc/Ba7roHJH7F6YHIa271Xv2Bbs1jkV"}}},"version":"v1"}