{"_sessions":{"BfiWGborCwWWwp29q8Ituk9OsQdj1mCnUJcjoQ6ojIJz":{"registrationId":167,"currentRatchet":{"ephemeralKeyPair":{"pubKey":"Ba26KCBTahyVF/8FhE4DrTh5QwdmrfMdv8GkhMphMLkb","privKey":"4H/cQ2zoW5tqYSr6s5TdeTtJm4d/7bIWrItve9SEQEg="},"lastRemoteEphemeralKey":"BfpEOiAegU6xadjzaLSkBppZIWNYjTzs+OMXutF96Moz","previousCounter":0,"rootKey":"u0RIk6d6WRU2RfYP+Xu9K0L3OG0olZG1Qh9rZf+YpUE="},"indexInfo":{"baseKey":"BfiWGborCwWWwp29q8Ituk9OsQdj1mCnUJcjoQ6ojIJz","baseKeyType":1,"closed":-1,"used":1690523855718,"created":1690523855718,"remoteIdentityKey":"Bfn1gwWQ9TFQxXUEFX1cN63T3recDzIqauRbIRN2f3hX"},"_chains":{"Ba26KCBTahyVF/8FhE4DrTh5QwdmrfMdv8GkhMphMLkb":{"chainKey":{"counter":197,"key":"DRWM/J6K2mcj73Zh71nJagPTJ7NQUhZHhfluct3n1iE="},"chainType":1,"messageKeys":{}}},"pendingPreKey":{"signedKeyId":1,"baseKey":"BfiWGborCwWWwp29q8Ituk9OsQdj1mCnUJcjoQ6ojIJz"}}},"version":"v1"}