{"_sessions":{"BXxpU8VLcs5ZAV5fpsP76N1ag79fSByQjvH0bd4p9vwo":{"registrationId":1032329719,"currentRatchet":{"ephemeralKeyPair":{"pubKey":"BQT1Lz6knPssRKlCFiQrO0mivjbwavdZIko4v01aqCEd","privKey":"GChrnBqz8VcmjHsyrU9Y7G2GzAxdgGfLdgTx0sVxJ1Q="},"lastRemoteEphemeralKey":"BWECMOIq03OmnEyVh26cJuUqO/jpnUDPTCwJJI1qmwEk","previousCounter":0,"rootKey":"5k4pQ7YAB7+q4Fclpi96+Gb6ZE645+noFgE1cFNcTPA="},"indexInfo":{"baseKey":"BXxpU8VLcs5ZAV5fpsP76N1ag79fSByQjvH0bd4p9vwo","baseKeyType":2,"closed":-1,"used":1690513555814,"created":1690513555814,"remoteIdentityKey":"BWkuXBDLUjZgdQnIq9cZFH5jhChoVc0k3j+6zMO1b5Y5"},"_chains":{"BWECMOIq03OmnEyVh26cJuUqO/jpnUDPTCwJJI1qmwEk":{"chainKey":{"counter":0,"key":"dwfm0uyEh37REsZoJbYdnMIOU+xRq//Y6+ZRAZsROH0="},"chainType":2,"messageKeys":{}},"BQT1Lz6knPssRKlCFiQrO0mivjbwavdZIko4v01aqCEd":{"chainKey":{"counter":2,"key":"Ut3/PWi5LPtl4RJBm+4ubA5s69L9FA1bjpaIr7oxYqo="},"chainType":1,"messageKeys":{}}}}},"version":"v1"}