{"_sessions":{"BcsWUdXzXa6HuE/o0qu6KzBvV9ynjvevTjrepRJCnL5T":{"registrationId":323590992,"currentRatchet":{"ephemeralKeyPair":{"pubKey":"BZVP/1iHN2ZXfxStpHDp07mDlRZkO7UFAsj2TDW7shhI","privKey":"SC7jq/vJZU7ezdvoqD6o6ORfIPoi4mC0dm07ZiPJIFI="},"lastRemoteEphemeralKey":"BQ6/mlss+S1EhxkA024S6s9WAw+Z3kl86yG+pKkq48wR","previousCounter":0,"rootKey":"SfX2qjaN8sYJJR8V7Bcz84z4i3Ty+m9tUFj7haJ8qR8="},"indexInfo":{"baseKey":"BcsWUdXzXa6HuE/o0qu6KzBvV9ynjvevTjrepRJCnL5T","baseKeyType":1,"closed":-1,"used":1690523857481,"created":1690523857481,"remoteIdentityKey":"BSbD5CsEonl0fGPOJ+RV0YwttXlJd690PkkEkq6Z6exK"},"_chains":{"BZVP/1iHN2ZXfxStpHDp07mDlRZkO7UFAsj2TDW7shhI":{"chainKey":{"counter":197,"key":"CQ9Rlqcb0lcJhdZVvvGAMGl4HjviOAKgPwVFTtHCH6s="},"chainType":1,"messageKeys":{}}},"pendingPreKey":{"signedKeyId":0,"baseKey":"BcsWUdXzXa6HuE/o0qu6KzBvV9ynjvevTjrepRJCnL5T","preKeyId":14214992}}},"version":"v1"}