{"_sessions":{"Bd0z8TqJ5t55JmlOIjyoFrpPq3wU0lZ9OUMf8Wyam1Vz":{"registrationId":1915631494,"currentRatchet":{"ephemeralKeyPair":{"pubKey":"BRBS9iRZZf9+Skn69RF3fzV36ptJDnJaAdCfyj02JdJX","privKey":"4LCMXfY63DyLNvYBGOGE4sG3ZblH6B5RpR2eHeseckc="},"lastRemoteEphemeralKey":"BSKvwO8c62Z6Il1al6FRVc1JnicWAXAi2+vbP/w6vylU","previousCounter":0,"rootKey":"LBbPImwHZSWbLHq+3NHFGP7Ph7Hb1KoLwj5qYhCksH0="},"indexInfo":{"baseKey":"Bd0z8TqJ5t55JmlOIjyoFrpPq3wU0lZ9OUMf8Wyam1Vz","baseKeyType":1,"closed":-1,"used":1690523857094,"created":1690523857094,"remoteIdentityKey":"BbLzqC8Lvn1YzmEYU6vLgl19YzwR1fPO01LU//2h959P"},"_chains":{"BRBS9iRZZf9+Skn69RF3fzV36ptJDnJaAdCfyj02JdJX":{"chainKey":{"counter":197,"key":"1AZKyEt6hfjynZ3YftakuMe44m235Crkqtzp38RFICo="},"chainType":1,"messageKeys":{}}},"pendingPreKey":{"signedKeyId":1,"baseKey":"Bd0z8TqJ5t55JmlOIjyoFrpPq3wU0lZ9OUMf8Wyam1Vz","preKeyId":8194307}}},"version":"v1"}