{"_sessions":{"BTrY63a+EciD9tyuv4ClOsORW8hESmyqj/q8u+bJrDB6":{"registrationId":1872778351,"currentRatchet":{"ephemeralKeyPair":{"pubKey":"BR/pQzz+FMyL8gfUhKPb9FvzXyBDl8xdLyfN091t+0db","privKey":"yP3QN6urYxZ1NFQs7rbpVh6ahhk+OQbJsBPCZNHJVGo="},"lastRemoteEphemeralKey":"BWhg+eCPNGgEL1ZYD+G6EVq2wHH9wjU+QmAtUG6vSyFB","previousCounter":0,"rootKey":"2QNU//lAyPRL7cVIp1Rtx57SZXCEWfABfZ/ZeE/Vkus="},"indexInfo":{"baseKey":"BTrY63a+EciD9tyuv4ClOsORW8hESmyqj/q8u+bJrDB6","baseKeyType":2,"closed":1690524157409,"used":1690516880615,"created":1690516880615,"remoteIdentityKey":"BQHOYtdVmPmeLWbwY79h5njV+L026yG/VWLxLW/FHPIN"},"_chains":{"BWhg+eCPNGgEL1ZYD+G6EVq2wHH9wjU+QmAtUG6vSyFB":{"chainKey":{"counter":2,"key":"S+i6+k2W1VZLhTtNOhMdvLCsw2C16VLCEYJMEX0GYt8="},"chainType":2,"messageKeys":{"0":"7MjPYxdcYWdrFaWoj6HcUhdWjC9SdKcU7iUS/9xxRCQ=","1":"+yP2ROp6A9/lE5L4DWVc3qoxBYCEOBcAGFbn3OXkzrg="}},"BR/pQzz+FMyL8gfUhKPb9FvzXyBDl8xdLyfN091t+0db":{"chainKey":{"counter":1,"key":"8ncIj9QH5qgW7gwsWmH9KMWQ1CUxRia4sMq0nzaSycY="},"chainType":1,"messageKeys":{}}}},"Bb+W+t+C1D1Qq6+8IEz27XHesp2I17S1LNZ5iEi4dVcn":{"registrationId":1872778351,"currentRatchet":{"ephemeralKeyPair":{"pubKey":"BQsXESyNfXVCtYQzHaK3/RtOfAELJnvYK2WOTIad+mBb","privKey":"mB+JWsDmtTlhBw1UgTrNkljU8gTK7ULDy4X8uiFT9VU="},"lastRemoteEphemeralKey":"BbMu1Ngd2Ye6qmMf4k54NyHnRj58ywZ9Y3cjOzgp8ala","previousCounter":0,"rootKey":"jwemadrZdJpjnLukzSxOiAKibEbJvecamE0UkrMi5Zk="},"indexInfo":{"baseKey":"Bb+W+t+C1D1Qq6+8IEz27XHesp2I17S1LNZ5iEi4dVcn","baseKeyType":1,"closed":1690524169135,"used":1690524157389,"created":1690524157389,"remoteIdentityKey":"BQHOYtdVmPmeLWbwY79h5njV+L026yG/VWLxLW/FHPIN"},"_chains":{"BQsXESyNfXVCtYQzHaK3/RtOfAELJnvYK2WOTIad+mBb":{"chainKey":{"counter":2,"key":"nvrK8FxYUmPttIe3rRw/gwdVRxfvQGDXHBV1qWv8x1c="},"chainType":1,"messageKeys":{}}},"pendingPreKey":{"signedKeyId":2,"baseKey":"Bb+W+t+C1D1Qq6+8IEz27XHesp2I17S1LNZ5iEi4dVcn","preKeyId":7306864}},"BaETTFnHZRuieyOH3GLWlxgmLbX+zLrotGPdBW8NoZNu":{"registrationId":1872778351,"currentRatchet":{"ephemeralKeyPair":{"pubKey":"Bfk7OUY+tTFs/ccPiL/NRERhqsWIqp11n8Jc/dBHGwY6","privKey":"SFLgDb1XrUkkwriQ/JXpgzvjGlQOIMycY/WGWh+vVE8="},"lastRemoteEphemeralKey":"BbMu1Ngd2Ye6qmMf4k54NyHnRj58ywZ9Y3cjOzgp8ala","previousCounter":0,"rootKey":"wTnmDNPmbqMjd7NMlqnYJ6AdHRnJwDC25lDyVib/7H0="},"indexInfo":{"baseKey":"BaETTFnHZRuieyOH3GLWlxgmLbX+zLrotGPdBW8NoZNu","baseKeyType":1,"closed":1690524187253,"used":1690524169115,"created":1690524169115,"remoteIdentityKey":"BQHOYtdVmPmeLWbwY79h5njV+L026yG/VWLxLW/FHPIN"},"_chains":{"Bfk7OUY+tTFs/ccPiL/NRERhqsWIqp11n8Jc/dBHGwY6":{"chainKey":{"counter":4,"key":"hHazp4t+0ilDmREGK1Iv30M+E5vOinD0Jd86Ha5DGPQ="},"chainType":1,"messageKeys":{}}},"pendingPreKey":{"signedKeyId":2,"baseKey":"BaETTFnHZRuieyOH3GLWlxgmLbX+zLrotGPdBW8NoZNu","preKeyId":7306744}},"BchkCMpeaKBpSy9me1uv/elEbaF+yxI5nysIM1XnZuYa":{"registrationId":1872778351,"currentRatchet":{"ephemeralKeyPair":{"pubKey":"BdWpDx9wPSRr03nBdNjm8g8aRv2ZcKGn0AaNhBEIt4Ik","privKey":"EN2gspf6IV/BSrVtpGWrwjC07gEAAdumb1fddwY9BHw="},"lastRemoteEphemeralKey":"BbMu1Ngd2Ye6qmMf4k54NyHnRj58ywZ9Y3cjOzgp8ala","previousCounter":0,"rootKey":"sSh8uuoj+FdRiIvk5XnXXbQZmSGFgWoidxgBkc14j4c="},"indexInfo":{"baseKey":"BchkCMpeaKBpSy9me1uv/elEbaF+yxI5nysIM1XnZuYa","baseKeyType":1,"closed":-1,"used":1690524187218,"created":1690524187218,"remoteIdentityKey":"BQHOYtdVmPmeLWbwY79h5njV+L026yG/VWLxLW/FHPIN"},"_chains":{"BdWpDx9wPSRr03nBdNjm8g8aRv2ZcKGn0AaNhBEIt4Ik":{"chainKey":{"counter":187,"key":"+pn3zhQmdp8AoieBTk1Rgu7yC+RaD3RznlPdSGXKf5I="},"chainType":1,"messageKeys":{}}},"pendingPreKey":{"signedKeyId":2,"baseKey":"BchkCMpeaKBpSy9me1uv/elEbaF+yxI5nysIM1XnZuYa","preKeyId":7306756}}},"version":"v1"}