{"_sessions":{"BVNF+AXVz5w0NKRuR9E13pgxwN246Zb+6FNtqN0iwt4w":{"registrationId":712593342,"currentRatchet":{"ephemeralKeyPair":{"pubKey":"BeU/sBxrkC35HgGa/HPyL/nmpUICk7npRuI3B71hp8Yv","privKey":"uOs2ExqiDBC221UG9rsVg4GUR/6XqOyyVhKaMmHbNFM="},"lastRemoteEphemeralKey":"BTJhWYomb7vbxz4YZ/+O2eSXTh16qytCNvUnVYOf6Zc7","previousCounter":0,"rootKey":"5mUUOqt4enUitU5qBiqkoeEAFDCB8qO2H/6pdNnld/k="},"indexInfo":{"baseKey":"BVNF+AXVz5w0NKRuR9E13pgxwN246Zb+6FNtqN0iwt4w","baseKeyType":1,"closed":-1,"used":1690523857671,"created":1690523857671,"remoteIdentityKey":"BaCIYSPSV9SuzChRxaik/BZ7cnmO3Hk0KBi7HY70hO48"},"_chains":{"BeU/sBxrkC35HgGa/HPyL/nmpUICk7npRuI3B71hp8Yv":{"chainKey":{"counter":197,"key":"22FmVnj9Mya+rDoHlmo7qjIIVcolIJEkfR726mRwzUU="},"chainType":1,"messageKeys":{}}},"pendingPreKey":{"signedKeyId":1,"baseKey":"BVNF+AXVz5w0NKRuR9E13pgxwN246Zb+6FNtqN0iwt4w"}}},"version":"v1"}