{"_sessions":{"BccZx4KxgyBKEqc61km/wb+LlFYERWl+DzNCrrqs8Llo":{"registrationId":10996,"currentRatchet":{"ephemeralKeyPair":{"pubKey":"Bc0IcdWvwnB5pN7X7wIbPllMqR5fpfsXus/q+2APzMlY","privKey":"0Hp7pv0YXAHQgMvMI1EGk8pqqrIKyw2qEZRh6YmmNn4="},"lastRemoteEphemeralKey":"BeEqButKZEEF3f/JKEE2q+WY7jC6WperJkLYTYOmxv5e","previousCounter":0,"rootKey":"ZNCTUn/mKlTxDV5Whyvpk7pRsPcWhyO59WvQkq0/9mY="},"indexInfo":{"baseKey":"BccZx4KxgyBKEqc61km/wb+LlFYERWl+DzNCrrqs8Llo","baseKeyType":1,"closed":-1,"used":1690512846456,"created":1690512846456,"remoteIdentityKey":"BYh+kmM/bZ8bveDsl3FxseNqBLowTid7JN9gY+v54g0f"},"_chains":{"Bc0IcdWvwnB5pN7X7wIbPllMqR5fpfsXus/q+2APzMlY":{"chainKey":{"counter":2,"key":"gOYhh4y2CrnbpUa0JqW1IQnGdBZ9UPNSP0o4rVp1dTA="},"chainType":1,"messageKeys":{}}},"pendingPreKey":{"signedKeyId":1,"baseKey":"BccZx4KxgyBKEqc61km/wb+LlFYERWl+DzNCrrqs8Llo"}}},"version":"v1"}