{"_sessions":{"BftXKF9Z6RAm18tiKZxym9U8+DiIPboxjSnFbzHcAK5k":{"registrationId":74505321,"currentRatchet":{"ephemeralKeyPair":{"pubKey":"BQebE3ZI5K6l2b9hKCccSGITrUoQNAI8TZmMds+HRBdq","privKey":"IPOMUhBs7G5K7+Vw36Y0JwmgtWJMrZ1tQlMjyR3OGUU="},"lastRemoteEphemeralKey":"BYnNF1sZjRBxbvteC8DVQUe547hr8x5uZXKbRyca/pp8","previousCounter":0,"rootKey":"5bza8z1aRikvrKinBTN6qDebG972iMA9QDkt+T8xziw="},"indexInfo":{"baseKey":"BftXKF9Z6RAm18tiKZxym9U8+DiIPboxjSnFbzHcAK5k","baseKeyType":1,"closed":-1,"used":1690523856055,"created":1690523856055,"remoteIdentityKey":"BU0AqFKDM3cO4OtmExen5gI89bgdM/KU/0LAz2LHSfJ4"},"_chains":{"BQebE3ZI5K6l2b9hKCccSGITrUoQNAI8TZmMds+HRBdq":{"chainKey":{"counter":197,"key":"qSXrHzgJafNTvjJdpx8O9uq8jKPdBT8dUuq+xCR3vzc="},"chainType":1,"messageKeys":{}}},"pendingPreKey":{"signedKeyId":1,"baseKey":"BftXKF9Z6RAm18tiKZxym9U8+DiIPboxjSnFbzHcAK5k"}}},"version":"v1"}