{"_sessions":{"BZn1Uj3tRQ5z9Zf9Pbi5IX7pwujUG091Op8uyynLhyEM":{"registrationId":262103069,"currentRatchet":{"ephemeralKeyPair":{"pubKey":"BWKJ4HsppL9Nab3lOlifyrArHWDg+ENnD8xYLTSdJHdk","privKey":"kN4ve/ijd2m5wV/DhAITYnxIyhk2DCzsl+3V1FWb7ng="},"lastRemoteEphemeralKey":"BRy+i4IUcHkPwgnMwOguNaMAA6PB+QUdADe9BfVv/8d6","previousCounter":106,"rootKey":"fEpF8xyrDBxWMhHQ1LfC1yUsbuAdX943nu/wxNFlulg="},"indexInfo":{"baseKey":"BZn1Uj3tRQ5z9Zf9Pbi5IX7pwujUG091Op8uyynLhyEM","baseKeyType":1,"closed":-1,"used":1690534641772,"created":1690523857529,"remoteIdentityKey":"BasutkS7iTMCFNEXV5aVODeFNewFHcBDF4UUWFNqKYxw"},"_chains":{"BRy+i4IUcHkPwgnMwOguNaMAA6PB+QUdADe9BfVv/8d6":{"chainKey":{"counter":0,"key":"jMnZDOiWL1KZp82WjleOftv8QuwMsgEafZAaBGEU6i8="},"chainType":2,"messageKeys":{}},"BWKJ4HsppL9Nab3lOlifyrArHWDg+ENnD8xYLTSdJHdk":{"chainKey":{"counter":90,"key":"EzlkSlBxbyW9zOGkaxJpQN13FNZj50mN1pRDNxXIGvs="},"chainType":1,"messageKeys":{}}}}},"version":"v1"}