{"_sessions":{"BWOt8XaFZlLx4wi7K2G6fcTqxl1Tj15KrluOHzSoap5f":{"registrationId":1273984525,"currentRatchet":{"ephemeralKeyPair":{"pubKey":"BWcCY7ghqDdjVkWaWieTuhymb3Gs8tULOpDCUoNdXQJA","privKey":"QDe59KQ26NK/om63P/CVRvC12DOKbhaBX07012RPZkQ="},"lastRemoteEphemeralKey":"BVG9WflxY5K9jrFSkK6t6cnH99JgilTUbocE4GAskuxa","previousCounter":0,"rootKey":"ccJuwN+qKGLSsq8haOCuci60WPUwQNg0kcN+6Uhmsxo="},"indexInfo":{"baseKey":"BWOt8XaFZlLx4wi7K2G6fcTqxl1Tj15KrluOHzSoap5f","baseKeyType":1,"closed":-1,"used":1690523858094,"created":1690523858094,"remoteIdentityKey":"BTmDlH4NpERHbUcH0CgMWrgEUnoenqqnkOISlZ4oj9AL"},"_chains":{"BWcCY7ghqDdjVkWaWieTuhymb3Gs8tULOpDCUoNdXQJA":{"chainKey":{"counter":197,"key":"zz78P4xcKMwUIDy7skejDzRfaSw3Hvhx0dtWmC2G+4s="},"chainType":1,"messageKeys":{}}},"pendingPreKey":{"signedKeyId":0,"baseKey":"BWOt8XaFZlLx4wi7K2G6fcTqxl1Tj15KrluOHzSoap5f"}}},"version":"v1"}