{"_sessions":{"Bb4cCjrSi9nJutCalzhaRBgkyhd+VgeovOx2V55lAHsJ":{"registrationId":127,"currentRatchet":{"ephemeralKeyPair":{"pubKey":"BVb9Y8gMvufyqcuNOE0McXlk36pEB2X11MANz8Ir2Oto","privKey":"ULX5a0SfsZhqhudVg9JATx1qTh3HFtzFiyfyeNurdlU="},"lastRemoteEphemeralKey":"BREVmSvZRK1t6C8354+c63n7Xqtp09+DHvATERUEDilC","previousCounter":0,"rootKey":"k+nXQdh5+rHhlEMiSlfMhemPyGH9Nn3IVMUEcAy4OvA="},"indexInfo":{"baseKey":"Bb4cCjrSi9nJutCalzhaRBgkyhd+VgeovOx2V55lAHsJ","baseKeyType":1,"closed":1690524438580,"used":1690523855637,"created":1690523855637,"remoteIdentityKey":"BauaGRrk0mqJU2d3Jkt8OGOv1B6jQ69OThcK6eluH/8k"},"_chains":{"BVb9Y8gMvufyqcuNOE0McXlk36pEB2X11MANz8Ir2Oto":{"chainKey":{"counter":18,"key":"8xOjVdkOfhxiYR/JMOb5GhiI0ksrjTP3Sr+hq2w1Lw0="},"chainType":1,"messageKeys":{}}},"pendingPreKey":{"signedKeyId":1,"baseKey":"Bb4cCjrSi9nJutCalzhaRBgkyhd+VgeovOx2V55lAHsJ"}},"BSfG4ZyYxHoHa7CV02s6YL0RqpqYN+SdA1iDmIFW9yEm":{"registrationId":127,"currentRatchet":{"ephemeralKeyPair":{"pubKey":"Ba8tX8jCLoFoZcwAyvp3Sm05+XNs+Ic87owct59iPSEl","privKey":"4CoUc4Xb/Ozp8B0lfzg7lfpy8VHLvaoIqZYcN+FEHXw="},"lastRemoteEphemeralKey":"BREVmSvZRK1t6C8354+c63n7Xqtp09+DHvATERUEDilC","previousCounter":0,"rootKey":"VF2Dg367QNjq9vG0JRRiJudNPCBgV4QtqmwNOmNqX6A="},"indexInfo":{"baseKey":"BSfG4ZyYxHoHa7CV02s6YL0RqpqYN+SdA1iDmIFW9yEm","baseKeyType":1,"closed":1690524444391,"used":1690524438554,"created":1690524438554,"remoteIdentityKey":"BauaGRrk0mqJU2d3Jkt8OGOv1B6jQ69OThcK6eluH/8k"},"_chains":{"Ba8tX8jCLoFoZcwAyvp3Sm05+XNs+Ic87owct59iPSEl":{"chainKey":{"counter":0,"key":"Fn3XpWiWprmyKKddC2IfdQ225PwxwhbmXcdLmIOfjro="},"chainType":1,"messageKeys":{}}},"pendingPreKey":{"signedKeyId":1,"baseKey":"BSfG4ZyYxHoHa7CV02s6YL0RqpqYN+SdA1iDmIFW9yEm"}},"BTnWOUHbeDoCVcDaFCZ8ORWn0DPJMJln9w3EKNcHxtQm":{"registrationId":127,"currentRatchet":{"ephemeralKeyPair":{"pubKey":"BcvvAcFFAeXtzIglRXz4u1Rz61a9jqV0ult4wIy2bTsA","privKey":"mFekmlEGv65VVtYFjk4hd+p4ceHF7DITyB5rBjNvNVU="},"lastRemoteEphemeralKey":"BREVmSvZRK1t6C8354+c63n7Xqtp09+DHvATERUEDilC","previousCounter":0,"rootKey":"9H/Zg90JhC3UYILgxZyJS9TZOKqET+xbCFs58HSaUbY="},"indexInfo":{"baseKey":"BTnWOUHbeDoCVcDaFCZ8ORWn0DPJMJln9w3EKNcHxtQm","baseKeyType":1,"closed":1690524450266,"used":1690524444382,"created":1690524444382,"remoteIdentityKey":"BauaGRrk0mqJU2d3Jkt8OGOv1B6jQ69OThcK6eluH/8k"},"_chains":{"BcvvAcFFAeXtzIglRXz4u1Rz61a9jqV0ult4wIy2bTsA":{"chainKey":{"counter":0,"key":"m0N8hQOTqgYguTxlriHdrg/YExLzM4rCTJJjqEvKOqc="},"chainType":1,"messageKeys":{}}},"pendingPreKey":{"signedKeyId":1,"baseKey":"BTnWOUHbeDoCVcDaFCZ8ORWn0DPJMJln9w3EKNcHxtQm"}},"BbyBPppcTmoJtF70Ibdcs/Yw4wzvF9fYOWXCc4gxj2Qq":{"registrationId":127,"currentRatchet":{"ephemeralKeyPair":{"pubKey":"BXqjuDQEgfZzUToL3x0ZKqW0vY8v1k/o9VLZ0ppeOg11","privKey":"6JM/w/SYoLRxhslloCwtiHrWqrZYCmiY9/J4YxqpUGs="},"lastRemoteEphemeralKey":"BREVmSvZRK1t6C8354+c63n7Xqtp09+DHvATERUEDilC","previousCounter":0,"rootKey":"fP9T7hCUUusOUwEMd/0UYitSTzEVTTq/OREnp1uc4d0="},"indexInfo":{"baseKey":"BbyBPppcTmoJtF70Ibdcs/Yw4wzvF9fYOWXCc4gxj2Qq","baseKeyType":1,"closed":1690524454926,"used":1690524450249,"created":1690524450249,"remoteIdentityKey":"BauaGRrk0mqJU2d3Jkt8OGOv1B6jQ69OThcK6eluH/8k"},"_chains":{"BXqjuDQEgfZzUToL3x0ZKqW0vY8v1k/o9VLZ0ppeOg11":{"chainKey":{"counter":0,"key":"OuaAzB5lVxQm8x1r0CiZAvnkTfVKlFMBaf0g9syGUp4="},"chainType":1,"messageKeys":{}}},"pendingPreKey":{"signedKeyId":1,"baseKey":"BbyBPppcTmoJtF70Ibdcs/Yw4wzvF9fYOWXCc4gxj2Qq"}},"BX58jYsk6fVhZlUQweFBf8Vnq+mI+bqeLGwQ7doRVuU3":{"registrationId":127,"currentRatchet":{"ephemeralKeyPair":{"pubKey":"Bcjn+n/+8c9QNVJiz/ZBGKde/m0TY6gsdXxhUPzUqJoo","privKey":"CBNy3fvwzWvgGawHxAj7DemSVtsg3Op0BYjIxoElpG0="},"lastRemoteEphemeralKey":"BREVmSvZRK1t6C8354+c63n7Xqtp09+DHvATERUEDilC","previousCounter":0,"rootKey":"oox3pZQYplTyYkKiq28MckEPxYs5/Fxnf1LFtKHeByE="},"indexInfo":{"baseKey":"BX58jYsk6fVhZlUQweFBf8Vnq+mI+bqeLGwQ7doRVuU3","baseKeyType":1,"closed":1690524458869,"used":1690524454886,"created":1690524454886,"remoteIdentityKey":"BauaGRrk0mqJU2d3Jkt8OGOv1B6jQ69OThcK6eluH/8k"},"_chains":{"Bcjn+n/+8c9QNVJiz/ZBGKde/m0TY6gsdXxhUPzUqJoo":{"chainKey":{"counter":0,"key":"oZGYNuCVr7S7CpXgWFA8JFpSmWtMGrUOxfcrWtHd7ss="},"chainType":1,"messageKeys":{}}},"pendingPreKey":{"signedKeyId":1,"baseKey":"BX58jYsk6fVhZlUQweFBf8Vnq+mI+bqeLGwQ7doRVuU3"}},"BakkgstdDkpJjEbA/vt46RcziIVn9L4C/DO+BfznvPNP":{"registrationId":127,"currentRatchet":{"ephemeralKeyPair":{"pubKey":"Bd69erXOPacDAuD7BIa1vT2uHCiMiGVakGJqSX+D7UBx","privKey":"2AVDivz4KD1G+2Go/XfsAQTcIXvMprc/rnRNjy9hWWA="},"lastRemoteEphemeralKey":"BREVmSvZRK1t6C8354+c63n7Xqtp09+DHvATERUEDilC","previousCounter":0,"rootKey":"V/mPWv3r/cFwCAK9FH9V+tnZiAgpSKWrbsbwHKKCEmU="},"indexInfo":{"baseKey":"BakkgstdDkpJjEbA/vt46RcziIVn9L4C/DO+BfznvPNP","baseKeyType":1,"closed":1690525327474,"used":1690524458826,"created":1690524458826,"remoteIdentityKey":"BauaGRrk0mqJU2d3Jkt8OGOv1B6jQ69OThcK6eluH/8k"},"_chains":{"Bd69erXOPacDAuD7BIa1vT2uHCiMiGVakGJqSX+D7UBx":{"chainKey":{"counter":14,"key":"DW+gGqZ/JyWFtDBd5wX4LoqWZc7lP596f5N0Oan2nyU="},"chainType":1,"messageKeys":{}}},"pendingPreKey":{"signedKeyId":1,"baseKey":"BakkgstdDkpJjEbA/vt46RcziIVn9L4C/DO+BfznvPNP"}},"BQLuXr6C4PSwJPg0cFMT3bbOtBOoVlSdpvpmj8xYvVVQ":{"registrationId":127,"currentRatchet":{"ephemeralKeyPair":{"pubKey":"BcpeFXtd0A+yyedqZPt4BzX1ZMxqb5KVkdgPjMN7Psck","privKey":"+H9wJ81bC/VpH9OrFKmq/8CxI+62hf629pPzrEG0t0w="},"lastRemoteEphemeralKey":"BREVmSvZRK1t6C8354+c63n7Xqtp09+DHvATERUEDilC","previousCounter":0,"rootKey":"89Chrk04ymARwn7sGBKy5KveeLXqlVsLTPr0sqK51Xc="},"indexInfo":{"baseKey":"BQLuXr6C4PSwJPg0cFMT3bbOtBOoVlSdpvpmj8xYvVVQ","baseKeyType":1,"closed":1690525334367,"used":1690525327444,"created":1690525327444,"remoteIdentityKey":"BauaGRrk0mqJU2d3Jkt8OGOv1B6jQ69OThcK6eluH/8k"},"_chains":{"BcpeFXtd0A+yyedqZPt4BzX1ZMxqb5KVkdgPjMN7Psck":{"chainKey":{"counter":0,"key":"bEQiLK0nVQ4fRBG3o1qDtSunnYzTIokEr/Tm6H3AiAQ="},"chainType":1,"messageKeys":{}}},"pendingPreKey":{"signedKeyId":1,"baseKey":"BQLuXr6C4PSwJPg0cFMT3bbOtBOoVlSdpvpmj8xYvVVQ"}},"BTIycO61tnXiF/bZE5xGGnwDKkJC94tMKx7IELri0b1u":{"registrationId":127,"currentRatchet":{"ephemeralKeyPair":{"pubKey":"BUhKcX7FKdKwIqMq8Z4/oDMC5e1kJO6LXNYon2G+O6kr","privKey":"EH1llddkfZXTwd7XPExWV4JQtfMdNelY/aOQK3NRQFQ="},"lastRemoteEphemeralKey":"BREVmSvZRK1t6C8354+c63n7Xqtp09+DHvATERUEDilC","previousCounter":0,"rootKey":"F1jL/eG372875yI83W30Ly/EHpReD0GxWaOfPWRRtcM="},"indexInfo":{"baseKey":"BTIycO61tnXiF/bZE5xGGnwDKkJC94tMKx7IELri0b1u","baseKeyType":1,"closed":1690525342353,"used":1690525334354,"created":1690525334354,"remoteIdentityKey":"BauaGRrk0mqJU2d3Jkt8OGOv1B6jQ69OThcK6eluH/8k"},"_chains":{"BUhKcX7FKdKwIqMq8Z4/oDMC5e1kJO6LXNYon2G+O6kr":{"chainKey":{"counter":0,"key":"rM+XUpnsuDwyoQ3Nl9GErZwcfPThpTz0nOPUdje2+fg="},"chainType":1,"messageKeys":{}}},"pendingPreKey":{"signedKeyId":1,"baseKey":"BTIycO61tnXiF/bZE5xGGnwDKkJC94tMKx7IELri0b1u"}},"BURIh3lwsFAoA2pi8yIQuhHiJ0rkP4rg/Ve9RoTXQfRQ":{"registrationId":127,"currentRatchet":{"ephemeralKeyPair":{"pubKey":"BcPHcdHBH6usaUo9VzCdbnnUASwoEfm3+uHsklsT1zMo","privKey":"0NRhcBAdBx2SbfYtNU7oH1YplLDHpXJDKMnCCXizT28="},"lastRemoteEphemeralKey":"BREVmSvZRK1t6C8354+c63n7Xqtp09+DHvATERUEDilC","previousCounter":0,"rootKey":"+/mWN8yOWtgdeg8puMl8rEUUNmBVqXK3y615+KYyof4="},"indexInfo":{"baseKey":"BURIh3lwsFAoA2pi8yIQuhHiJ0rkP4rg/Ve9RoTXQfRQ","baseKeyType":1,"closed":1690525345956,"used":1690525342314,"created":1690525342314,"remoteIdentityKey":"BauaGRrk0mqJU2d3Jkt8OGOv1B6jQ69OThcK6eluH/8k"},"_chains":{"BcPHcdHBH6usaUo9VzCdbnnUASwoEfm3+uHsklsT1zMo":{"chainKey":{"counter":0,"key":"cCmIgrPKPRS3i6tPnerqKyzTREWfYmJFhR3v7WFG6Jk="},"chainType":1,"messageKeys":{}}},"pendingPreKey":{"signedKeyId":1,"baseKey":"BURIh3lwsFAoA2pi8yIQuhHiJ0rkP4rg/Ve9RoTXQfRQ"}},"BVlCOl4slDsj33wEhAFgHxe+jltpPJ05y/8H6eTiHSxg":{"registrationId":127,"currentRatchet":{"ephemeralKeyPair":{"pubKey":"BST/8EnfsJfRzgjGEJ66W0lO6yZyJSAkhCU72rnXWgAf","privKey":"2J+R7ujbTNmy/MUvnfS0JVqdMZx+gYazeTkE7RI3olM="},"lastRemoteEphemeralKey":"BREVmSvZRK1t6C8354+c63n7Xqtp09+DHvATERUEDilC","previousCounter":0,"rootKey":"l3RrlxeMqDmJIgJalpBI9HaIGovbk8pr5AjxeTRZwSE="},"indexInfo":{"baseKey":"BVlCOl4slDsj33wEhAFgHxe+jltpPJ05y/8H6eTiHSxg","baseKeyType":1,"closed":1690525351744,"used":1690525345932,"created":1690525345932,"remoteIdentityKey":"BauaGRrk0mqJU2d3Jkt8OGOv1B6jQ69OThcK6eluH/8k"},"_chains":{"BST/8EnfsJfRzgjGEJ66W0lO6yZyJSAkhCU72rnXWgAf":{"chainKey":{"counter":0,"key":"zHt/PXADL1tt9y3Y1m4RAC9OZVnI4ssq1ohKzCfNhh0="},"chainType":1,"messageKeys":{}}},"pendingPreKey":{"signedKeyId":1,"baseKey":"BVlCOl4slDsj33wEhAFgHxe+jltpPJ05y/8H6eTiHSxg"}},"Bcr2Qv1/zEh9gNAxqz2QNI1l2mzpvSgJbHe+QY6H8PA7":{"registrationId":127,"currentRatchet":{"ephemeralKeyPair":{"pubKey":"BbHQzcnMh+1Cps10oSEI4BIwUiSQiD9ZLk9WtGu5Cg0M","privKey":"mDrt8bifaCx/wOXdkMjpfOoiJ1XbGfMw5vilq6a44ls="},"lastRemoteEphemeralKey":"BREVmSvZRK1t6C8354+c63n7Xqtp09+DHvATERUEDilC","previousCounter":0,"rootKey":"XMlRXV9FbK6cN7P10e5zZXgfwZThE6Z/i46HsMBwvjE="},"indexInfo":{"baseKey":"Bcr2Qv1/zEh9gNAxqz2QNI1l2mzpvSgJbHe+QY6H8PA7","baseKeyType":1,"closed":1690525354542,"used":1690525351717,"created":1690525351717,"remoteIdentityKey":"BauaGRrk0mqJU2d3Jkt8OGOv1B6jQ69OThcK6eluH/8k"},"_chains":{"BbHQzcnMh+1Cps10oSEI4BIwUiSQiD9ZLk9WtGu5Cg0M":{"chainKey":{"counter":0,"key":"Hy+ZgRX8dS3CdNIIdts8n4o5vsUOcMs/q7El6H2tCz4="},"chainType":1,"messageKeys":{}}},"pendingPreKey":{"signedKeyId":1,"baseKey":"Bcr2Qv1/zEh9gNAxqz2QNI1l2mzpvSgJbHe+QY6H8PA7"}},"BY2qQCXDOrwRfrIhPqMkWdtc+glidnSXaRs0S7gY+fto":{"registrationId":127,"currentRatchet":{"ephemeralKeyPair":{"pubKey":"BYnotq2oc2bSkUWLlldfOcFuwRQeusO6bUTx+m+Xk95E","privKey":"8LMwdpbJ0HcIsBhRQ/F3uBc0afUFfvnB/0pMHjxG4Wo="},"lastRemoteEphemeralKey":"BREVmSvZRK1t6C8354+c63n7Xqtp09+DHvATERUEDilC","previousCounter":0,"rootKey":"uRYi0o3Hyn9ACr9Flk8HxSVTesBZhB9HSV0K8pO0l58="},"indexInfo":{"baseKey":"BY2qQCXDOrwRfrIhPqMkWdtc+glidnSXaRs0S7gY+fto","baseKeyType":1,"closed":1690525362406,"used":1690525354526,"created":1690525354526,"remoteIdentityKey":"BauaGRrk0mqJU2d3Jkt8OGOv1B6jQ69OThcK6eluH/8k"},"_chains":{"BYnotq2oc2bSkUWLlldfOcFuwRQeusO6bUTx+m+Xk95E":{"chainKey":{"counter":0,"key":"ZvwJA/zP/BoWk21VgrDP7ULxhui0rNgW0/rL2/hxI7A="},"chainType":1,"messageKeys":{}}},"pendingPreKey":{"signedKeyId":1,"baseKey":"BY2qQCXDOrwRfrIhPqMkWdtc+glidnSXaRs0S7gY+fto"}},"BVHVKYQy/3mXMYVR9lp3j56o938eDEEvY5eFMLtaDdFm":{"registrationId":127,"currentRatchet":{"ephemeralKeyPair":{"pubKey":"BQIj+ByvhK0YCPUETYj7t6Nl5cN8hk1wd+9grm89lQ00","privKey":"mMo3xOqGUkrx6EwYQ3kBNPJqgdHO6F2ozedUNiy/I3E="},"lastRemoteEphemeralKey":"BREVmSvZRK1t6C8354+c63n7Xqtp09+DHvATERUEDilC","previousCounter":0,"rootKey":"N2ZoSIETb1VpHvSQFciBYYyfmlSopLAQqB/p1eiLiFA="},"indexInfo":{"baseKey":"BVHVKYQy/3mXMYVR9lp3j56o938eDEEvY5eFMLtaDdFm","baseKeyType":1,"closed":1690525367336,"used":1690525362388,"created":1690525362388,"remoteIdentityKey":"BauaGRrk0mqJU2d3Jkt8OGOv1B6jQ69OThcK6eluH/8k"},"_chains":{"BQIj+ByvhK0YCPUETYj7t6Nl5cN8hk1wd+9grm89lQ00":{"chainKey":{"counter":0,"key":"cOTaiklx/Vj3i4wpx8HZuRz4OHePVZ3+6k1wcUV8iBs="},"chainType":1,"messageKeys":{}}},"pendingPreKey":{"signedKeyId":1,"baseKey":"BVHVKYQy/3mXMYVR9lp3j56o938eDEEvY5eFMLtaDdFm"}},"BWwqQy3ti91uAfcNJakkbGJdJmHnRWTiHMqEZlFEBr4T":{"registrationId":127,"currentRatchet":{"ephemeralKeyPair":{"pubKey":"BYJNAePOsAm3sXkyTeFmHEe9o+7uYR7YKN57siwUohgG","privKey":"iAK+7/nP3oGDFR5uxoS1cz5On5oH1PkmWAO/GuPwOnI="},"lastRemoteEphemeralKey":"BREVmSvZRK1t6C8354+c63n7Xqtp09+DHvATERUEDilC","previousCounter":0,"rootKey":"LEEQ5ZoMPB9ixchlLrKFA8088+4we1jxXVs/1BA6fJ0="},"indexInfo":{"baseKey":"BWwqQy3ti91uAfcNJakkbGJdJmHnRWTiHMqEZlFEBr4T","baseKeyType":1,"closed":1690525373343,"used":1690525367313,"created":1690525367313,"remoteIdentityKey":"BauaGRrk0mqJU2d3Jkt8OGOv1B6jQ69OThcK6eluH/8k"},"_chains":{"BYJNAePOsAm3sXkyTeFmHEe9o+7uYR7YKN57siwUohgG":{"chainKey":{"counter":0,"key":"AwHD2Vlq/o9wu5YD70M9aSOgJr15VSv97JsN/bTYJSE="},"chainType":1,"messageKeys":{}}},"pendingPreKey":{"signedKeyId":1,"baseKey":"BWwqQy3ti91uAfcNJakkbGJdJmHnRWTiHMqEZlFEBr4T"}},"BRyBZIZYYdQBAGg9GIlxvSjXSaL73WUCW4CPkhdfRJNq":{"registrationId":127,"currentRatchet":{"ephemeralKeyPair":{"pubKey":"BXHpgPgzB3cY05SOm6eAlf24Cyi7IMdaY3xF5MgpGe1e","privKey":"eMhMZrLp1NkDB6tdG/agx7iZvKvZ74kOiviPSBKFoFQ="},"lastRemoteEphemeralKey":"BREVmSvZRK1t6C8354+c63n7Xqtp09+DHvATERUEDilC","previousCounter":0,"rootKey":"w4v4vw5nBBPapEGlIr1tRo801cQB4jmwoDKUpk89B5A="},"indexInfo":{"baseKey":"BRyBZIZYYdQBAGg9GIlxvSjXSaL73WUCW4CPkhdfRJNq","baseKeyType":1,"closed":1690525378978,"used":1690525373321,"created":1690525373321,"remoteIdentityKey":"BauaGRrk0mqJU2d3Jkt8OGOv1B6jQ69OThcK6eluH/8k"},"_chains":{"BXHpgPgzB3cY05SOm6eAlf24Cyi7IMdaY3xF5MgpGe1e":{"chainKey":{"counter":0,"key":"ODGM27SpVPfAYdBKZn1L/PxdUy4m2hndgyTwVwks3+k="},"chainType":1,"messageKeys":{}}},"pendingPreKey":{"signedKeyId":1,"baseKey":"BRyBZIZYYdQBAGg9GIlxvSjXSaL73WUCW4CPkhdfRJNq"}},"BW5fLcoBKQK73Q12VRDq3JLEb7ECY/YPRuOd+R060Oh8":{"registrationId":127,"currentRatchet":{"ephemeralKeyPair":{"pubKey":"BZbmUd2/7hVZdu9jc8pl5nb2j6MqoJss9/Bx83bEVkI4","privKey":"QPX96WW5eUgsgDMop9JWZ55TZiXcJi/gaOtqg32y8U0="},"lastRemoteEphemeralKey":"BREVmSvZRK1t6C8354+c63n7Xqtp09+DHvATERUEDilC","previousCounter":0,"rootKey":"GD69at7lgc8zDgteIXWwDG+lKKdLipQieKE7H5LQ0WY="},"indexInfo":{"baseKey":"BW5fLcoBKQK73Q12VRDq3JLEb7ECY/YPRuOd+R060Oh8","baseKeyType":1,"closed":1690525382406,"used":1690525378955,"created":1690525378955,"remoteIdentityKey":"BauaGRrk0mqJU2d3Jkt8OGOv1B6jQ69OThcK6eluH/8k"},"_chains":{"BZbmUd2/7hVZdu9jc8pl5nb2j6MqoJss9/Bx83bEVkI4":{"chainKey":{"counter":0,"key":"xtpSPUa+f6yz3jhiHIOluFItJpDOIms+TQvYnM2tm5M="},"chainType":1,"messageKeys":{}}},"pendingPreKey":{"signedKeyId":1,"baseKey":"BW5fLcoBKQK73Q12VRDq3JLEb7ECY/YPRuOd+R060Oh8"}},"Bd2YgWwoVfY3qMqQaNG78dhmA/XnfN6PmzRhMgVfH01V":{"registrationId":127,"currentRatchet":{"ephemeralKeyPair":{"pubKey":"BQPx95rYypnzChXBJijOw+efjEX4PF60k8R3EeOIxJ8G","privKey":"cCmlce+qzMduWPal/aqTYr6Wi+anB61UvodtaimkDFQ="},"lastRemoteEphemeralKey":"BREVmSvZRK1t6C8354+c63n7Xqtp09+DHvATERUEDilC","previousCounter":0,"rootKey":"GurP35E1qVUymDxuh8rlGyx2GhJupTGBeQ617at1emk="},"indexInfo":{"baseKey":"Bd2YgWwoVfY3qMqQaNG78dhmA/XnfN6PmzRhMgVfH01V","baseKeyType":1,"closed":1690525392026,"used":1690525382389,"created":1690525382389,"remoteIdentityKey":"BauaGRrk0mqJU2d3Jkt8OGOv1B6jQ69OThcK6eluH/8k"},"_chains":{"BQPx95rYypnzChXBJijOw+efjEX4PF60k8R3EeOIxJ8G":{"chainKey":{"counter":0,"key":"+hiSY0V8+OpFZsA1Z6wUmXuyrXPNyRywfFLx1wmhPrg="},"chainType":1,"messageKeys":{}}},"pendingPreKey":{"signedKeyId":1,"baseKey":"Bd2YgWwoVfY3qMqQaNG78dhmA/XnfN6PmzRhMgVfH01V"}},"BRrtXc//hUDvwPTm5w3tyYoUB5l54gQhVtXO+KzE7vks":{"registrationId":127,"currentRatchet":{"ephemeralKeyPair":{"pubKey":"BesUwe8EUy/LJWIlaQuWkAYuFXbugKV+RdKojGEPdPp2","privKey":"iMPdRl9Uzpw7rtao2N2hsVj+JBzEuuO4+7SgJuyZuVQ="},"lastRemoteEphemeralKey":"BREVmSvZRK1t6C8354+c63n7Xqtp09+DHvATERUEDilC","previousCounter":0,"rootKey":"hog2NUGpQTh+zYgLYZ9TIyw/pJHBsx3bZpaDzuJm6Gg="},"indexInfo":{"baseKey":"BRrtXc//hUDvwPTm5w3tyYoUB5l54gQhVtXO+KzE7vks","baseKeyType":1,"closed":1690525395690,"used":1690525392012,"created":1690525392012,"remoteIdentityKey":"BauaGRrk0mqJU2d3Jkt8OGOv1B6jQ69OThcK6eluH/8k"},"_chains":{"BesUwe8EUy/LJWIlaQuWkAYuFXbugKV+RdKojGEPdPp2":{"chainKey":{"counter":0,"key":"SoBOnQFN26MsOKYa9KrUONDoTkSHuKNH/n/I/bSg2iA="},"chainType":1,"messageKeys":{}}},"pendingPreKey":{"signedKeyId":1,"baseKey":"BRrtXc//hUDvwPTm5w3tyYoUB5l54gQhVtXO+KzE7vks"}},"Bfqa2SXcWg3zQeJZSZCwuKYARHt7LP7qG7caMCwC27k1":{"registrationId":127,"currentRatchet":{"ephemeralKeyPair":{"pubKey":"BeNRYcDu915x7V1fNwEZ0AU7RmyWiAm7o42QV95CYb0U","privKey":"oACIxOptbGuo06NIFfr8//ciQ89z2q5xQAgu4nzAtmQ="},"lastRemoteEphemeralKey":"BREVmSvZRK1t6C8354+c63n7Xqtp09+DHvATERUEDilC","previousCounter":0,"rootKey":"vUlhNKYD7GwaH1nTbe+c1B0uqe0hdnUDb/V3RqnB/Kg="},"indexInfo":{"baseKey":"Bfqa2SXcWg3zQeJZSZCwuKYARHt7LP7qG7caMCwC27k1","baseKeyType":1,"closed":1690526864917,"used":1690525395669,"created":1690525395669,"remoteIdentityKey":"BauaGRrk0mqJU2d3Jkt8OGOv1B6jQ69OThcK6eluH/8k"},"_chains":{"BeNRYcDu915x7V1fNwEZ0AU7RmyWiAm7o42QV95CYb0U":{"chainKey":{"counter":2,"key":"KSfQuYhO7kr1z1ILIeaOkSnRgmK53YUG3SR1rErvGNQ="},"chainType":1,"messageKeys":{}}},"pendingPreKey":{"signedKeyId":1,"baseKey":"Bfqa2SXcWg3zQeJZSZCwuKYARHt7LP7qG7caMCwC27k1"}},"BVuaKFHyCbLJI/3zkS1ALhk+MkC01lkJsY8jI2DaDkdZ":{"registrationId":127,"currentRatchet":{"ephemeralKeyPair":{"pubKey":"BRnsNP4aJejNi+bRvaYX0yejqHmDriHXnPiE7obf3wco","privKey":"APgsPCLAO2LFkRpYRiwocPnuMKZmSb7NM8IR2hZfJVg="},"lastRemoteEphemeralKey":"BREVmSvZRK1t6C8354+c63n7Xqtp09+DHvATERUEDilC","previousCounter":0,"rootKey":"y3JOk1xPwa+P4N00/LgvfRA4o1QQJHE+F5hvFEn8pXk="},"indexInfo":{"baseKey":"BVuaKFHyCbLJI/3zkS1ALhk+MkC01lkJsY8jI2DaDkdZ","baseKeyType":1,"closed":1690526867744,"used":1690526864888,"created":1690526864888,"remoteIdentityKey":"BauaGRrk0mqJU2d3Jkt8OGOv1B6jQ69OThcK6eluH/8k"},"_chains":{"BRnsNP4aJejNi+bRvaYX0yejqHmDriHXnPiE7obf3wco":{"chainKey":{"counter":0,"key":"u2nzEzppTX29wOVDmIvhc/oFLkBRzlPKQ0XpE8DFolU="},"chainType":1,"messageKeys":{}}},"pendingPreKey":{"signedKeyId":1,"baseKey":"BVuaKFHyCbLJI/3zkS1ALhk+MkC01lkJsY8jI2DaDkdZ"}},"BR894ZvxEpwrN6wDkoG2IEgx7CAc6tR+BdbC+9xqaxR1":{"registrationId":127,"currentRatchet":{"ephemeralKeyPair":{"pubKey":"BdTOoiM1oL8B+1u/TpmYqi7XRwx8yWMVhEK2AWi0qVgK","privKey":"6HOFno+C4+TZPDW+6JCsgHW46pEnLjgKRTXpigSPM0Q="},"lastRemoteEphemeralKey":"BREVmSvZRK1t6C8354+c63n7Xqtp09+DHvATERUEDilC","previousCounter":0,"rootKey":"/a8cXu1putuvZD3y5FkUA60hR9H+PLnS2Eu0nXbi9tc="},"indexInfo":{"baseKey":"BR894ZvxEpwrN6wDkoG2IEgx7CAc6tR+BdbC+9xqaxR1","baseKeyType":1,"closed":1690526874147,"used":1690526867716,"created":1690526867716,"remoteIdentityKey":"BauaGRrk0mqJU2d3Jkt8OGOv1B6jQ69OThcK6eluH/8k"},"_chains":{"BdTOoiM1oL8B+1u/TpmYqi7XRwx8yWMVhEK2AWi0qVgK":{"chainKey":{"counter":0,"key":"UocFn6hjMEekop0AgABDeuJVjyE8cwrqsSxPn4CBWIM="},"chainType":1,"messageKeys":{}}},"pendingPreKey":{"signedKeyId":1,"baseKey":"BR894ZvxEpwrN6wDkoG2IEgx7CAc6tR+BdbC+9xqaxR1"}},"BRXRVr9VcP7e1CTwu3S/StC2nOAy0PENn0hohpCmHS5K":{"registrationId":127,"currentRatchet":{"ephemeralKeyPair":{"pubKey":"BR9pFX64p1VU4f2QB+vh27ukxT977JKwWbu+t5RKAOBE","privKey":"6IW6zbjBsIVUOYl4/pL3RArRq5RspH9CzLhnCv6FIV8="},"lastRemoteEphemeralKey":"BREVmSvZRK1t6C8354+c63n7Xqtp09+DHvATERUEDilC","previousCounter":0,"rootKey":"lr2HioEacEqlszY9CmuX+4zfKzfhQomdxcxVcMfhd2U="},"indexInfo":{"baseKey":"BRXRVr9VcP7e1CTwu3S/StC2nOAy0PENn0hohpCmHS5K","baseKeyType":1,"closed":1690526882465,"used":1690526874132,"created":1690526874132,"remoteIdentityKey":"BauaGRrk0mqJU2d3Jkt8OGOv1B6jQ69OThcK6eluH/8k"},"_chains":{"BR9pFX64p1VU4f2QB+vh27ukxT977JKwWbu+t5RKAOBE":{"chainKey":{"counter":0,"key":"ePlo9RBdprM7TknC/T98Em46CQOd7IV9wZP6WnUrOI0="},"chainType":1,"messageKeys":{}}},"pendingPreKey":{"signedKeyId":1,"baseKey":"BRXRVr9VcP7e1CTwu3S/StC2nOAy0PENn0hohpCmHS5K"}},"BTA++/HT4cI7o2NKpyoc7LEsz0npPG7BU62T0WH22mRy":{"registrationId":127,"currentRatchet":{"ephemeralKeyPair":{"pubKey":"BY2VsykaPLQ4wXFjx8OY5tW/pWfwssj612Xfe8Xtep87","privKey":"4Nt1zyK7yyl55L47BbnijJ5AEQpcLHV3s7WF73BM/Xs="},"lastRemoteEphemeralKey":"BREVmSvZRK1t6C8354+c63n7Xqtp09+DHvATERUEDilC","previousCounter":0,"rootKey":"ei3myqygFG6HYplutT9eqtAZczJBFLsEMAZ8o7PwvYU="},"indexInfo":{"baseKey":"BTA++/HT4cI7o2NKpyoc7LEsz0npPG7BU62T0WH22mRy","baseKeyType":1,"closed":1690526895151,"used":1690526882449,"created":1690526882449,"remoteIdentityKey":"BauaGRrk0mqJU2d3Jkt8OGOv1B6jQ69OThcK6eluH/8k"},"_chains":{"BY2VsykaPLQ4wXFjx8OY5tW/pWfwssj612Xfe8Xtep87":{"chainKey":{"counter":0,"key":"xekoQF8ApUo1QQR7Frp0WU8K4dsditE7Q9xPuhYq+bs="},"chainType":1,"messageKeys":{}}},"pendingPreKey":{"signedKeyId":1,"baseKey":"BTA++/HT4cI7o2NKpyoc7LEsz0npPG7BU62T0WH22mRy"}},"BRv3aMQxgeHBIHQ5CW3ZtY9Oj2udSjD5svBtQ9IRJMtW":{"registrationId":127,"currentRatchet":{"ephemeralKeyPair":{"pubKey":"BerojOPi3EmbpTmKNT+hEacYLhvEEbsdT4hQZAmXiX8X","privKey":"8JqLOMiMY8E5WqQgSPfOFQtpcbNDQO2RR9Z5wTggE1Y="},"lastRemoteEphemeralKey":"BREVmSvZRK1t6C8354+c63n7Xqtp09+DHvATERUEDilC","previousCounter":0,"rootKey":"jMMdpPavVmw5DLh8vzqbF9QZtGUvzbSHwdBmvIcViwE="},"indexInfo":{"baseKey":"BRv3aMQxgeHBIHQ5CW3ZtY9Oj2udSjD5svBtQ9IRJMtW","baseKeyType":1,"closed":1690527980850,"used":1690526895127,"created":1690526895127,"remoteIdentityKey":"BauaGRrk0mqJU2d3Jkt8OGOv1B6jQ69OThcK6eluH/8k"},"_chains":{"BerojOPi3EmbpTmKNT+hEacYLhvEEbsdT4hQZAmXiX8X":{"chainKey":{"counter":7,"key":"bhNKbQJUrShEyfAhu2t7nBbwiwQLErR7s3bM2QKrZtU="},"chainType":1,"messageKeys":{}}},"pendingPreKey":{"signedKeyId":1,"baseKey":"BRv3aMQxgeHBIHQ5CW3ZtY9Oj2udSjD5svBtQ9IRJMtW"}},"Bcd5xPBrSf+qARFIFGZue+3qiuiiCb8LmYb1KlOAsFMI":{"registrationId":127,"currentRatchet":{"ephemeralKeyPair":{"pubKey":"BSa2nFeSjpAX9A6nbDMqZL2wGW/y3QlGp1McvlvWoUwL","privKey":"yNa5RZg5YLF1bqcttQDxGZ6DDOR4RWucW1db/HyAK0c="},"lastRemoteEphemeralKey":"BREVmSvZRK1t6C8354+c63n7Xqtp09+DHvATERUEDilC","previousCounter":0,"rootKey":"X5OuQBjcMOhZd43qWu7yn1Aiasl9ytoGkAzY4sUDoa4="},"indexInfo":{"baseKey":"Bcd5xPBrSf+qARFIFGZue+3qiuiiCb8LmYb1KlOAsFMI","baseKeyType":1,"closed":1690527985817,"used":1690527980822,"created":1690527980822,"remoteIdentityKey":"BauaGRrk0mqJU2d3Jkt8OGOv1B6jQ69OThcK6eluH/8k"},"_chains":{"BSa2nFeSjpAX9A6nbDMqZL2wGW/y3QlGp1McvlvWoUwL":{"chainKey":{"counter":0,"key":"Feg2vaIlUkGPN5uhqHUSrnryqlVWJ5xmrA4omJ2pzck="},"chainType":1,"messageKeys":{}}},"pendingPreKey":{"signedKeyId":1,"baseKey":"Bcd5xPBrSf+qARFIFGZue+3qiuiiCb8LmYb1KlOAsFMI"}},"BVuylMZnr/ug4vDzj0KrwOnxQFXEo5EGy8kkTz98q3kc":{"registrationId":127,"currentRatchet":{"ephemeralKeyPair":{"pubKey":"BYoSDlqvG+8u3Favn5F/sQHAq++uU0nSZp/ubOtXwiwB","privKey":"EPVG10+D9sr5bITseWnTW1Z5kN+XxhQ1eq6cBR38hk8="},"lastRemoteEphemeralKey":"BREVmSvZRK1t6C8354+c63n7Xqtp09+DHvATERUEDilC","previousCounter":0,"rootKey":"Sn/18cKVmew64YY5iQ7vGr8CuXrxCECzY9Te56I1vIU="},"indexInfo":{"baseKey":"BVuylMZnr/ug4vDzj0KrwOnxQFXEo5EGy8kkTz98q3kc","baseKeyType":1,"closed":1690527988126,"used":1690527985801,"created":1690527985801,"remoteIdentityKey":"BauaGRrk0mqJU2d3Jkt8OGOv1B6jQ69OThcK6eluH/8k"},"_chains":{"BYoSDlqvG+8u3Favn5F/sQHAq++uU0nSZp/ubOtXwiwB":{"chainKey":{"counter":0,"key":"y3AWtEcvf0Egc+MNfR0FKR93ZNYs5aqAyYvk3TCWnm4="},"chainType":1,"messageKeys":{}}},"pendingPreKey":{"signedKeyId":1,"baseKey":"BVuylMZnr/ug4vDzj0KrwOnxQFXEo5EGy8kkTz98q3kc"}},"BdOXIfrhbsOJZiLnSBWmh8GIBQXR8Y6LmTTx2AfdAQBt":{"registrationId":127,"currentRatchet":{"ephemeralKeyPair":{"pubKey":"BbDUCzGOK0q+dWTXKOw6R5lN1pMFgti+hu0Si5ZAOXRI","privKey":"SCzGVH8HbNbrBz75hSCRal2IPcN7pDUb/iNcWUj262E="},"lastRemoteEphemeralKey":"BasNIrHQAP7OGVsRUpEJMSiPTAOH+Pqx31EWwHlDxgIV","previousCounter":4,"rootKey":"1Vhx+BopSuDs7pwuZczC8bLTypFkiwrs3QjYPEsq37E="},"indexInfo":{"baseKey":"BdOXIfrhbsOJZiLnSBWmh8GIBQXR8Y6LmTTx2AfdAQBt","baseKeyType":1,"closed":1690530888718,"used":1690530851894,"created":1690527988107,"remoteIdentityKey":"BauaGRrk0mqJU2d3Jkt8OGOv1B6jQ69OThcK6eluH/8k"},"_chains":{"BasNIrHQAP7OGVsRUpEJMSiPTAOH+Pqx31EWwHlDxgIV":{"chainKey":{"counter":0,"key":"/Uzt90vwlJy0+bpqaZTZmhhGmh1rcBLVKcrB9/5N6+w="},"chainType":2,"messageKeys":{}},"BbDUCzGOK0q+dWTXKOw6R5lN1pMFgti+hu0Si5ZAOXRI":{"chainKey":{"counter":9,"key":"rXHcBDKK68gdV+CITsRsU1zMXRqRslDXZ/VwkAIvLfA="},"chainType":1,"messageKeys":{}}}},"BYym7CHhqpl6nmrXwikktaxbs/8OuS7J1Cma+VHBNIIw":{"registrationId":127,"currentRatchet":{"ephemeralKeyPair":{"pubKey":"BblO6LPcp0Nz2YHmRQ5C/R8VYF5apWl5jMsUaDTvvKBP","privKey":"KIjMYE3beQNrHu0xoC07alRNhUe3OopGUf7RGKmZqFo="},"lastRemoteEphemeralKey":"BREVmSvZRK1t6C8354+c63n7Xqtp09+DHvATERUEDilC","previousCounter":0,"rootKey":"sTeuMPuKcXyG1r5Y7KHiBxWRKi351wLf7decckuFDFo="},"indexInfo":{"baseKey":"BYym7CHhqpl6nmrXwikktaxbs/8OuS7J1Cma+VHBNIIw","baseKeyType":1,"closed":1690530893997,"used":1690530888705,"created":1690530888705,"remoteIdentityKey":"BauaGRrk0mqJU2d3Jkt8OGOv1B6jQ69OThcK6eluH/8k"},"_chains":{"BblO6LPcp0Nz2YHmRQ5C/R8VYF5apWl5jMsUaDTvvKBP":{"chainKey":{"counter":0,"key":"ekmyYu+uikIJIOK2EQHNf6gXahnOgT12Vu8FDBM2m44="},"chainType":1,"messageKeys":{}}},"pendingPreKey":{"signedKeyId":1,"baseKey":"BYym7CHhqpl6nmrXwikktaxbs/8OuS7J1Cma+VHBNIIw","preKeyId":1112}},"BeBoEKqJIb/D1pXj6S4c9JnjicVHLVPTMfBAsJtPWh8q":{"registrationId":127,"currentRatchet":{"ephemeralKeyPair":{"pubKey":"Bd1zBr0CCW+pFap6dlBrC9oy3HChunPxA/62YSeOBSBl","privKey":"mMeGMzfv1MZGYfTt/XipPiwoEftqLGsAxqeFdL7j0Uc="},"lastRemoteEphemeralKey":"BREVmSvZRK1t6C8354+c63n7Xqtp09+DHvATERUEDilC","previousCounter":0,"rootKey":"lHabXrsYI7zxFYoNvTbLGHUWpz51L4s7cDOZQ+9hCjM="},"indexInfo":{"baseKey":"BeBoEKqJIb/D1pXj6S4c9JnjicVHLVPTMfBAsJtPWh8q","baseKeyType":1,"closed":1690530900763,"used":1690530893987,"created":1690530893987,"remoteIdentityKey":"BauaGRrk0mqJU2d3Jkt8OGOv1B6jQ69OThcK6eluH/8k"},"_chains":{"Bd1zBr0CCW+pFap6dlBrC9oy3HChunPxA/62YSeOBSBl":{"chainKey":{"counter":1,"key":"pEL+9vbyNAHtDgTdZm9sl/EW7A4SqF92TU9z9P2+lXU="},"chainType":1,"messageKeys":{}}},"pendingPreKey":{"signedKeyId":1,"baseKey":"BeBoEKqJIb/D1pXj6S4c9JnjicVHLVPTMfBAsJtPWh8q"}},"Ba6Z/hwaNSvO/9V0St10HDKSep4PCCX7YVlm7xXWM8lc":{"registrationId":127,"currentRatchet":{"ephemeralKeyPair":{"pubKey":"BZbiZS7EW3ZQNHflpghDybdvsaDMX8ph4xKy8ivh1eUt","privKey":"4E7Wm7DRY4TI0bLKtMYgkYfcBsS1up+6jaQA8WQFGUc="},"lastRemoteEphemeralKey":"BREVmSvZRK1t6C8354+c63n7Xqtp09+DHvATERUEDilC","previousCounter":0,"rootKey":"KPcJalT8fh+UE23Pdm9CA5Q3/xR3bHPRdQ0B9Caoe2o="},"indexInfo":{"baseKey":"Ba6Z/hwaNSvO/9V0St10HDKSep4PCCX7YVlm7xXWM8lc","baseKeyType":1,"closed":1690530904572,"used":1690530900755,"created":1690530900755,"remoteIdentityKey":"BauaGRrk0mqJU2d3Jkt8OGOv1B6jQ69OThcK6eluH/8k"},"_chains":{"BZbiZS7EW3ZQNHflpghDybdvsaDMX8ph4xKy8ivh1eUt":{"chainKey":{"counter":0,"key":"pvt4ULLsYCVLmbXc8e6gqhYY96y0CzSyiQPSx81l1Gs="},"chainType":1,"messageKeys":{}}},"pendingPreKey":{"signedKeyId":1,"baseKey":"Ba6Z/hwaNSvO/9V0St10HDKSep4PCCX7YVlm7xXWM8lc"}},"BRaroRxby5axKdXe7XD+WV/9hW4djYeXXYc6WzfQaDca":{"registrationId":127,"currentRatchet":{"ephemeralKeyPair":{"pubKey":"BdpWZjHuAgcVTFPzTYlYzhkrEwHLEo2/S9vVB9gXfZRK","privKey":"IPnbLE0OxgyUHhcprkUmKn7x5pIlPDZVevPgzeFRnUk="},"lastRemoteEphemeralKey":"BREVmSvZRK1t6C8354+c63n7Xqtp09+DHvATERUEDilC","previousCounter":0,"rootKey":"ZrOx6SJvQzyIT6m6P4IUMU+ofq911mtGE/P/AeFK51w="},"indexInfo":{"baseKey":"BRaroRxby5axKdXe7XD+WV/9hW4djYeXXYc6WzfQaDca","baseKeyType":1,"closed":1690530907427,"used":1690530904565,"created":1690530904565,"remoteIdentityKey":"BauaGRrk0mqJU2d3Jkt8OGOv1B6jQ69OThcK6eluH/8k"},"_chains":{"BdpWZjHuAgcVTFPzTYlYzhkrEwHLEo2/S9vVB9gXfZRK":{"chainKey":{"counter":0,"key":"3FMQ3w8mFsBn6HpT5rSNh3F66392pyOyeljFhVtf8xI="},"chainType":1,"messageKeys":{}}},"pendingPreKey":{"signedKeyId":1,"baseKey":"BRaroRxby5axKdXe7XD+WV/9hW4djYeXXYc6WzfQaDca"}},"BZ66pUoujsA2M6OVF+xuF2bb45huLufaoxpj58YmQAoG":{"registrationId":127,"currentRatchet":{"ephemeralKeyPair":{"pubKey":"BcBYsmHcjdgC/LscBWn8qjGhH7k1iqjG1oc5311CP5Yp","privKey":"WFw07hg8B8cVDczloHkmx5mdarm+yJ+uplDk66luOWU="},"lastRemoteEphemeralKey":"BY0CMsxgFIN7jifqqryA0biWE7YFW2MR0rj8H9hAK91I","previousCounter":84,"rootKey":"6DLBuCmN1eqEZpbKkInqCdS5vOyYkdsHHGwtPlxtHV4="},"indexInfo":{"baseKey":"BZ66pUoujsA2M6OVF+xuF2bb45huLufaoxpj58YmQAoG","baseKeyType":1,"closed":-1,"used":1690544323441,"created":1690530907418,"remoteIdentityKey":"BauaGRrk0mqJU2d3Jkt8OGOv1B6jQ69OThcK6eluH/8k"},"_chains":{"BY0CMsxgFIN7jifqqryA0biWE7YFW2MR0rj8H9hAK91I":{"chainKey":{"counter":1,"key":"OyulhkcOglc0E7KoHJdbKh7IfQFZSGxWRmZ8LbWzJQo="},"chainType":2,"messageKeys":{}},"BcBYsmHcjdgC/LscBWn8qjGhH7k1iqjG1oc5311CP5Yp":{"chainKey":{"counter":56,"key":"pqhe0OClhlmcr8hUBHQdg+EyM721/WSgubdYMustfZY="},"chainType":1,"messageKeys":{}}}}},"version":"v1"}