{"_sessions":{"BUXG3GBM2ftVxvmI3HRinIMzswhl40X1Ttw55wrHjw1g":{"registrationId":2143606289,"currentRatchet":{"ephemeralKeyPair":{"pubKey":"BaGoWrB383YTlU5XGdIqHecNMxMw3i2M4+uDD/RCbZ1K","privKey":"aAfK/echgSf+1lL/JfhJFCf7C3nmT5wMPE5fFkTf10Q="},"lastRemoteEphemeralKey":"BZruTlJ2LCsH7dOD/RkYwTWPZ+WJgLgCB3Hbe3NF9j4Z","previousCounter":0,"rootKey":"tfdGl4bXYoiV8NKPs7UFsV5BECh/NhOX+/JD1BpcjCQ="},"indexInfo":{"baseKey":"BUXG3GBM2ftVxvmI3HRinIMzswhl40X1Ttw55wrHjw1g","baseKeyType":1,"closed":-1,"used":1690512845278,"created":1690512845278,"remoteIdentityKey":"BbPV7lZ4LOErmbfDcPm/4Gt02onqDL4arG1Cm/WobKMh"},"_chains":{"BaGoWrB383YTlU5XGdIqHecNMxMw3i2M4+uDD/RCbZ1K":{"chainKey":{"counter":2,"key":"PRdAohWzIvlccMQm9H4uL5BRCSexWyiO2MVzPxNgM8Q="},"chainType":1,"messageKeys":{}}},"pendingPreKey":{"signedKeyId":1,"baseKey":"BUXG3GBM2ftVxvmI3HRinIMzswhl40X1Ttw55wrHjw1g","preKeyId":6696707}}},"version":"v1"}