{"_sessions":{"BXZUPUM1qT9vcexCcZ5ug+eT5r3dtA9YxxPpIJpYx05R":{"registrationId":2051411176,"currentRatchet":{"ephemeralKeyPair":{"pubKey":"BV8jjJ7G1NWsrbVJlBO401glLStJCQkf4NeUlizD1PhR","privKey":"UIroAd0tLKbAj3d9uI33pyeUAzimaFLB+MM7ESZvQEc="},"lastRemoteEphemeralKey":"BdmbO6yZ29XxB9TW/paFYM+AorpqpJLkkndZnQNs2W9W","previousCounter":0,"rootKey":"Js51uJ5AynKCD8c9LGbbXxs9zbEk5Q0eCFKjLJPnHes="},"indexInfo":{"baseKey":"BXZUPUM1qT9vcexCcZ5ug+eT5r3dtA9YxxPpIJpYx05R","baseKeyType":1,"closed":-1,"used":1690512847462,"created":1690512847462,"remoteIdentityKey":"Bdj/LlnyooKSXpqxBcrgk0Xm6mM7un+NHPKXjtM2fbpm"},"_chains":{"BV8jjJ7G1NWsrbVJlBO401glLStJCQkf4NeUlizD1PhR":{"chainKey":{"counter":2,"key":"1ye5nrS7LOvezVYBhlpl8R55EWDc+Tl0IyJxBEZv+JI="},"chainType":1,"messageKeys":{}}},"pendingPreKey":{"signedKeyId":46,"baseKey":"BXZUPUM1qT9vcexCcZ5ug+eT5r3dtA9YxxPpIJpYx05R","preKeyId":2263764}}},"version":"v1"}