{"_sessions":{"BZmPNiBIbsObF4HMwxzUORZhHKkVNejML+r3Dd13coUz":{"registrationId":1648461081,"currentRatchet":{"ephemeralKeyPair":{"pubKey":"BYr6LefclaR2VucNfjSJQb3AQn/HLspL8fI3hn5IDwwp","privKey":"4NULPE8AKugd7y89VBFsxkvz7BWG4jnVWQt4m/adnm4="},"lastRemoteEphemeralKey":"BUkWi3nw4fTid/ofW+xEdjETZOBSyHSoHTAOqOcaIY5h","previousCounter":0,"rootKey":"tmj9srxytm/erW5OmULviHY3iy7YBh3mW+dIQvi74Jw="},"indexInfo":{"baseKey":"BZmPNiBIbsObF4HMwxzUORZhHKkVNejML+r3Dd13coUz","baseKeyType":1,"closed":-1,"used":1690523856585,"created":1690523856585,"remoteIdentityKey":"Bc8rAqsH8DBtYdnndsvqOTN+l6DgH9VJ1l1OJ/uj9Yt/"},"_chains":{"BYr6LefclaR2VucNfjSJQb3AQn/HLspL8fI3hn5IDwwp":{"chainKey":{"counter":197,"key":"HrSdnnZyBvbpA0OlFvFzOksomF4qO3SO4sGnPtsvavI="},"chainType":1,"messageKeys":{}}},"pendingPreKey":{"signedKeyId":3,"baseKey":"BZmPNiBIbsObF4HMwxzUORZhHKkVNejML+r3Dd13coUz","preKeyId":10576689}}},"version":"v1"}