{"_sessions":{"BcEYUPif+i5UuwioevwZizRS8xfcrMU+b7opACMntegJ":{"registrationId":1403066187,"currentRatchet":{"ephemeralKeyPair":{"pubKey":"Bf8TTOjGzi4LNhIoZWTqqU1GmO/YXr3zjcKq4FICKfBs","privKey":"uCa7A5yilACpm6YH7S06r/oT4xBvr03KZWrBarkICE4="},"lastRemoteEphemeralKey":"BXhJVY+7ycBYD9cnlc3Uh+tGLB8DIaFGPtJvu1+pDsI5","previousCounter":0,"rootKey":"/5jJZVEtUqukKfirTi34q1A8h/FrspuBepDybVPqzSA="},"indexInfo":{"baseKey":"BcEYUPif+i5UuwioevwZizRS8xfcrMU+b7opACMntegJ","baseKeyType":1,"closed":-1,"used":1690523858232,"created":1690523858232,"remoteIdentityKey":"BdWoa9zFFQA9ShvZBqZtTverpoj+tfwfSDiDfq/roc0C"},"_chains":{"Bf8TTOjGzi4LNhIoZWTqqU1GmO/YXr3zjcKq4FICKfBs":{"chainKey":{"counter":197,"key":"m0TgNtdVLGf6u8baidUB/uq6OgcC3wxf+PaG1cxSElI="},"chainType":1,"messageKeys":{}}},"pendingPreKey":{"signedKeyId":0,"baseKey":"BcEYUPif+i5UuwioevwZizRS8xfcrMU+b7opACMntegJ","preKeyId":3811501}}},"version":"v1"}