{"_sessions":{"BUkgc9VJyO6zk9v9AGS+fdoybtWF4FF4OYEW6Z1fFd9d":{"registrationId":1397418097,"currentRatchet":{"ephemeralKeyPair":{"pubKey":"BWcO5jwAnwv+ZmC1CnaArIIa+xfpxeLbj26jBv8zgWwH","privKey":"AI70vbC5uzMrMLCg+lR1Y78E+lz02tW2ZVeSmA55OE8="},"lastRemoteEphemeralKey":"BV+djZmHls0wCMUGzsTtraOqqXxrgtuBgbyffR+EM3ta","previousCounter":0,"rootKey":"050oHehBRgry/HbIzXZ66pfB7egDDDBObXHpnP/TBkQ="},"indexInfo":{"baseKey":"BUkgc9VJyO6zk9v9AGS+fdoybtWF4FF4OYEW6Z1fFd9d","baseKeyType":1,"closed":-1,"used":1690512846739,"created":1690512846739,"remoteIdentityKey":"BS6d9DHZa8MZr9cxel72tyCJVySXesppTIrLYochnL4i"},"_chains":{"BWcO5jwAnwv+ZmC1CnaArIIa+xfpxeLbj26jBv8zgWwH":{"chainKey":{"counter":2,"key":"nocX6QkPL4ncwHfRHb1D+lAnGu6AJI7uOXE2Zq1pKBg="},"chainType":1,"messageKeys":{}}},"pendingPreKey":{"signedKeyId":0,"baseKey":"BUkgc9VJyO6zk9v9AGS+fdoybtWF4FF4OYEW6Z1fFd9d","preKeyId":10473526}}},"version":"v1"}