{"_sessions":{"Be415Gz8SSsssxo8nb06edNiEw52+wIqkrbQvPXEoLVn":{"registrationId":3397,"currentRatchet":{"ephemeralKeyPair":{"pubKey":"BXECJ3y1Hqoar8QxsanKH7Oe90aUJ0Gpn455V6351gkv","privKey":"GAEpuId9yFKK5N231fcTBcNA3otLZiWU8qzySKzJ218="},"lastRemoteEphemeralKey":"BXekOo8EMVeSvaWd8GVZ5VRgfjvOf5lIxlU0zrWV+84I","previousCounter":0,"rootKey":"anVlSA4bFhIyaLgkP7RnSY4QVtH7MwoGIPHjqN9SQbk="},"indexInfo":{"baseKey":"Be415Gz8SSsssxo8nb06edNiEw52+wIqkrbQvPXEoLVn","baseKeyType":1,"closed":-1,"used":1690512845953,"created":1690512845953,"remoteIdentityKey":"BczXikKbKHN1S1vF/Z/sfKLb0GsJlL7h+B7pjrJnISQi"},"_chains":{"BXECJ3y1Hqoar8QxsanKH7Oe90aUJ0Gpn455V6351gkv":{"chainKey":{"counter":2,"key":"Sv9PjjePvVqvRjTXjkupdiOhpbkequwYJtQSgUCV0A4="},"chainType":1,"messageKeys":{}}},"pendingPreKey":{"signedKeyId":1,"baseKey":"Be415Gz8SSsssxo8nb06edNiEw52+wIqkrbQvPXEoLVn"}}},"version":"v1"}