{"_sessions":{"BdKGWhSVxK9tKzCpme4J6p5LTrPu9oTJLL/8WqEOZJ0J":{"registrationId":930514212,"currentRatchet":{"ephemeralKeyPair":{"pubKey":"BYfq7yOcMugiF1mCqu9dThd9G79xa3eySUyj6JLBQoAm","privKey":"kDs+YuN/bMN1NXoO+et0RSl9nM2HIiEH9B0f1wkQFFs="},"lastRemoteEphemeralKey":"BaWZqRfj8DV8S+0KoLWlMKYiZK3dn/cA32ViSbANdTQn","previousCounter":0,"rootKey":"TfkQnl7KZ3S2RVTz1rscqoRXRQQSxJsrnnANEgWvrEQ="},"indexInfo":{"baseKey":"BdKGWhSVxK9tKzCpme4J6p5LTrPu9oTJLL/8WqEOZJ0J","baseKeyType":1,"closed":-1,"used":1690512846640,"created":1690512846640,"remoteIdentityKey":"BaoFZIWyzTWQXqYgF8nQ3FPcyzbQednvrzmzIqzPMB8e"},"_chains":{"BYfq7yOcMugiF1mCqu9dThd9G79xa3eySUyj6JLBQoAm":{"chainKey":{"counter":2,"key":"HvSQfoUeJ4TD2ucN+cUgRjIrKGPLNxwk7+3wcJ8OOgY="},"chainType":1,"messageKeys":{}}},"pendingPreKey":{"signedKeyId":0,"baseKey":"BdKGWhSVxK9tKzCpme4J6p5LTrPu9oTJLL/8WqEOZJ0J","preKeyId":13361959}}},"version":"v1"}