{"_sessions":{"Bbd6obZCnkYMDbxEm23Nb6ntq+d9B6nejEhr9KxyGzBG":{"registrationId":514100803,"currentRatchet":{"ephemeralKeyPair":{"pubKey":"BakjxajFIFu7d05UvKbnrZtM3vkp46iEIrQZYjtv/bIJ","privKey":"yOEHfeIyzspWqVI7vif8dsDM+It1mbCsFUWLkOsZnUQ="},"lastRemoteEphemeralKey":"BQtdMNLq6CXYMwqO9PlJyE8RKXieEj/PZyGchxAHa/EY","previousCounter":0,"rootKey":"4F2tuL9gksXHHbgdDiqj1oktZsqlWa8ID49U38q7G2c="},"indexInfo":{"baseKey":"Bbd6obZCnkYMDbxEm23Nb6ntq+d9B6nejEhr9KxyGzBG","baseKeyType":2,"closed":1690524161507,"used":1690513452523,"created":1690513452523,"remoteIdentityKey":"BaqtNmJRiQxkTmXcOWmXPv2llDuiwfNh97lOdJmDuOci"},"_chains":{"BQtdMNLq6CXYMwqO9PlJyE8RKXieEj/PZyGchxAHa/EY":{"chainKey":{"counter":0,"key":"EfIKfBlPFBO5O6LTKGyseMp04OwXFPZtjV89MxKrzK4="},"chainType":2,"messageKeys":{}},"BakjxajFIFu7d05UvKbnrZtM3vkp46iEIrQZYjtv/bIJ":{"chainKey":{"counter":2,"key":"fUMF0qUwKqhGpct8sEpqK5OZ0SYlTH+gL1GmD4chHnI="},"chainType":1,"messageKeys":{}}}},"BYX3RxgpdIHHOfS7UioVKFQ1+N1y3gN47qLX2PV/hgMx":{"registrationId":514100803,"currentRatchet":{"ephemeralKeyPair":{"pubKey":"Bd/gwFu+xaYoQ7FwyePbfRl6+wFFulgoRa3I4j5WUIUq","privKey":"ACSjsYoharYXmijXNJwQD11Q5HWgdYaH4qzUx3jLKmE="},"lastRemoteEphemeralKey":"BZxjVnTIvvNmD3zMLlSoOBnUFwxHZBrs8bTapT0U8uMV","previousCounter":0,"rootKey":"CrunPFuHPrimX8yux7tRS+ydPWT47JCWSZD00Zh92Z0="},"indexInfo":{"baseKey":"BYX3RxgpdIHHOfS7UioVKFQ1+N1y3gN47qLX2PV/hgMx","baseKeyType":1,"closed":1690524176299,"used":1690524161462,"created":1690524161462,"remoteIdentityKey":"BaqtNmJRiQxkTmXcOWmXPv2llDuiwfNh97lOdJmDuOci"},"_chains":{"Bd/gwFu+xaYoQ7FwyePbfRl6+wFFulgoRa3I4j5WUIUq":{"chainKey":{"counter":3,"key":"Z5GVBrGnHW2DzzzKbyq4Gk99tj1DfnygkxQPNpszA1M="},"chainType":1,"messageKeys":{}}},"pendingPreKey":{"signedKeyId":3,"baseKey":"BYX3RxgpdIHHOfS7UioVKFQ1+N1y3gN47qLX2PV/hgMx","preKeyId":8656936}},"Bap27UOKgb4fl2XAAUc5pCVoRLMZx3K147IE/9u7cbkZ":{"registrationId":514100803,"currentRatchet":{"ephemeralKeyPair":{"pubKey":"BShyMwZNQwfzApzQ1W+bR9NJtBkL8m41e5n/Phj3qKEs","privKey":"CJ9XohDKblAsTxxLWM5dJx4dpctrHmJZr011oYwPHnU="},"lastRemoteEphemeralKey":"BZxjVnTIvvNmD3zMLlSoOBnUFwxHZBrs8bTapT0U8uMV","previousCounter":0,"rootKey":"YeMADLUJwFzVntVuyb4yE6lHfJk34DbjQmT6MKF5+Yc="},"indexInfo":{"baseKey":"Bap27UOKgb4fl2XAAUc5pCVoRLMZx3K147IE/9u7cbkZ","baseKeyType":1,"closed":1690524190051,"used":1690524176274,"created":1690524176274,"remoteIdentityKey":"BaqtNmJRiQxkTmXcOWmXPv2llDuiwfNh97lOdJmDuOci"},"_chains":{"BShyMwZNQwfzApzQ1W+bR9NJtBkL8m41e5n/Phj3qKEs":{"chainKey":{"counter":3,"key":"uGn6W3YeoSf76GxaAHI6Y6u51bqIM8BiwUoA1UCkrhs="},"chainType":1,"messageKeys":{}}},"pendingPreKey":{"signedKeyId":3,"baseKey":"Bap27UOKgb4fl2XAAUc5pCVoRLMZx3K147IE/9u7cbkZ","preKeyId":8656774}},"BYOCC8mmgl6fvS/YQpVHVe/GGelHIP+v8vVeyBOUu4Jp":{"registrationId":514100803,"currentRatchet":{"ephemeralKeyPair":{"pubKey":"BYQyOiQoSUzNn9Z9D1kte6bMGYYBAbg9saXw7gKHO0BK","privKey":"uCLNIbhUgUqo2uZyQwrDBgRqPnyraihWTz+BQH/60Fs="},"lastRemoteEphemeralKey":"Bd02IATZ0Ik8NNOu9HIU7K5BuIq37585PIN3IqD1qyca","previousCounter":64,"rootKey":"1FOfsLxCH/iZNKcpyhilKVRTeYHeC5YqZG1qFbxrKsk="},"indexInfo":{"baseKey":"BYOCC8mmgl6fvS/YQpVHVe/GGelHIP+v8vVeyBOUu4Jp","baseKeyType":1,"closed":-1,"used":1690547408901,"created":1690524190041,"remoteIdentityKey":"BaqtNmJRiQxkTmXcOWmXPv2llDuiwfNh97lOdJmDuOci"},"_chains":{"BaqxTQuFe8hCGVGVjCNzs7e0wG9ika40KhBgrui7sZNt":{"chainKey":{"counter":0},"chainType":2,"messageKeys":{}},"Bd02IATZ0Ik8NNOu9HIU7K5BuIq37585PIN3IqD1qyca":{"chainKey":{"counter":0,"key":"iixrcJktYqlqajpO6NtRg9k/jE+vrqCoAmNpTJaj+wE="},"chainType":2,"messageKeys":{}},"BYQyOiQoSUzNn9Z9D1kte6bMGYYBAbg9saXw7gKHO0BK":{"chainKey":{"counter":55,"key":"VEBvqH2OLZ4orKB5mmWax3Bw8Da539vgmLKn8k33bWo="},"chainType":1,"messageKeys":{}}}}},"version":"v1"}