{"_sessions":{"BfKtq7Es/4ovgvQPCKoz6ZhrBFJLywEvXXo3CnfHVSBt":{"registrationId":571000721,"currentRatchet":{"ephemeralKeyPair":{"pubKey":"BQrt8E53FUuYTsKtRV4mR8AOfNR1Nj2ZaRlcHdfPZKUu","privKey":"wAr4E7sz4r6jnn3EJoguFJY57vNteXsIYKvt0AvYcUM="},"lastRemoteEphemeralKey":"BVbRMKK/7CGN/fsntaMmWtUvF9nDKfy3bwGMbxYGFBoi","previousCounter":0,"rootKey":"BF6eapq2tG9vMd7TVB1aUlLvNVy+4eWSoGAu+Hx/mmg="},"indexInfo":{"baseKey":"BfKtq7Es/4ovgvQPCKoz6ZhrBFJLywEvXXo3CnfHVSBt","baseKeyType":1,"closed":-1,"used":1690526903676,"created":1690526903676,"remoteIdentityKey":"BeFsRRrslbdtEhUP2SiN1spidOssdzca3mP+r8N/NCNt"},"_chains":{"BQrt8E53FUuYTsKtRV4mR8AOfNR1Nj2ZaRlcHdfPZKUu":{"chainKey":{"counter":11,"key":"g1lGtCOFzBrTh2Bw5a8SdrBLbZRkeSkbAzBwzT9F698="},"chainType":1,"messageKeys":{}}},"pendingPreKey":{"signedKeyId":0,"baseKey":"BfKtq7Es/4ovgvQPCKoz6ZhrBFJLywEvXXo3CnfHVSBt","preKeyId":13797386}}},"version":"v1"}