{"_sessions":{"BZh+6nY+vshasRQhlgz1NTMQNQmJTgRXICVfKBawcAhb":{"registrationId":1796678526,"currentRatchet":{"ephemeralKeyPair":{"pubKey":"BdUQiavnUot43NRp/RAklDI2iEaBajwxkNgzvtFvwNwN","privKey":"uJUFUDRc9LgRXECOIg/+IHLpZy8bkYcIOukcfcWIVEI="},"lastRemoteEphemeralKey":"BeQQC+BpvuWbjhv9cOb9A+9uR6tUf0qTnr4M+ls8uEBt","previousCounter":0,"rootKey":"1pkOlQo5Afir+Hamu7/Xtcln7NSKA7SOywKp6QyTgvs="},"indexInfo":{"baseKey":"BZh+6nY+vshasRQhlgz1NTMQNQmJTgRXICVfKBawcAhb","baseKeyType":1,"closed":-1,"used":1690523856956,"created":1690523856956,"remoteIdentityKey":"BUrmTPF+Ha17YHqPH2B1N/dmAaXI2Mm4oZwZq3f65XR/"},"_chains":{"BdUQiavnUot43NRp/RAklDI2iEaBajwxkNgzvtFvwNwN":{"chainKey":{"counter":197,"key":"WbQ1O/BjzEA/YdG/p0Q6xcWbrd3GD5GTrhZ2qsLr4O4="},"chainType":1,"messageKeys":{}}},"pendingPreKey":{"signedKeyId":0,"baseKey":"BZh+6nY+vshasRQhlgz1NTMQNQmJTgRXICVfKBawcAhb","preKeyId":11343039}}},"version":"v1"}