{"_sessions":{"BWYepGScXIxLtSstYpSYVa8HIZnwSh8N+78SJJV059tL":{"registrationId":1946317417,"currentRatchet":{"ephemeralKeyPair":{"pubKey":"BWuZH988RZQvizUj3OQd193AvZMJa9yMSzJbXxf4EkUm","privKey":"0FrP1ndvNyoDUrHSe1mFLB5h+LOPhuySxNLdfH0kdlU="},"lastRemoteEphemeralKey":"BdcSD0SOHBMWV2+CsacS1RRX3qszimI+g5G1Onblp9QA","previousCounter":0,"rootKey":"+Chmuo2ys2FFndwVZE1VRDABdS+I3osNhIqS/chava4="},"indexInfo":{"baseKey":"BWYepGScXIxLtSstYpSYVa8HIZnwSh8N+78SJJV059tL","baseKeyType":1,"closed":-1,"used":1690512636455,"created":1690512636455,"remoteIdentityKey":"Bcr6rVUTIeMrtnZJxAkDtBAGG8Uxyh1UksfmFKRIQ05+"},"_chains":{"BWuZH988RZQvizUj3OQd193AvZMJa9yMSzJbXxf4EkUm":{"chainKey":{"counter":322,"key":"ohTJCiNuw3AoG7exKXHo2gl0Yq+6GK5B0LlVAjVancA="},"chainType":1,"messageKeys":{}}},"pendingPreKey":{"signedKeyId":12,"baseKey":"BWYepGScXIxLtSstYpSYVa8HIZnwSh8N+78SJJV059tL","preKeyId":15828537}}},"version":"v1"}