{"_sessions":{"BVH1wkgX1BxsZwesTakw2tXEhWewzdFHhfNHWdEyK0Uq":{"registrationId":1564052327,"currentRatchet":{"ephemeralKeyPair":{"pubKey":"BctZUrA3ObeBPI/hdN4s9QOJl3aRzVGMeH1lqVy7PSIo","privKey":"aNKuodQ0eduLDD3nWKYH8Nt4ozCwI9/G9+rDYUlNg0I="},"lastRemoteEphemeralKey":"BQd6oarCWULAq//+GJTnLNZPDdq/ndEiqtUEP63YC91t","previousCounter":0,"rootKey":"lFrInI8HT7e6qMRxLqBhVyvKaJWL8wDZJ67M+wSJLyU="},"indexInfo":{"baseKey":"BVH1wkgX1BxsZwesTakw2tXEhWewzdFHhfNHWdEyK0Uq","baseKeyType":1,"closed":-1,"used":1690512846539,"created":1690512846539,"remoteIdentityKey":"BYIYZ5wj9b86ovMkf462aBXBs362RefrfjJ/8UqBRucQ"},"_chains":{"BctZUrA3ObeBPI/hdN4s9QOJl3aRzVGMeH1lqVy7PSIo":{"chainKey":{"counter":2,"key":"HU9i1uI5vjID3kbbT9A9/xQcZiDcZGp//Y4/Pb1lqiQ="},"chainType":1,"messageKeys":{}}},"pendingPreKey":{"signedKeyId":5,"baseKey":"BVH1wkgX1BxsZwesTakw2tXEhWewzdFHhfNHWdEyK0Uq","preKeyId":15130972}}},"version":"v1"}