{"_sessions":{"BX1rlWb3Z7KTyoFXYUUEAvj8rRUMnWHSjqJLwhc4e2En":{"registrationId":974881151,"currentRatchet":{"ephemeralKeyPair":{"pubKey":"BS8+icbret/ZqvSWpGx9gCNDyvnZE6S4mistPiFeXZ5f","privKey":"+HjnUj9Zy6Zh7nvK84c/UmtPtC0G9FPaOgkgX7TQs0o="},"lastRemoteEphemeralKey":"BVqQcMyqGKLLm2DNNkzqaZzCm9wrQISJPaPznYQVh+QY","previousCounter":0,"rootKey":"BCMJVyYuvAcOI1eZjzWnQm3TOEhYYdkW9aW25rxBrY0="},"indexInfo":{"baseKey":"BX1rlWb3Z7KTyoFXYUUEAvj8rRUMnWHSjqJLwhc4e2En","baseKeyType":1,"closed":-1,"used":1690523857840,"created":1690523857840,"remoteIdentityKey":"Bd0u/kZqwxmcuDwkancrQS2+cVKAL0v6WxxiSFj793Z/"},"_chains":{"BS8+icbret/ZqvSWpGx9gCNDyvnZE6S4mistPiFeXZ5f":{"chainKey":{"counter":18,"key":"QPe8+5D1Qo3XLnsTYLoktHk0Y6DcjRc7iVPwRT66nJ0="},"chainType":1,"messageKeys":{}}},"pendingPreKey":{"signedKeyId":0,"baseKey":"BX1rlWb3Z7KTyoFXYUUEAvj8rRUMnWHSjqJLwhc4e2En"}}},"version":"v1"}