{"_sessions":{"BcPVeibH2P/cdE/sT9ymG+M8HmhZdY0sOsZE2tDbUKtg":{"registrationId":1816967240,"currentRatchet":{"ephemeralKeyPair":{"pubKey":"BZr9ryW2nhSyqaJ9B+OUUX810+eASde5rEynH3W+jf1R","privKey":"4Bk0ceHEQjcfmQBjbzyoXSatdfowwNC4rxkCmu50gWY="},"lastRemoteEphemeralKey":"BQiPlAPzN2CnDquk1ecmJI5CESgBF6PZ+X0cI122oHVY","previousCounter":0,"rootKey":"s7o70UDx755D49BRUU7KdnISBfL+wQktXBodzvHDhw0="},"indexInfo":{"baseKey":"BcPVeibH2P/cdE/sT9ymG+M8HmhZdY0sOsZE2tDbUKtg","baseKeyType":1,"closed":-1,"used":1690523856101,"created":1690523856101,"remoteIdentityKey":"Bb7uWh9LCTq90jyyHAO+GnSV6r6Py3XVbFYsrplHb5Ux"},"_chains":{"BZr9ryW2nhSyqaJ9B+OUUX810+eASde5rEynH3W+jf1R":{"chainKey":{"counter":197,"key":"CkdbQKniTcpwvMC5Kee8pxn4ESVH9JG59d3Q6tKTDeY="},"chainType":1,"messageKeys":{}}},"pendingPreKey":{"signedKeyId":7,"baseKey":"BcPVeibH2P/cdE/sT9ymG+M8HmhZdY0sOsZE2tDbUKtg","preKeyId":674449}}},"version":"v1"}