{"_sessions":{"BQ43SEVOQbJlu0JtDGTxuFGlIR/qzTTSI7c9FJ1ucZU8":{"registrationId":124,"currentRatchet":{"ephemeralKeyPair":{"pubKey":"BftIYw/iSoN2ztjfhRwCKFesJ3lEKOYqys6w0L1hKS1b","privKey":"MOwu8UqrC4Q+UHcu7YG9Hc2RnUdy5oMoVrT41oHDNmA="},"lastRemoteEphemeralKey":"BcqdADcElZOGNRYieQotGAcsPfVjIzKWQbtf5BU2KDQ+","previousCounter":0,"rootKey":"N4g72TnSKuloImToB1CYjd0Rxi/rEoFtATiFraeGFkY="},"indexInfo":{"baseKey":"BQ43SEVOQbJlu0JtDGTxuFGlIR/qzTTSI7c9FJ1ucZU8","baseKeyType":1,"closed":-1,"used":1690523854852,"created":1690523854852,"remoteIdentityKey":"BawIBCo8n2aTZGZoQ+Rr1C1e6UYNq5lghgBh5DejwPcR"},"_chains":{"BftIYw/iSoN2ztjfhRwCKFesJ3lEKOYqys6w0L1hKS1b":{"chainKey":{"counter":197,"key":"lpXnjx5MIpT9csYRbQJUNH0IcCcWL7QEdHXaf0lADFE="},"chainType":1,"messageKeys":{}}},"pendingPreKey":{"signedKeyId":1,"baseKey":"BQ43SEVOQbJlu0JtDGTxuFGlIR/qzTTSI7c9FJ1ucZU8"}}},"version":"v1"}