{"_sessions":{"BX634knSkEAPUrh0auDtcyTMxwW8DwhMOpKNROtYJSV8":{"registrationId":1698146806,"currentRatchet":{"ephemeralKeyPair":{"pubKey":"BX8rDmOmJrkF4VSxFiNppR75fOUDl1c8uGTIIMyn+Bkh","privKey":"aP9h1d3dqkN2WwpEcJR+5Bcrk6htHP9A9cadYp+BX1Y="},"lastRemoteEphemeralKey":"BYFc4md9JHgU2tuGGeKWtpXDVQ9kFcC/SRz8c1tUD0Is","previousCounter":0,"rootKey":"4TufroXGqS/Xsb60BFgSaatto8UjZ0eV68eCd198qGQ="},"indexInfo":{"baseKey":"BX634knSkEAPUrh0auDtcyTMxwW8DwhMOpKNROtYJSV8","baseKeyType":1,"closed":-1,"used":1690523857386,"created":1690523857386,"remoteIdentityKey":"BeaZC0w25WpVyMivyC+P18zw9KftTo11S1kIa100u9IR"},"_chains":{"BX8rDmOmJrkF4VSxFiNppR75fOUDl1c8uGTIIMyn+Bkh":{"chainKey":{"counter":197,"key":"2Yzf4LJFAnWsFS08I/QHPvUQfuapS934s1XUmGjGGxA="},"chainType":1,"messageKeys":{}}},"pendingPreKey":{"signedKeyId":1,"baseKey":"BX634knSkEAPUrh0auDtcyTMxwW8DwhMOpKNROtYJSV8","preKeyId":15084540}}},"version":"v1"}