{"_sessions":{"BVNP0s7NRXtl9LBZ8SisMBuftBEb9kv7x6Wi4VOtldBg":{"registrationId":853152582,"currentRatchet":{"ephemeralKeyPair":{"pubKey":"BYlG7XIqoahxj6OWu3o3QL/RSq6W1yoTfxVwva3UcII0","privKey":"yFcWY6UUopw6IdOWGdbrgKLfXScPryWa8nlVVHuls08="},"lastRemoteEphemeralKey":"BcK5L/KGCzQ1uomZA2q7urBrK7yEpEShmp62+qxUIv9P","previousCounter":0,"rootKey":"ZwP/bUbYjQ+ujoXDkM4N49L6Im1c8XHI1+9h4nkTmUM="},"indexInfo":{"baseKey":"BVNP0s7NRXtl9LBZ8SisMBuftBEb9kv7x6Wi4VOtldBg","baseKeyType":1,"closed":-1,"used":1690512845596,"created":1690512845596,"remoteIdentityKey":"BfRTSHJWWdNCssPBPsIw/iev2OtIgVmu3OQye93l7V8P"},"_chains":{"BYlG7XIqoahxj6OWu3o3QL/RSq6W1yoTfxVwva3UcII0":{"chainKey":{"counter":2,"key":"E2gPr79pR/OXYSi/tY7TJxJg3K7w515kbfMIDH+GUtQ="},"chainType":1,"messageKeys":{}}},"pendingPreKey":{"signedKeyId":1,"baseKey":"BVNP0s7NRXtl9LBZ8SisMBuftBEb9kv7x6Wi4VOtldBg","preKeyId":15770991}}},"version":"v1"}