{"_sessions":{"BXIXvSM+PIsTShuSIalMxj97DqEEYOctUTZKY4VHTHgc":{"registrationId":4244,"currentRatchet":{"ephemeralKeyPair":{"pubKey":"BR/1siLwlXoIdYxgGdoKvlzJs7cldv3oYj+eK0FKGGsl","privKey":"uCRioAC0fPxZUwVxwgKOtTY35HStowAElHDCQ6obcHk="},"lastRemoteEphemeralKey":"BbvcHBZCy2WZumOSV0O1JiLFpKbK6uNi6+h18Xd5y6EK","previousCounter":0,"rootKey":"r7TYdiVaiYPwIAV8ByQK4KOv9D4sM2gXhcD2GJPfHDQ="},"indexInfo":{"baseKey":"BXIXvSM+PIsTShuSIalMxj97DqEEYOctUTZKY4VHTHgc","baseKeyType":1,"closed":-1,"used":1690523854814,"created":1690523854814,"remoteIdentityKey":"BaEVswvcQd5YMNTMyYABx/6DK4TZ4G4tBtSofY+X2bhH"},"_chains":{"BR/1siLwlXoIdYxgGdoKvlzJs7cldv3oYj+eK0FKGGsl":{"chainKey":{"counter":197,"key":"YMoxR4oOBnsD5eQmm0+i8+46egkvs0V3shVqhFK5VkQ="},"chainType":1,"messageKeys":{}}},"pendingPreKey":{"signedKeyId":1,"baseKey":"BXIXvSM+PIsTShuSIalMxj97DqEEYOctUTZKY4VHTHgc"}}},"version":"v1"}