{"_sessions":{"BZrYBfdEVtDZZwl/HQEcW5eo0YjK4B9Yp1k/m94nzs88":{"registrationId":339832195,"currentRatchet":{"ephemeralKeyPair":{"pubKey":"BYVfXNS+Vtg662TpOryQgN0M0wQXfW4andlP1F8+2kEQ","privKey":"AJdIPz3RJJymTXo7GZKPHygY0tZ0dq2m86bkKDnvoE4="},"lastRemoteEphemeralKey":"BVtFTHFA1G4dCE6UmYX7WzOMUaejfGBz0BhHBaY16jUV","previousCounter":0,"rootKey":"mDX3DQJBE65Mrfku0ekWPoEV2HtJZ0+CO9pX5UoPzU8="},"indexInfo":{"baseKey":"BZrYBfdEVtDZZwl/HQEcW5eo0YjK4B9Yp1k/m94nzs88","baseKeyType":1,"closed":-1,"used":1690523857153,"created":1690523857153,"remoteIdentityKey":"BXra/bXn5oxwvQGlI4iwUwTOuAfO+TIyFGnokJGw8btv"},"_chains":{"BYVfXNS+Vtg662TpOryQgN0M0wQXfW4andlP1F8+2kEQ":{"chainKey":{"counter":197,"key":"sPrmfCZPNMifR+ksRSiuBbMn37GKktP5mzEW3R+JcjQ="},"chainType":1,"messageKeys":{}}},"pendingPreKey":{"signedKeyId":0,"baseKey":"BZrYBfdEVtDZZwl/HQEcW5eo0YjK4B9Yp1k/m94nzs88","preKeyId":15263994}}},"version":"v1"}