{"_sessions":{"BXUz5HHLSxt/d4q8ES3ZLvdB09vuSqZFW6yZeJD8XgJE":{"registrationId":1291664378,"currentRatchet":{"ephemeralKeyPair":{"pubKey":"Bc5LyahTygI9y1EhDHcU2doTz6nOogJGJntPBWhAwpEy","privKey":"wHX9QzJyxC+iqJUeUtzvdJVMH4EqKoG+2Z/HoVQM/EI="},"lastRemoteEphemeralKey":"BUTwjzz8bZOXym+rCWB/rIyi6JdOGcTo2c72MaX4p/c3","previousCounter":0,"rootKey":"IVHNj9ujF5HjYnwC4IRNOLHu3wX0iLM3YIyhksVQWng="},"indexInfo":{"baseKey":"BXUz5HHLSxt/d4q8ES3ZLvdB09vuSqZFW6yZeJD8XgJE","baseKeyType":1,"closed":-1,"used":1690523856316,"created":1690523856316,"remoteIdentityKey":"BXtorIZGp6FurvdfAJAv90bOG1iA5dbMxiLKvGVmniMm"},"_chains":{"Bc5LyahTygI9y1EhDHcU2doTz6nOogJGJntPBWhAwpEy":{"chainKey":{"counter":197,"key":"PhvEMt2tyv/9G+Y+2q2ZDZEhbNtBXVQ043hTuWqnSZo="},"chainType":1,"messageKeys":{}}},"pendingPreKey":{"signedKeyId":14,"baseKey":"BXUz5HHLSxt/d4q8ES3ZLvdB09vuSqZFW6yZeJD8XgJE","preKeyId":12564709}}},"version":"v1"}