{"_sessions":{"BU9S0z5/U1E3VkSX21cpSk0B1Hp/9P+Hc5T3gYIbHRt4":{"registrationId":12983,"currentRatchet":{"ephemeralKeyPair":{"pubKey":"BZoxTyzY1JY9bMl8HV3B3vQoVafftjIX6lqJmoGEwQg+","privKey":"mHDQg+1Hd73CZE8JKAIoizUKYjtpF42hyDHVyiyipXI="},"lastRemoteEphemeralKey":"BT2eAuYeOdUEBL+/k9tE5G/Jr65mnR17ujBw2VJ+/PhU","previousCounter":0,"rootKey":"2y/Wanu9gSGzsaa/u2gw5cn4zOcica5q8xR8zRdwsDk="},"indexInfo":{"baseKey":"BU9S0z5/U1E3VkSX21cpSk0B1Hp/9P+Hc5T3gYIbHRt4","baseKeyType":1,"closed":-1,"used":1690512845427,"created":1690512845427,"remoteIdentityKey":"Bc4kyACQgLVur06yGWex0DUPmPllWe0BOxSU6B+BGrQo"},"_chains":{"BZoxTyzY1JY9bMl8HV3B3vQoVafftjIX6lqJmoGEwQg+":{"chainKey":{"counter":2,"key":"8AuDLFmNDY+Gw7hsEe13dvteg4nevtO7fRu+XDzsbf0="},"chainType":1,"messageKeys":{}}},"pendingPreKey":{"signedKeyId":2,"baseKey":"BU9S0z5/U1E3VkSX21cpSk0B1Hp/9P+Hc5T3gYIbHRt4","preKeyId":1865}}},"version":"v1"}