{"_sessions":{"BasrqSJw4VrZcooeOiTyow373aBfPtB6tbCKjhaQOIxb":{"registrationId":3,"currentRatchet":{"ephemeralKeyPair":{"pubKey":"BZVDhN+FszMl6saen5MF2UxEIilizR87co0IHBkbekAT","privKey":"CMkIPe89lVkYW/0Wn15vA3AkeGhonAhDNEli1V0Wnkc="},"lastRemoteEphemeralKey":"Bc6pGg6s3peQkyZcagjsyg0TE2QQtAAXBc7Opu756Bhi","previousCounter":0,"rootKey":"HyWGGtpbaHX1HwMsOyAjgQbn4jt9zQjAkt+GpA2Fwrw="},"indexInfo":{"baseKey":"BasrqSJw4VrZcooeOiTyow373aBfPtB6tbCKjhaQOIxb","baseKeyType":1,"closed":-1,"used":1690523855210,"created":1690523855210,"remoteIdentityKey":"BWN67IBYBDltx18MTPiwqVcGk6UEJZ5ol09LObknDSli"},"_chains":{"BZVDhN+FszMl6saen5MF2UxEIilizR87co0IHBkbekAT":{"chainKey":{"counter":197,"key":"sH2aSfN4sTrCsvapDJtYRvCBTHE4aSIoZoARNbdBmO0="},"chainType":1,"messageKeys":{}}},"pendingPreKey":{"signedKeyId":1,"baseKey":"BasrqSJw4VrZcooeOiTyow373aBfPtB6tbCKjhaQOIxb"}}},"version":"v1"}