{"_sessions":{"BUsXloyG7BOYxEqu+yxeY8SM0hOXbAVf+sXiuKjl9NBg":{"registrationId":2621,"currentRatchet":{"ephemeralKeyPair":{"pubKey":"BZ08RSJva6iDY2/Xdy6ksBWqfZnWxeO1UQcslYoLdJIM","privKey":"kOK6MuhBDsWSxHuWSoZMMrupWeqJHjPjWxWyXHRJaG0="},"lastRemoteEphemeralKey":"BVIDUUxBynFwX3sK1YykuioRcslYGfYWn7R6GOHzUh9x","previousCounter":0,"rootKey":"uYfSq9dGgbj0sRSFkEXK1c1OLEbglLhIFj41UVFkUO8="},"indexInfo":{"baseKey":"BUsXloyG7BOYxEqu+yxeY8SM0hOXbAVf+sXiuKjl9NBg","baseKeyType":1,"closed":-1,"used":1690512845770,"created":1690512845770,"remoteIdentityKey":"BU90s5CbyQFOCbTRE/Z6dUIS76UL1By75pVZ1bCrOmUZ"},"_chains":{"BZ08RSJva6iDY2/Xdy6ksBWqfZnWxeO1UQcslYoLdJIM":{"chainKey":{"counter":2,"key":"SEqKX4+Z/qWWsDix3Gw/ZMBCWRJ22x1DKm+ueSPyQnk="},"chainType":1,"messageKeys":{}}},"pendingPreKey":{"signedKeyId":2,"baseKey":"BUsXloyG7BOYxEqu+yxeY8SM0hOXbAVf+sXiuKjl9NBg"}}},"version":"v1"}