{"_sessions":{"BegXRo/p0bmlZdg92vJnZG+IMxbplQ1NX0XMJiQXuelA":{"registrationId":1855025284,"currentRatchet":{"ephemeralKeyPair":{"pubKey":"BQoZl25ppIeHUWq3QxGxOAWAqgTgVoX+z4S8vjQctOBg","privKey":"qIDfNWp2KH/pMplHocX3rsNNLn97JjTuLy7uIJKQWUA="},"lastRemoteEphemeralKey":"BZTt7xTwm7hJTgC+3zCMqhuno8Lv5KyKE2+4jjGbRcc1","previousCounter":0,"rootKey":"gOIme2posRCN509sww7OWAcx9+2UmFySuIFpoUUW9KU="},"indexInfo":{"baseKey":"BegXRo/p0bmlZdg92vJnZG+IMxbplQ1NX0XMJiQXuelA","baseKeyType":1,"closed":-1,"used":1690523856833,"created":1690523856833,"remoteIdentityKey":"BYZ4y7cgrkrHLPv3COrFsWvz+nisot0wR+5wc2eZQzdG"},"_chains":{"BQoZl25ppIeHUWq3QxGxOAWAqgTgVoX+z4S8vjQctOBg":{"chainKey":{"counter":197,"key":"/RVZd+dX7z9hpIyRh7wnheKz3W5lh8sPw/vU06pAJDU="},"chainType":1,"messageKeys":{}}},"pendingPreKey":{"signedKeyId":1,"baseKey":"BegXRo/p0bmlZdg92vJnZG+IMxbplQ1NX0XMJiQXuelA"}}},"version":"v1"}