{"_sessions":{"BSeUS/Zg39PtJ+9u0ZFlVzo0VrbHgruAC6SNlgD7TdYo":{"registrationId":72,"currentRatchet":{"ephemeralKeyPair":{"pubKey":"BXeq+lSZfmzhlGBHk+yLrLD6HDDvtBrL7zwz4UyO/oUR","privKey":"SC/jzhFD3+szw7qJnPeEY0sFkn7cs1ZggnmFdng5fGs="},"lastRemoteEphemeralKey":"BeHSMCyk/gIEYp5i8xnXFffkjZo9PyEW3j6rNiaLmBIR","previousCounter":0,"rootKey":"a1NvdUn+Z2iFNTeesFbs7MqVl4kVLEcvi4ncfrd1dE0="},"indexInfo":{"baseKey":"BSeUS/Zg39PtJ+9u0ZFlVzo0VrbHgruAC6SNlgD7TdYo","baseKeyType":1,"closed":-1,"used":1690526903358,"created":1690526903358,"remoteIdentityKey":"BRt7ucvgoyV1D+RBfstoenahSPKkpQsanEkyZ7fxUyV/"},"_chains":{"BXeq+lSZfmzhlGBHk+yLrLD6HDDvtBrL7zwz4UyO/oUR":{"chainKey":{"counter":11,"key":"faN51l0Vijz2E2XkZzr/qKB2wrTJC3NTl6n2m9GZCT4="},"chainType":1,"messageKeys":{}}},"pendingPreKey":{"signedKeyId":1,"baseKey":"BSeUS/Zg39PtJ+9u0ZFlVzo0VrbHgruAC6SNlgD7TdYo"}}},"version":"v1"}