{"_sessions":{"BV7KM1vStdY9ol/0CO8tFUJgjfXeYABq5ss5w22wwDFf":{"registrationId":739657883,"currentRatchet":{"ephemeralKeyPair":{"pubKey":"BewThc7c+955ADrlkd0Ftz1SCrHuF3c9KR4Fe7/BbL14","privKey":"CNpQDZpsPLAJnXerDif3gAHpdRXg2rMQ1s9s92QUQ0Y="},"lastRemoteEphemeralKey":"BR0EcusFvMw9JWOvlsgpV/5q5If6iWY4kE8BFLZZvwEG","previousCounter":0,"rootKey":"VmXKRtMIbjcEK5/TM1HZCPOkTRNiDWGZnyy6df1eQ/A="},"indexInfo":{"baseKey":"BV7KM1vStdY9ol/0CO8tFUJgjfXeYABq5ss5w22wwDFf","baseKeyType":1,"closed":-1,"used":1690523856078,"created":1690523856078,"remoteIdentityKey":"BTcdbTm1FjUb8OMV4VzEMIMKXAC9aRTSfqu1tpioNgAw"},"_chains":{"BewThc7c+955ADrlkd0Ftz1SCrHuF3c9KR4Fe7/BbL14":{"chainKey":{"counter":197,"key":"RjQS7ufOczT3JmUJJNCeKfB5GvA1I1TKPy+atuyvCfs="},"chainType":1,"messageKeys":{}}},"pendingPreKey":{"signedKeyId":3,"baseKey":"BV7KM1vStdY9ol/0CO8tFUJgjfXeYABq5ss5w22wwDFf","preKeyId":212626}}},"version":"v1"}