{"_sessions":{"BceFWovGb8m4UTRaB8MrV3ZOFKfZ8NBvOVWlfPl2cWE1":{"registrationId":1196278009,"currentRatchet":{"ephemeralKeyPair":{"pubKey":"BQXthH+yLC5zX6xKRLOGQ0AFLFNGbp3XH4U4GGArd3Rt","privKey":"wEJybt/YDJ6uzXN0UDV+aJwDtkAZksYUwRgb1T9w7G0="},"lastRemoteEphemeralKey":"BdZL4EOIIGz3rsmKIFDRky1ClCcSd65wg25wNAMLS3kL","previousCounter":0,"rootKey":"2vL194ISkJ1V1jQQUawLuTS1wIxqzwgeBi+0TPTKAg4="},"indexInfo":{"baseKey":"BceFWovGb8m4UTRaB8MrV3ZOFKfZ8NBvOVWlfPl2cWE1","baseKeyType":1,"closed":-1,"used":1690523857184,"created":1690523857184,"remoteIdentityKey":"BbPDudQG3fhmX+hABPFil9Gb2HR6+aIqIp4aPC4WBaVh"},"_chains":{"BQXthH+yLC5zX6xKRLOGQ0AFLFNGbp3XH4U4GGArd3Rt":{"chainKey":{"counter":197,"key":"wHbT1Mprn1/2gwQyWPX5HCu3p5vGgD/fOp4DSRpGelU="},"chainType":1,"messageKeys":{}}},"pendingPreKey":{"signedKeyId":2,"baseKey":"BceFWovGb8m4UTRaB8MrV3ZOFKfZ8NBvOVWlfPl2cWE1","preKeyId":4454771}}},"version":"v1"}