{"_sessions":{"BbyKwED/KQw1BGt6dOb2vhEQUWvXlxkt2oLkvSEQ+jQ+":{"registrationId":75,"currentRatchet":{"ephemeralKeyPair":{"pubKey":"BXIo9R84FH392rdW8hbEQqwfXNi3N1tG6wVVHnsnR8l8","privKey":"II6D3e5EggV5em884xXMC7f84BTdXuTTsfPDZDOBCk8="},"lastRemoteEphemeralKey":"BVbmk5tOH7iAmZOa3vM05JmD7CRQkPl1Z4/SfOogBPJ1","previousCounter":0,"rootKey":"qnOsINqWDLaww+jPQjypL8NNTGnLLO9fN2O3L9CilQY="},"indexInfo":{"baseKey":"BbyKwED/KQw1BGt6dOb2vhEQUWvXlxkt2oLkvSEQ+jQ+","baseKeyType":1,"closed":-1,"used":1690523854948,"created":1690523854948,"remoteIdentityKey":"BTg0oDzSDqphoidPvzoMvNnEWMf1Y5WfNVTX6+71dMJD"},"_chains":{"BXIo9R84FH392rdW8hbEQqwfXNi3N1tG6wVVHnsnR8l8":{"chainKey":{"counter":197,"key":"1J1F9tSvpMN/f2OBfq2/GtCxyw+GUSoGCBopyzcIAsg="},"chainType":1,"messageKeys":{}}},"pendingPreKey":{"signedKeyId":1,"baseKey":"BbyKwED/KQw1BGt6dOb2vhEQUWvXlxkt2oLkvSEQ+jQ+"}}},"version":"v1"}