{"_sessions":{"BQzpgjLzmKVzzv181DaQ1zKql8CsNu9rLWqsv7iaDDci":{"registrationId":1750674870,"currentRatchet":{"ephemeralKeyPair":{"pubKey":"BfnE5aURoKCI67Ou2Q/dJ0s/x//v66uoRKUTxP0O2IpA","privKey":"ID/ohzM252PpSG5vduRfdYsjF4sr5CDvCjaym1hiXE8="},"lastRemoteEphemeralKey":"BR3NRN1JSlX0vQGAHdeE3bbUN48C2hVUWKP6TopDtvgz","previousCounter":0,"rootKey":"unmsshbRgSMk9lezOj1PG78MiR5RFLShcuBJ57mZwnc="},"indexInfo":{"baseKey":"BQzpgjLzmKVzzv181DaQ1zKql8CsNu9rLWqsv7iaDDci","baseKeyType":1,"closed":-1,"used":1690512845830,"created":1690512845830,"remoteIdentityKey":"BYN1ueGGkbf5igkrtBGtwsDzwLqepwAyYrEAPwxxW69R"},"_chains":{"BfnE5aURoKCI67Ou2Q/dJ0s/x//v66uoRKUTxP0O2IpA":{"chainKey":{"counter":2,"key":"pokbojFiTXF4fHCzmeC6zLrJcRcE001U6waCOQ7p0jM="},"chainType":1,"messageKeys":{}}},"pendingPreKey":{"signedKeyId":0,"baseKey":"BQzpgjLzmKVzzv181DaQ1zKql8CsNu9rLWqsv7iaDDci"}}},"version":"v1"}