{"_sessions":{"Be26Y7+Xd0MymfgbGLzsm/ovAI7/AWl9Uf1nL8Q7+2N3":{"registrationId":7353,"currentRatchet":{"ephemeralKeyPair":{"pubKey":"BUkz6NaVxZDqY7E86CFf3otU80FS8sjehUzjLQGFJtBP","privKey":"4ECQe2RbkDc1kbLJAszf1/tqbKGCVYFyGVLlt7q5a1o="},"lastRemoteEphemeralKey":"BU4f1JBmgFRSTPmYbM7zP+fPfAKs8LlL1ZKlKP46lQFG","previousCounter":0,"rootKey":"is0yVajYL1Kjr1EiDz9ZzLhkhQRLBPlA0HaCmaihNtM="},"indexInfo":{"baseKey":"Be26Y7+Xd0MymfgbGLzsm/ovAI7/AWl9Uf1nL8Q7+2N3","baseKeyType":1,"closed":-1,"used":1690512635664,"created":1690512635664,"remoteIdentityKey":"BRwqWoVrPYwT0JEO69WxYcaJpE5S8SFgXhw7DA1v4xJb"},"_chains":{"BUkz6NaVxZDqY7E86CFf3otU80FS8sjehUzjLQGFJtBP":{"chainKey":{"counter":127,"key":"m/VGqNZHDTa5oVFkkfUN0s0TKx8IfLsoO/8MBETYGhI="},"chainType":1,"messageKeys":{}}},"pendingPreKey":{"signedKeyId":2,"baseKey":"Be26Y7+Xd0MymfgbGLzsm/ovAI7/AWl9Uf1nL8Q7+2N3","preKeyId":659}}},"version":"v1"}