{"_sessions":{"BbiZz/fqaqhb8GIwnKA9Y9SqDB86boEBpbrb1P477xdR":{"registrationId":1399807642,"currentRatchet":{"ephemeralKeyPair":{"pubKey":"BRzEfUKB6pEynXcyU2G/kNL0VWna1ZhgAbTWzLdm7tlt","privKey":"mDtPyJTxXgWrOYaEX0WCoOg5Cj/nKxjM95ewhKMf6Fk="},"lastRemoteEphemeralKey":"BVeoWnCQd5bx5b2Xzn9SIMBkON9h44fEA/x7lyOrPS4K","previousCounter":0,"rootKey":"YAyWuNOO2rX8gHJkLLUVOhwuXk6GZ4fZUiJrOJK8vbE="},"indexInfo":{"baseKey":"BbiZz/fqaqhb8GIwnKA9Y9SqDB86boEBpbrb1P477xdR","baseKeyType":1,"closed":-1,"used":1690512636748,"created":1690512636748,"remoteIdentityKey":"BYUdSAKsipuVoTvx8+2dtY7pjEXyC2hmT0wNvYJqgXgS"},"_chains":{"BRzEfUKB6pEynXcyU2G/kNL0VWna1ZhgAbTWzLdm7tlt":{"chainKey":{"counter":124,"key":"OwwtZL4hi51fHubI19MYf+ETU+0FujdaRudhVi8vcGU="},"chainType":1,"messageKeys":{}}},"pendingPreKey":{"signedKeyId":1,"baseKey":"BbiZz/fqaqhb8GIwnKA9Y9SqDB86boEBpbrb1P477xdR","preKeyId":8724390}}},"version":"v1"}