{"_sessions":{"BXXp4O/JkzS7zLXkqQD13LCRniPNIGuhXdaRmQyoceQu":{"registrationId":8,"currentRatchet":{"ephemeralKeyPair":{"pubKey":"BdnOI8y0qusMj0YcEbg7wP5kRlXk1Hcz6k/9R8zrKCoZ","privKey":"8D4sD8FU1S+tGPHKxVD6nBS587oAmBmUCckcMjHgYk4="},"lastRemoteEphemeralKey":"BVq43DytVZpiiHOz+rFgcjH7ohBpQTaizmQds0PSoSxZ","previousCounter":0,"rootKey":"v/u6+1+PBRwgYvfnYf52Lby+Aontgcu8aRhdLB6JcKM="},"indexInfo":{"baseKey":"BXXp4O/JkzS7zLXkqQD13LCRniPNIGuhXdaRmQyoceQu","baseKeyType":1,"closed":-1,"used":1690512635250,"created":1690512635250,"remoteIdentityKey":"BZ3A0zB07J4ciyJfHFVdJE1Lpr4oFBZ7TxYUalL+vM5X"},"_chains":{"BdnOI8y0qusMj0YcEbg7wP5kRlXk1Hcz6k/9R8zrKCoZ":{"chainKey":{"counter":322,"key":"4jYraiVmZQfFx5i33fZGO5GvN4GW3xfcHfKSsAjOjE0="},"chainType":1,"messageKeys":{}}},"pendingPreKey":{"signedKeyId":1,"baseKey":"BXXp4O/JkzS7zLXkqQD13LCRniPNIGuhXdaRmQyoceQu"}}},"version":"v1"}