{"_sessions":{"BRixEyRXTVimwZmg6l5LGxhr8OkUtqY9T9Fk61quEVcs":{"registrationId":13533,"currentRatchet":{"ephemeralKeyPair":{"pubKey":"BZx0TJKoSVAiZUCDkWQsnP70rMQsS5RIDBTg9KHBLPlQ","privKey":"AEm5ounCEyNSbcXhz8eI4PBJg3gMsBdue45Hq4ndulA="},"lastRemoteEphemeralKey":"BavuLWR5o5CnMbZm/f1wtD/FzCD+5Xk8DQx/Jh9+i3cX","previousCounter":0,"rootKey":"zcxJwMe4rSFiMjFU35hgdaYbgWykz00obTN0+bg+Wyc="},"indexInfo":{"baseKey":"BRixEyRXTVimwZmg6l5LGxhr8OkUtqY9T9Fk61quEVcs","baseKeyType":1,"closed":-1,"used":1690512846362,"created":1690512846362,"remoteIdentityKey":"BVXQz/cTMHbmGkuhqOHhu0sR+4y20WiOcaUIQqzsm1h2"},"_chains":{"BZx0TJKoSVAiZUCDkWQsnP70rMQsS5RIDBTg9KHBLPlQ":{"chainKey":{"counter":2,"key":"9n6j9LdmD1dAuMz9DxJAkhZU2ad5uKN9LsvrObzDbSY="},"chainType":1,"messageKeys":{}}},"pendingPreKey":{"signedKeyId":1,"baseKey":"BRixEyRXTVimwZmg6l5LGxhr8OkUtqY9T9Fk61quEVcs","preKeyId":859}}},"version":"v1"}