{"_sessions":{"BUxV+BdmaV+Nyp6OciSwQX+2220Gd9xaa7WJRX6gQdI0":{"registrationId":742927154,"currentRatchet":{"ephemeralKeyPair":{"pubKey":"BUlP/sEKCZL2614BpeswFRzFFrof22M6rM/+1mFfMqJC","privKey":"yLBBa2ud9UO+OsPTQupZYDC5qKoOxmtJB5qUPEXvP1A="},"lastRemoteEphemeralKey":"BZ+1/MArLGK+uNib4gg/KDFM1PKskMyUt9ubSq/AG/de","previousCounter":0,"rootKey":"QiCK5+8Dj53R4qjnQQq7GNZ7mWcANr3QVmLS0pqyq/o="},"indexInfo":{"baseKey":"BUxV+BdmaV+Nyp6OciSwQX+2220Gd9xaa7WJRX6gQdI0","baseKeyType":1,"closed":-1,"used":1690523856739,"created":1690523856739,"remoteIdentityKey":"BaN6e2m91yemteMih8S/PJ7Z5p1XYnXiIFy5DMFZ/ZFU"},"_chains":{"BUlP/sEKCZL2614BpeswFRzFFrof22M6rM/+1mFfMqJC":{"chainKey":{"counter":197,"key":"2yCUyT6XGYzjg8Q4k8O6zFuxUAnUnKrlpNIOCdItDdg="},"chainType":1,"messageKeys":{}}},"pendingPreKey":{"signedKeyId":0,"baseKey":"BUxV+BdmaV+Nyp6OciSwQX+2220Gd9xaa7WJRX6gQdI0","preKeyId":1775744}}},"version":"v1"}