{"_sessions":{"BWTn2pBbzgUi7K0KgEW7lcrRUzIIxQabhP5cKPpXaNE2":{"registrationId":10743,"currentRatchet":{"ephemeralKeyPair":{"pubKey":"Behd+qeTODmciQY1BiUk2aZqmy83Wf3Bmbjxp/TfiuZG","privKey":"QAcLqYqHDSJhWReSdioBcV6s7LxrxAEyIL29KM22N2Y="},"lastRemoteEphemeralKey":"BTD8SmZEcVW4YvPJ2GP7VHVKP7xLhlfOSoIquWC+Ilwd","previousCounter":0,"rootKey":"rRcBHA7HkboClVau5AL0zJr44buAUAbm66cVs3ADPII="},"indexInfo":{"baseKey":"BWTn2pBbzgUi7K0KgEW7lcrRUzIIxQabhP5cKPpXaNE2","baseKeyType":1,"closed":-1,"used":1690512635360,"created":1690512635360,"remoteIdentityKey":"BRhjBGObTytn3aZ71zLqSAWdXFxcQwcE0t5PkoNbg2Zd"},"_chains":{"Behd+qeTODmciQY1BiUk2aZqmy83Wf3Bmbjxp/TfiuZG":{"chainKey":{"counter":4,"key":"XyfORkP4UsCfCmbUf+LnzBtFnWayP0/BnKrMFyi3+HY="},"chainType":1,"messageKeys":{}}},"pendingPreKey":{"signedKeyId":1,"baseKey":"BWTn2pBbzgUi7K0KgEW7lcrRUzIIxQabhP5cKPpXaNE2","preKeyId":83}}},"version":"v1"}