{"_sessions":{"BSwCz8zS2pL18AdWwTI0s7s7hrsVyDK7T33BM6A9jCAM":{"registrationId":151,"currentRatchet":{"ephemeralKeyPair":{"pubKey":"Bd2ez/lrJXJovKmGpzQNQqwq6X4/LFb43JW71JPj0NJe","privKey":"ONj6LjSVcB9+oL9/FUx1RvQDswegqpxURt5KA3InT1Q="},"lastRemoteEphemeralKey":"BUUB2/WjombMZgOJ3/kFSVxUpUc1oGyk7Nkun83EDqM1","previousCounter":0,"rootKey":"luHbsl6yX1whLBTV5YM0qA3BTUyNpjFtCFxcVlkRNro="},"indexInfo":{"baseKey":"BSwCz8zS2pL18AdWwTI0s7s7hrsVyDK7T33BM6A9jCAM","baseKeyType":1,"closed":-1,"used":1690512845294,"created":1690512845294,"remoteIdentityKey":"BXZgUfVU/rgRpk0/8q9/RkXa0/lRQh/O4YhEPNqt0aAb"},"_chains":{"Bd2ez/lrJXJovKmGpzQNQqwq6X4/LFb43JW71JPj0NJe":{"chainKey":{"counter":2,"key":"KBBQgfqQxbt2W+ST7kkWjNJUlXT/M9MK00bPBw6PlPI="},"chainType":1,"messageKeys":{}}},"pendingPreKey":{"signedKeyId":1,"baseKey":"BSwCz8zS2pL18AdWwTI0s7s7hrsVyDK7T33BM6A9jCAM"}}},"version":"v1"}