{"_sessions":{"BS843i1n5ZL/N63BdZlqNAogLFQPSFe1V08Z+N47fohQ":{"registrationId":360459504,"currentRatchet":{"ephemeralKeyPair":{"pubKey":"BXQ7vH+cTKtFh3e94w7DQl7Sz0nIccFlY/NGEheJc/Y1","privKey":"EMsjBqLAKAGy2uSCjpslBRu1jgtxGklYxWtGGFfvi0Q="},"lastRemoteEphemeralKey":"BT8rVqTL/xRJfpKLc0DHHjkjFA7NnM6NjZtN+sPygZon","previousCounter":0,"rootKey":"B6sGQ3i732h5QUG/0hrV2hzMGJY3Li5CJUfyeDgGeyQ="},"indexInfo":{"baseKey":"BS843i1n5ZL/N63BdZlqNAogLFQPSFe1V08Z+N47fohQ","baseKeyType":1,"closed":-1,"used":1690523857409,"created":1690523857409,"remoteIdentityKey":"BervoaHX9Zhm6/KdJFXhCd81U97dqLl3pMu+TU2uzaMb"},"_chains":{"BXQ7vH+cTKtFh3e94w7DQl7Sz0nIccFlY/NGEheJc/Y1":{"chainKey":{"counter":197,"key":"E7cqhMWj8m0E2kqUhLJrmsvpCkSqxjT19oZMX1rP/Dw="},"chainType":1,"messageKeys":{}}},"pendingPreKey":{"signedKeyId":3,"baseKey":"BS843i1n5ZL/N63BdZlqNAogLFQPSFe1V08Z+N47fohQ","preKeyId":5097552}}},"version":"v1"}