{"_sessions":{"BQkPbgcP34DjFQe1bNiGNQOybGhZWs6T9WMbQdurgqsE":{"registrationId":1537688158,"currentRatchet":{"ephemeralKeyPair":{"pubKey":"BYYv8vT7AZ2c8KRmbf3aCl3GObyNvu3vFaSpUSXCpHlT","privKey":"MMyxfs0Qd36sIhAQ1nycGNjOUOxLYUug3PeDDbvus0c="},"lastRemoteEphemeralKey":"BY/M12qW5cX9Qff7ZPG6E8I05eB/owSsbut9lewgfsoO","previousCounter":0,"rootKey":"JiBXiT7hgP1+oWX24QsApz5r7FeArxw5dvtsSqH0jmg="},"indexInfo":{"baseKey":"BQkPbgcP34DjFQe1bNiGNQOybGhZWs6T9WMbQdurgqsE","baseKeyType":1,"closed":-1,"used":1690523856010,"created":1690523856010,"remoteIdentityKey":"BbZQZaTPma1xafKttkXHowBdck1HTgWWg52rFmP57IFI"},"_chains":{"BYYv8vT7AZ2c8KRmbf3aCl3GObyNvu3vFaSpUSXCpHlT":{"chainKey":{"counter":197,"key":"3SfWn2nO0Scvlsjg49w5ly65Rq8ZotKoJZgLGwqFogY="},"chainType":1,"messageKeys":{}}},"pendingPreKey":{"signedKeyId":2,"baseKey":"BQkPbgcP34DjFQe1bNiGNQOybGhZWs6T9WMbQdurgqsE"}}},"version":"v1"}