{"_sessions":{"BWgyRR1teBqntiSbV/he1VKE9xfY8R1aAwMK2pG+nwND":{"registrationId":694461165,"currentRatchet":{"ephemeralKeyPair":{"pubKey":"BRsp8VFMZ9R4ArwaJ/mGW48mE/tR3i+mYCuR53RIb3IP","privKey":"KKRT1GOVCdQMXe5lAaV6yTAfBOhwG8ZePNJTM+RGm2s="},"lastRemoteEphemeralKey":"BUw3hE+bytqhXHiPPkSOdAmBy45vHb/NyILKK3ATHeB/","previousCounter":0,"rootKey":"m+5PbXxCPD/C0JpiIbhjVcKuol3J6ZmUTb0DKMiwXOM="},"indexInfo":{"baseKey":"BWgyRR1teBqntiSbV/he1VKE9xfY8R1aAwMK2pG+nwND","baseKeyType":1,"closed":-1,"used":1690523857555,"created":1690523857555,"remoteIdentityKey":"BeDM+P0japCEtFgLnJ+mvudzFjot5F9N2+auR7AByWl3"},"_chains":{"BRsp8VFMZ9R4ArwaJ/mGW48mE/tR3i+mYCuR53RIb3IP":{"chainKey":{"counter":197,"key":"o5ZR2cPYiPZ6SvvLiO0iXFE3/3HtLzc/aj9URQqVOLU="},"chainType":1,"messageKeys":{}}},"pendingPreKey":{"signedKeyId":5,"baseKey":"BWgyRR1teBqntiSbV/he1VKE9xfY8R1aAwMK2pG+nwND","preKeyId":4622041}}},"version":"v1"}