{"_sessions":{"BffnE6uIe1ImFFGJdju0RpJTEJweY5dcdx7oSLEiZhlx":{"registrationId":13971,"currentRatchet":{"ephemeralKeyPair":{"pubKey":"Bcevx1cpRxksucnda4uU2FyLFPokHho8GcuKToImRVIz","privKey":"gMcGPuCPbkNTeY28uYpCCqPE9EDtTl4QT3EOqKAq93M="},"lastRemoteEphemeralKey":"BSsVnNzd986zgKaG76ERSHFqEoe0BQ8O3IIHgU4agxpQ","previousCounter":0,"rootKey":"BYoWZeEMHXvjx22uiDEbhiWIpAauP+hSIdUV277a0po="},"indexInfo":{"baseKey":"BffnE6uIe1ImFFGJdju0RpJTEJweY5dcdx7oSLEiZhlx","baseKeyType":1,"closed":-1,"used":1690512846051,"created":1690512846051,"remoteIdentityKey":"BV+wSx2ojUvvX7fpmUsj/IEcIZ3ZEzJdMDVMvdyZ5w1f"},"_chains":{"Bcevx1cpRxksucnda4uU2FyLFPokHho8GcuKToImRVIz":{"chainKey":{"counter":2,"key":"inrAh/QLuAnz98vhdeUq5H0x7EH4uu64c8SZEZk9ZOE="},"chainType":1,"messageKeys":{}}},"pendingPreKey":{"signedKeyId":1,"baseKey":"BffnE6uIe1ImFFGJdju0RpJTEJweY5dcdx7oSLEiZhlx","preKeyId":2480}}},"version":"v1"}