{"_sessions":{"BT6K9z6b89/xWd1whmjsdxlvptAnxUFogL1iN8OMzBt7":{"registrationId":1531621939,"currentRatchet":{"ephemeralKeyPair":{"pubKey":"BV3GZH76Qbodx5FTXSe14NTRrZRevcNtJqN5M1Czi9ll","privKey":"4HtpphAdBVTK7kDlij6oOllvSJsNMe2/KyO+DcJi/UM="},"lastRemoteEphemeralKey":"BY+2UipqRbANnQs2V+PAcnLVNiINBY3tyoyQJ/YG2RIr","previousCounter":0,"rootKey":"knZ1IR1NLwEIY5MUZAbegDS9ONnEZ87LFFQETDD4efE="},"indexInfo":{"baseKey":"BT6K9z6b89/xWd1whmjsdxlvptAnxUFogL1iN8OMzBt7","baseKeyType":1,"closed":-1,"used":1690512636423,"created":1690512636423,"remoteIdentityKey":"BeHHwNMCyoMFCCY/N4/kerINnoUgQ8to6HOFaAEKoGxS"},"_chains":{"BV3GZH76Qbodx5FTXSe14NTRrZRevcNtJqN5M1Czi9ll":{"chainKey":{"counter":124,"key":"2e4PNjbWXwvbF6/g5jV3Y3LqYO+qB52ib7cTMLUScZw="},"chainType":1,"messageKeys":{}}},"pendingPreKey":{"signedKeyId":10,"baseKey":"BT6K9z6b89/xWd1whmjsdxlvptAnxUFogL1iN8OMzBt7","preKeyId":11998867}}},"version":"v1"}