{"_sessions":{"BaMAcNqS2ZRgLNOMMIZwvJVmkBCYqP7qnQvsXAGP6mA+":{"registrationId":1781798625,"currentRatchet":{"ephemeralKeyPair":{"pubKey":"BeRcVZ/rIn2ZrWfjGn1UY7tseLqc9XdMprw+EW/1fIhh","privKey":"wDwgrKeTa342Wg5U4BXa6wq9h1qAYJ539k22e0aGC2E="},"lastRemoteEphemeralKey":"BQQd5Ez8szjANEy9WAUbBD7CR/xeHjkw2p9eq383YYQ6","previousCounter":0,"rootKey":"ra2szjJJ2UuFzqMNAv69a1nS+sXSV0bvUfn0xM5VZQU="},"indexInfo":{"baseKey":"BaMAcNqS2ZRgLNOMMIZwvJVmkBCYqP7qnQvsXAGP6mA+","baseKeyType":1,"closed":-1,"used":1690512637035,"created":1690512637035,"remoteIdentityKey":"BUPw3ZyRYw9mexgTtqPHjqoTkCK1/MsS7w4usk62qOxY"},"_chains":{"BeRcVZ/rIn2ZrWfjGn1UY7tseLqc9XdMprw+EW/1fIhh":{"chainKey":{"counter":322,"key":"M2qIVY+ozGyRQgsOi3K8wyQt/FHKdx3bagtQ/a1wxdU="},"chainType":1,"messageKeys":{}}},"pendingPreKey":{"signedKeyId":0,"baseKey":"BaMAcNqS2ZRgLNOMMIZwvJVmkBCYqP7qnQvsXAGP6mA+","preKeyId":9323574}}},"version":"v1"}