{"_sessions":{"BVoIdalAgqg4rxhklEs4DOfv4W/1sFVi3ETM4WXdoAR1":{"registrationId":1987962449,"currentRatchet":{"ephemeralKeyPair":{"pubKey":"BXMH09ofFNO1LY2DwLcdMN9FXszDcrc9QDuAVBV4gxpZ","privKey":"CIjNHPMNnFcWSm2++6XP8uoqZNpT748XdYqtjqUSu0E="},"lastRemoteEphemeralKey":"BTCTVtn6DlGxlofz32QFB3carcbo4RTfKeyl2NqG/DE4","previousCounter":0,"rootKey":"yS3PAAXmYRuKVSexB4/RqiaCbHVKbbWPau27hu/e3Vk="},"indexInfo":{"baseKey":"BVoIdalAgqg4rxhklEs4DOfv4W/1sFVi3ETM4WXdoAR1","baseKeyType":1,"closed":-1,"used":1690523856636,"created":1690523856636,"remoteIdentityKey":"BaXKg5j2/KJYam+CkcYFFRuv+/Z8+JT406k5+Phj+Z9j"},"_chains":{"BXMH09ofFNO1LY2DwLcdMN9FXszDcrc9QDuAVBV4gxpZ":{"chainKey":{"counter":197,"key":"92iHE+z/YtPmf0V3y3X/+oF+mmZM3dqipUrkyPCymJ0="},"chainType":1,"messageKeys":{}}},"pendingPreKey":{"signedKeyId":0,"baseKey":"BVoIdalAgqg4rxhklEs4DOfv4W/1sFVi3ETM4WXdoAR1","preKeyId":4828803}}},"version":"v1"}