{"_sessions":{"BUpGy7UtJULcjsuj+JB8ZFIXFvqsjHMtW4XSYOwUXFhX":{"registrationId":65,"currentRatchet":{"ephemeralKeyPair":{"pubKey":"BcCPFrh5ENfQBaTLYg+y29Y3/ClyW8SQ+gRZs/KjWCt1","privKey":"qHI27vsTOUkCTtCNwlgv/qf+LHOXfyhgQjjVR+GPDkM="},"lastRemoteEphemeralKey":"BQfZiZA1513ZgspJGu7zpbiESd9kyVh3iyndOfFFU91T","previousCounter":0,"rootKey":"9SKwJwlW2TaNq/FPIbyqP1lQKucVYJGYxpTbKqeCdGA="},"indexInfo":{"baseKey":"BUpGy7UtJULcjsuj+JB8ZFIXFvqsjHMtW4XSYOwUXFhX","baseKeyType":1,"closed":1690526862006,"used":1690512846421,"created":1690512846421,"remoteIdentityKey":"BSxRJ8GVKUzc6aToBs+/0/r1mom+pjPr7zinCXgL6NV6"},"_chains":{"BcCPFrh5ENfQBaTLYg+y29Y3/ClyW8SQ+gRZs/KjWCt1":{"chainKey":{"counter":0,"key":"JpCUu4FytUYcT7YblH15hY3+qW/K/wELpvI2IGeN3jM="},"chainType":1,"messageKeys":{}}},"pendingPreKey":{"signedKeyId":1,"baseKey":"BUpGy7UtJULcjsuj+JB8ZFIXFvqsjHMtW4XSYOwUXFhX","preKeyId":132}},"BRi3yIzPRKWY8/9OTCKh/iwwEUbXJQpbJWJaC3GgGWF/":{"registrationId":65,"currentRatchet":{"ephemeralKeyPair":{"pubKey":"BUDkaOV3PMPoQ8dRnl3k5CenNmNy2jXpaThAW2sZiRoO","privKey":"cETprOJGNaNF/ZnIye+LWV3q+kBmNK+Z+gJ5Qsyg/kI="},"lastRemoteEphemeralKey":"BQfZiZA1513ZgspJGu7zpbiESd9kyVh3iyndOfFFU91T","previousCounter":0,"rootKey":"Dv9ohzybZ7jc65vSz1lJEaqZHx21ijciKfWEWKpXKKc="},"indexInfo":{"baseKey":"BRi3yIzPRKWY8/9OTCKh/iwwEUbXJQpbJWJaC3GgGWF/","baseKeyType":1,"closed":1690526871625,"used":1690526861989,"created":1690526861989,"remoteIdentityKey":"BSxRJ8GVKUzc6aToBs+/0/r1mom+pjPr7zinCXgL6NV6"},"_chains":{"BUDkaOV3PMPoQ8dRnl3k5CenNmNy2jXpaThAW2sZiRoO":{"chainKey":{"counter":0,"key":"N0TRbng9bhXsfSaaHPKxXP0uDSCTJ4M863yHSMf8yGg="},"chainType":1,"messageKeys":{}}},"pendingPreKey":{"signedKeyId":1,"baseKey":"BRi3yIzPRKWY8/9OTCKh/iwwEUbXJQpbJWJaC3GgGWF/","preKeyId":156}},"BZP4W+0KCHWwQqVJBWXkL7npa4GNLY1N9Ccbq6LuUaJJ":{"registrationId":65,"currentRatchet":{"ephemeralKeyPair":{"pubKey":"BagzQfOPK7EvKCE4WOKmVWT9taxH9eT4Vmzfnv5mzbd8","privKey":"AHPR20Nzj5EqKgd0r2VWz0C7dJpy6lAGHEJuxQZ8FnA="},"lastRemoteEphemeralKey":"BQfZiZA1513ZgspJGu7zpbiESd9kyVh3iyndOfFFU91T","previousCounter":0,"rootKey":"bwGNiJ8NBHojkMc83pBbe+C8PFje+BKkr4qXPY0AnvY="},"indexInfo":{"baseKey":"BZP4W+0KCHWwQqVJBWXkL7npa4GNLY1N9Ccbq6LuUaJJ","baseKeyType":1,"closed":1690526879713,"used":1690526871614,"created":1690526871614,"remoteIdentityKey":"BSxRJ8GVKUzc6aToBs+/0/r1mom+pjPr7zinCXgL6NV6"},"_chains":{"BagzQfOPK7EvKCE4WOKmVWT9taxH9eT4Vmzfnv5mzbd8":{"chainKey":{"counter":0,"key":"pjHhagoz6hL0ryXjYPgG1sCHdah8L/6nQxy6BbNH9is="},"chainType":1,"messageKeys":{}}},"pendingPreKey":{"signedKeyId":1,"baseKey":"BZP4W+0KCHWwQqVJBWXkL7npa4GNLY1N9Ccbq6LuUaJJ","preKeyId":170}},"BXIDGdtvaWS/uBKmP1Sz5aNeU3+hoq2JWIX5SfUaVLxL":{"registrationId":65,"currentRatchet":{"ephemeralKeyPair":{"pubKey":"BRHHdxxxWZlz/tEG6HVAEBATAiLeldXM2WlPrasP7/N7","privKey":"WMW3ybb/yHpupDEenLJU0Yl1P3EhWPYvB7OWdI0iW2M="},"lastRemoteEphemeralKey":"BQfZiZA1513ZgspJGu7zpbiESd9kyVh3iyndOfFFU91T","previousCounter":0,"rootKey":"/uGsEW51/KDJYpf/uFVhWoxIQaPwTVf0xcU1kQzYihk="},"indexInfo":{"baseKey":"BXIDGdtvaWS/uBKmP1Sz5aNeU3+hoq2JWIX5SfUaVLxL","baseKeyType":1,"closed":1690526893352,"used":1690526879702,"created":1690526879702,"remoteIdentityKey":"BSxRJ8GVKUzc6aToBs+/0/r1mom+pjPr7zinCXgL6NV6"},"_chains":{"BRHHdxxxWZlz/tEG6HVAEBATAiLeldXM2WlPrasP7/N7":{"chainKey":{"counter":0,"key":"+gwh6swHvbrNgGvCNRKsJDP92Md7qbtnGNpX+YWJZLM="},"chainType":1,"messageKeys":{}}},"pendingPreKey":{"signedKeyId":1,"baseKey":"BXIDGdtvaWS/uBKmP1Sz5aNeU3+hoq2JWIX5SfUaVLxL","preKeyId":167}},"BUcyeRckMnluPIa4Z93P2D0ah2h5BhiZ0Zy8cKWUSoAz":{"registrationId":65,"currentRatchet":{"ephemeralKeyPair":{"pubKey":"BTIuryNMBrHn+JPdmhQhW6ijxA3XoE2Gus83VGMOurk1","privKey":"cCgIpuGDtOdHRfQ65rD+vvb6k4D/WsFKxpu4et/I6lw="},"lastRemoteEphemeralKey":"BQfZiZA1513ZgspJGu7zpbiESd9kyVh3iyndOfFFU91T","previousCounter":0,"rootKey":"1ArauSCYoVbbW/jkfum2pRTxZx24yX2ig/CmabbIWOM="},"indexInfo":{"baseKey":"BUcyeRckMnluPIa4Z93P2D0ah2h5BhiZ0Zy8cKWUSoAz","baseKeyType":1,"closed":-1,"used":1690526893331,"created":1690526893331,"remoteIdentityKey":"BSxRJ8GVKUzc6aToBs+/0/r1mom+pjPr7zinCXgL6NV6"},"_chains":{"BTIuryNMBrHn+JPdmhQhW6ijxA3XoE2Gus83VGMOurk1":{"chainKey":{"counter":1,"key":"nMg/6roMfn3h1DLOfSiBdM3JO1ZkIfwDFw1A8NO1Iyg="},"chainType":1,"messageKeys":{}}},"pendingPreKey":{"signedKeyId":1,"baseKey":"BUcyeRckMnluPIa4Z93P2D0ah2h5BhiZ0Zy8cKWUSoAz","preKeyId":164}}},"version":"v1"}