{"_sessions":{"BTAqKfk/NgO0ZfiwUeYYdFrU+9hIqnbYLgRMO0pZL1cy":{"registrationId":730375777,"currentRatchet":{"ephemeralKeyPair":{"pubKey":"Baa6z0a6qvtH5wjz5Wp7EX/yTWxSUEpulENFKAFmhdJh","privKey":"EBFLNHVVhkZq2zHHu7C6Yti37A4fPqvfkZVy4oYfZF8="},"lastRemoteEphemeralKey":"BamK3uT9YTlc2tPoWMyunOokjI9PnofZ3a/fmEJ1fJNc","previousCounter":0,"rootKey":"cE+rIyCs+l7veyqblM58x0+s77wwva/pbUv9hgOBsmc="},"indexInfo":{"baseKey":"BTAqKfk/NgO0ZfiwUeYYdFrU+9hIqnbYLgRMO0pZL1cy","baseKeyType":1,"closed":-1,"used":1690523857129,"created":1690523857129,"remoteIdentityKey":"BRYolObE2QhiQffFnDv/c9sh6eevMKEzOa95gbFirwox"},"_chains":{"Baa6z0a6qvtH5wjz5Wp7EX/yTWxSUEpulENFKAFmhdJh":{"chainKey":{"counter":197,"key":"gp9jMU3AKwxkeeMVgpVf4ECGhbRc9EatLM4DGCN34CM="},"chainType":1,"messageKeys":{}}},"pendingPreKey":{"signedKeyId":1,"baseKey":"BTAqKfk/NgO0ZfiwUeYYdFrU+9hIqnbYLgRMO0pZL1cy","preKeyId":5762584}}},"version":"v1"}