{"_sessions":{"BX6DGh8uJTMgH7GfzpyVImW/XKQ5Iv6pVOwe1uuCD3Yo":{"registrationId":1968988301,"currentRatchet":{"ephemeralKeyPair":{"pubKey":"BZot0P/MiGGCv2w/yGXIbT40jce89peUCfQTx3nUcLV2","privKey":"SD85Ato2K+RYTCZr5tclP+7GhWm+VQLYxLTddTy/qXM="},"lastRemoteEphemeralKey":"BbUrwzfPmaHVIGz5n6tXDbScoEvTMkgQp1Q7fcfkkdUV","previousCounter":0,"rootKey":"6G/q0bvyOiPjGu9Jzw+xyCIZrSPIgFElBLpk8Yclq/Y="},"indexInfo":{"baseKey":"BX6DGh8uJTMgH7GfzpyVImW/XKQ5Iv6pVOwe1uuCD3Yo","baseKeyType":1,"closed":-1,"used":1690512847420,"created":1690512847420,"remoteIdentityKey":"Ba3jwhAdkVOJF0PnteOrM5CGITQSLs113JHAFFPJg08i"},"_chains":{"BZot0P/MiGGCv2w/yGXIbT40jce89peUCfQTx3nUcLV2":{"chainKey":{"counter":2,"key":"bwqTpRy1cpGr03ghokKvgnpofvr/J8QMTym1K+CHXmI="},"chainType":1,"messageKeys":{}}},"pendingPreKey":{"signedKeyId":2,"baseKey":"BX6DGh8uJTMgH7GfzpyVImW/XKQ5Iv6pVOwe1uuCD3Yo","preKeyId":2505538}}},"version":"v1"}