{"_sessions":{"Bann1kXZcpgMwEVLhSJOKdRA5+E+CwMtrHDTi/GPQGlW":{"registrationId":1423483798,"currentRatchet":{"ephemeralKeyPair":{"pubKey":"BVroavhr+unP9q6e4b5rKEYWGALlx6EBPbpaQkxWFBMs","privKey":"AHFqwEvTmS4deAD5cM53KwU6r+WFJnrc1Lkr4n0aDVc="},"lastRemoteEphemeralKey":"BdDWkSjpZyG/a1r3CbTAG44O2GH+8izvVF48pjzjWD0k","previousCounter":0,"rootKey":"+D9ydTDauC+Qu1mKKvgeO4V6jcwbhGN8feKKHiVDh5Y="},"indexInfo":{"baseKey":"Bann1kXZcpgMwEVLhSJOKdRA5+E+CwMtrHDTi/GPQGlW","baseKeyType":1,"closed":-1,"used":1690525403204,"created":1690525403204,"remoteIdentityKey":"BXJ3OAVJoi82GYs/I5Wx6omw1DkvLMmLHq1bKJpoCBQ3"},"_chains":{"BVroavhr+unP9q6e4b5rKEYWGALlx6EBPbpaQkxWFBMs":{"chainKey":{"counter":2,"key":"a4B0xb6GZe9wpZYm2yyPOBJwkmiVmPqkP5UI0r9yeXU="},"chainType":1,"messageKeys":{}}},"pendingPreKey":{"signedKeyId":37,"baseKey":"Bann1kXZcpgMwEVLhSJOKdRA5+E+CwMtrHDTi/GPQGlW","preKeyId":3292666}}},"version":"v1"}