{"_sessions":{"Be4oWHyutY0s6NvZbb0FXIaVXLj3GJ+6eYowV50Hcm0s":{"registrationId":2056819296,"currentRatchet":{"ephemeralKeyPair":{"pubKey":"BQw7K7krtGhF78Yql4blJCw/gG1RqaBlpkwSPVd+oJw7","privKey":"yJHV0vzXKVBiAUrWlX4fSchRfB/zCUjhiYwUPjayJH8="},"lastRemoteEphemeralKey":"BdkoyiXtoWdWMLZAXwpWYYnVzdzO7JT5En+MsrXm5eE8","previousCounter":0,"rootKey":"wzIZEHapdaorpM7m/ZZ9mLBtwJ4ZUKxSWrUYbe7RaEI="},"indexInfo":{"baseKey":"Be4oWHyutY0s6NvZbb0FXIaVXLj3GJ+6eYowV50Hcm0s","baseKeyType":1,"closed":-1,"used":1690512847026,"created":1690512847026,"remoteIdentityKey":"Bd+ghRGzWRvBSirSTfl16epAVUgG0SyChfqml/30siI6"},"_chains":{"BQw7K7krtGhF78Yql4blJCw/gG1RqaBlpkwSPVd+oJw7":{"chainKey":{"counter":2,"key":"lnaHfRPVAh47wk9ZgxoVb0GZF1f4z9NV9sg98gPKdTE="},"chainType":1,"messageKeys":{}}},"pendingPreKey":{"signedKeyId":0,"baseKey":"Be4oWHyutY0s6NvZbb0FXIaVXLj3GJ+6eYowV50Hcm0s","preKeyId":473674}}},"version":"v1"}