{"_sessions":{"BSpETVZ70G7Ru6AkCyrChMijPRQLPK2f4FeKrfQvSO5t":{"registrationId":118231442,"currentRatchet":{"ephemeralKeyPair":{"pubKey":"BXzWWqEdpEX7XfQqtf/46QjjA4+AGu2jCUWionUWRE8z","privKey":"wAkq1nlbxXvONhNM0HMWEDySkufbJHIN2CFV2gLw8ms="},"lastRemoteEphemeralKey":"BRQ37AyjgpqY2Vq6EQRuXUIkVLlx3+TQkOZ4DQUJvs5/","previousCounter":0,"rootKey":"q91PWfWzohrCPW+suI21k+9eRQB4RLYNsbNQocOm0GU="},"indexInfo":{"baseKey":"BSpETVZ70G7Ru6AkCyrChMijPRQLPK2f4FeKrfQvSO5t","baseKeyType":1,"closed":-1,"used":1690512635983,"created":1690512635983,"remoteIdentityKey":"BW+laj5J/ktPL99XX/VlHcgIbp4XrVZngoG54iPtzawl"},"_chains":{"BXzWWqEdpEX7XfQqtf/46QjjA4+AGu2jCUWionUWRE8z":{"chainKey":{"counter":124,"key":"uPaIGejuHSlcnixEngKAK1PB+WGmP++RfdI/RVDfoW0="},"chainType":1,"messageKeys":{}}},"pendingPreKey":{"signedKeyId":33,"baseKey":"BSpETVZ70G7Ru6AkCyrChMijPRQLPK2f4FeKrfQvSO5t","preKeyId":12417786}}},"version":"v1"}