{"_sessions":{"Bcj+n16syY5t4XH88FeE4XMcTGxK1shc2W+PZasGTCt4":{"registrationId":1487619420,"currentRatchet":{"ephemeralKeyPair":{"pubKey":"BVSQrQHrMOTjHiorf9Jc4j0mwEzmUJgl0lEAI62D1cUE","privKey":"OL385S3iKGpRCIQy6ltSWP/Ep35XPGtvan8lG6IkKVo="},"lastRemoteEphemeralKey":"BQVCtcdLFNe0sPGZ50fvrLD+1zxkWDwtPHIZKEbbmu92","previousCounter":0,"rootKey":"acDTLzz1PauPq9+TaAjIkvRz3tAH/mAyyvEAaeTCWDY="},"indexInfo":{"baseKey":"Bcj+n16syY5t4XH88FeE4XMcTGxK1shc2W+PZasGTCt4","baseKeyType":1,"closed":-1,"used":1690512637257,"created":1690512637257,"remoteIdentityKey":"BW3IWiTZCSL2zqNcTMnamuuWJJE6OrPOLbFyqlk2XAgK"},"_chains":{"BVSQrQHrMOTjHiorf9Jc4j0mwEzmUJgl0lEAI62D1cUE":{"chainKey":{"counter":124,"key":"GCeq6VOqFLVqNRDYzp/MxqGGtaR/XmdPrDsc+wJ8sgg="},"chainType":1,"messageKeys":{}}},"pendingPreKey":{"signedKeyId":3,"baseKey":"Bcj+n16syY5t4XH88FeE4XMcTGxK1shc2W+PZasGTCt4","preKeyId":5198947}}},"version":"v1"}