{"_sessions":{"Bejb8YNo5v5Woa4GVWrSiHLlYv4+Wh4edg4hmjbGeKA4":{"registrationId":196,"currentRatchet":{"ephemeralKeyPair":{"pubKey":"BYm2IhX7LWa4lkYqXEJ5MCMxikc/yQSolGcykjqtcbZf","privKey":"kIpx8u0pOqKIHMPmXR34NSt+8Kc7u0r2LF5VDY4etFw="},"lastRemoteEphemeralKey":"BUEYs+5f8DbUCqnY/9lAeiCfA1pJ0/tvSQzJevUdlmVM","previousCounter":0,"rootKey":"/MBFqrPKkuxlVhsa0nB18X6jaYvnrbo4zZTOXVLBKwI="},"indexInfo":{"baseKey":"Bejb8YNo5v5Woa4GVWrSiHLlYv4+Wh4edg4hmjbGeKA4","baseKeyType":1,"closed":-1,"used":1690523855698,"created":1690523855698,"remoteIdentityKey":"BUrwSuzpV40Gr2YZNTAMhYde2VqivSt8adHbjCcVuPhp"},"_chains":{"BYm2IhX7LWa4lkYqXEJ5MCMxikc/yQSolGcykjqtcbZf":{"chainKey":{"counter":197,"key":"zxIyqeeRmXcBFAlI1wABSRnQ7Si6LIXiy4MR9FhjMsk="},"chainType":1,"messageKeys":{}}},"pendingPreKey":{"signedKeyId":1,"baseKey":"Bejb8YNo5v5Woa4GVWrSiHLlYv4+Wh4edg4hmjbGeKA4"}}},"version":"v1"}