{"_sessions":{"Beugiu78N0zEAQWrjbaXW7pvEeccEYPVpNwx83O/C6Jq":{"registrationId":146,"currentRatchet":{"ephemeralKeyPair":{"pubKey":"BQiHj/b0b/kCzjFjqgerSHmLVIckbjPbmYR5hwxyp1ce","privKey":"gIwfSe8UJuCEc0KKPbrsIrorg01YbUHy5lNpQnKCsXo="},"lastRemoteEphemeralKey":"Bc0JBfVI8vtjl9gRv+hIHNRrDLqOKkbV8/7NyEpe/9kN","previousCounter":0,"rootKey":"7hUjzmnS+eBlRYtsne1fPng9nj0VHFGZ+5N3gq1UZ8g="},"indexInfo":{"baseKey":"Beugiu78N0zEAQWrjbaXW7pvEeccEYPVpNwx83O/C6Jq","baseKeyType":1,"closed":-1,"used":1690523855380,"created":1690523855380,"remoteIdentityKey":"BbJvzhCaFXdzAFlRQz4TnuLspkxvlE6RIBcWhJYMbloq"},"_chains":{"BQiHj/b0b/kCzjFjqgerSHmLVIckbjPbmYR5hwxyp1ce":{"chainKey":{"counter":140,"key":"b9v7nCCQ16lkEPb52tL/amxm8cOG1KNt4OGFkVsACFw="},"chainType":1,"messageKeys":{}}},"pendingPreKey":{"signedKeyId":1,"baseKey":"Beugiu78N0zEAQWrjbaXW7pvEeccEYPVpNwx83O/C6Jq"}}},"version":"v1"}