{"_sessions":{"BVec8gJwaIMk+3yMFsbOI/3DKB6sydq03GfUb1xMjDw5":{"registrationId":1028770774,"currentRatchet":{"ephemeralKeyPair":{"pubKey":"Bed1DTMx7RJ8Jq3nTbZ+sSG+mRqO1dTBPjcPnMZ1fKxO","privKey":"6Bao7izaWiWRwlrmBMTPgm+eIOwGq8nXX1cBEwavIGc="},"lastRemoteEphemeralKey":"BRNcYCHR/0WDlG5oaU4UmUUMTwUDkJENUjv90Bkakf5T","previousCounter":0,"rootKey":"jlIwsOBcAJU3XdWa90WMSQMRcAoZhOHM3NbqKZlIns8="},"indexInfo":{"baseKey":"BVec8gJwaIMk+3yMFsbOI/3DKB6sydq03GfUb1xMjDw5","baseKeyType":1,"closed":-1,"used":1690525403149,"created":1690525403149,"remoteIdentityKey":"BVBwQAWrzlxn2M4jpOt6VqeanXWFTZt/BvlSFFCS9w0I"},"_chains":{"Bed1DTMx7RJ8Jq3nTbZ+sSG+mRqO1dTBPjcPnMZ1fKxO":{"chainKey":{"counter":2,"key":"h1PQFVnyGhjBlo7Qa7yVXw0AJulYOCUVWGCmKw/q+00="},"chainType":1,"messageKeys":{}}},"pendingPreKey":{"signedKeyId":1,"baseKey":"BVec8gJwaIMk+3yMFsbOI/3DKB6sydq03GfUb1xMjDw5","preKeyId":4570434}}},"version":"v1"}