{"_sessions":{"Bctbzen2W/WaWDFG+/u84i6LThflhBjlLER9GT3X5zxy":{"registrationId":813788546,"currentRatchet":{"ephemeralKeyPair":{"pubKey":"BU1RSguqrPFRjzBY96l9gYV+tDuY8NGditoZZyCbf4wX","privKey":"WIrrNf0FJTiEChqNI/d9pereEJY4ACOmei2+/mZham4="},"lastRemoteEphemeralKey":"BXhNEguZcWV8EWWkpPlZLCp4SWU5pe5lduHsILbBqc9f","previousCounter":0,"rootKey":"Tu8MDB8rVtMlrVkayZ2Mhsq3W1rtSFyzpsIczTDBtO0="},"indexInfo":{"baseKey":"Bctbzen2W/WaWDFG+/u84i6LThflhBjlLER9GT3X5zxy","baseKeyType":1,"closed":-1,"used":1690523856290,"created":1690523856290,"remoteIdentityKey":"Bb+5RkBIEozP0rKIqq3yj2jS+mqBRydePTAUi0QsZW05"},"_chains":{"BU1RSguqrPFRjzBY96l9gYV+tDuY8NGditoZZyCbf4wX":{"chainKey":{"counter":197,"key":"u4xoZ+9lEokDJXvwatTZtfoWcR1CHAMCUE9sv1qKMEI="},"chainType":1,"messageKeys":{}}},"pendingPreKey":{"signedKeyId":0,"baseKey":"Bctbzen2W/WaWDFG+/u84i6LThflhBjlLER9GT3X5zxy","preKeyId":10078486}}},"version":"v1"}