{"_sessions":{"BX3Zn0+qstlMb6V6A0dPZJX6wQjHtg13qW3nu87t9pFe":{"registrationId":1853210405,"currentRatchet":{"ephemeralKeyPair":{"pubKey":"BctdBTczhJCm6b97S4vpD5T5hNP0gQeMOCHN912treUY","privKey":"+DO8wXsyZrf72xdRDXbQ7PX92DTGj3CE7ocNn6DLcE4="},"lastRemoteEphemeralKey":"BTGsydvKqrvrKJLpe1AbG123ojejVgwt8vylJmww2h16","previousCounter":0,"rootKey":"jTukZTWJ/tqJ/VaiP0DVicwVUWhLTKe0aOJkhHQZugE="},"indexInfo":{"baseKey":"BX3Zn0+qstlMb6V6A0dPZJX6wQjHtg13qW3nu87t9pFe","baseKeyType":1,"closed":-1,"used":1690512846215,"created":1690512846215,"remoteIdentityKey":"BeB9nWrsjOAup1ci4vSAlYDBFDMRv8tsL73kmXnMK4lA"},"_chains":{"BctdBTczhJCm6b97S4vpD5T5hNP0gQeMOCHN912treUY":{"chainKey":{"counter":2,"key":"mk17LZZIC8DCw+++WXsSlBwxSrHMhtczbkVabZm7XgY="},"chainType":1,"messageKeys":{}}},"pendingPreKey":{"signedKeyId":1,"baseKey":"BX3Zn0+qstlMb6V6A0dPZJX6wQjHtg13qW3nu87t9pFe","preKeyId":8260237}}},"version":"v1"}