{"_sessions":{"BbfBp83CcNhmbJIVwqpXOVEldMOkTxfSdRisl+LAtIsY":{"registrationId":260739008,"currentRatchet":{"ephemeralKeyPair":{"pubKey":"BTwD9/O3AT/pFYMtHGKWuTXUfjuNHqrOEwolWFyrO75y","privKey":"CNHGKza/kpVnzlxeVY/bqXVi6BqUxrbBRu5OsjHBV1s="},"lastRemoteEphemeralKey":"Be2v87Dn/tlfILx1Ukw/OOla80fSb7h+qXMqJ4JGKzMI","previousCounter":0,"rootKey":"B85HlJp5k8YKVSZHdIsmuXQZd94BziJakrylZnRzETA="},"indexInfo":{"baseKey":"BbfBp83CcNhmbJIVwqpXOVEldMOkTxfSdRisl+LAtIsY","baseKeyType":1,"closed":-1,"used":1690523855800,"created":1690523855800,"remoteIdentityKey":"BR/9fgIqT5UGMO1t+tanlxsJKlSHxVtSiMKwIDouOvYv"},"_chains":{"BTwD9/O3AT/pFYMtHGKWuTXUfjuNHqrOEwolWFyrO75y":{"chainKey":{"counter":197,"key":"tzpTzhqNn+ur3ehk7BTu849GH2KkZ1y8ArQ43S787uU="},"chainType":1,"messageKeys":{}}},"pendingPreKey":{"signedKeyId":0,"baseKey":"BbfBp83CcNhmbJIVwqpXOVEldMOkTxfSdRisl+LAtIsY"}}},"version":"v1"}