{"_sessions":{"BXcuVl0tc18rxFDcB8YUoK76FUK1Kfmm+K4DcsTW9WQG":{"registrationId":138,"currentRatchet":{"ephemeralKeyPair":{"pubKey":"BUO56Mv7hcuZ+WsqzRTGmBohZtq9xkdCH4DXpzCyoXtu","privKey":"SEUB3Z6ZY7Za2SLgH5q4dhJlR3HIYuap7VsTVwB2fkE="},"lastRemoteEphemeralKey":"BWpiTF1t1T2KywxIZeQhV30jIV4v3Foe5jKPHGWWUBQP","previousCounter":0,"rootKey":"9PTJ/wn97o6KPN925iegKjChINyLh5wRaMGRso9WKsM="},"indexInfo":{"baseKey":"BXcuVl0tc18rxFDcB8YUoK76FUK1Kfmm+K4DcsTW9WQG","baseKeyType":1,"closed":-1,"used":1690523854670,"created":1690523854670,"remoteIdentityKey":"BQSxaerS/X0LSRxJBOTcGgRZt9CWfPfC+u6OPKh2Nes9"},"_chains":{"BUO56Mv7hcuZ+WsqzRTGmBohZtq9xkdCH4DXpzCyoXtu":{"chainKey":{"counter":197,"key":"06Qrf7+O4I+E7jVx40PEHo8J5ClEvsIZY5hFYTsHWLo="},"chainType":1,"messageKeys":{}}},"pendingPreKey":{"signedKeyId":1,"baseKey":"BXcuVl0tc18rxFDcB8YUoK76FUK1Kfmm+K4DcsTW9WQG"}}},"version":"v1"}