{"_sessions":{"BdzfA2niMiUBbHVPqfvZXo9ZmBVUivpIQRP96B7KjfFC":{"registrationId":221535455,"currentRatchet":{"ephemeralKeyPair":{"pubKey":"BcrAominnAGzJPaEHRVPaLvxcj8jmHhF0YatyrvmVO41","privKey":"0CeZUTwddPQaETY6nRUcQtheltm54uYMiSwcZ0BSE20="},"lastRemoteEphemeralKey":"BQBjgtW1aKwlHzIVqdwLItaKbNL/fsbJ9rn7gf1wtkts","previousCounter":0,"rootKey":"zBGO3WzjFlrNCJ3Si/iWKCgt3luq/xhK4eDivkqKr1E="},"indexInfo":{"baseKey":"BdzfA2niMiUBbHVPqfvZXo9ZmBVUivpIQRP96B7KjfFC","baseKeyType":1,"closed":-1,"used":1690512847441,"created":1690512847441,"remoteIdentityKey":"BQY0uzvMdkLeAfe3+CC6zEnAyw7xNQSA1qCwvocdC+Ic"},"_chains":{"BcrAominnAGzJPaEHRVPaLvxcj8jmHhF0YatyrvmVO41":{"chainKey":{"counter":2,"key":"igtbfWqnGdvgDYWePfYdD0ZHnz/XOw7aABZFOZyHjHU="},"chainType":1,"messageKeys":{}}},"pendingPreKey":{"signedKeyId":20,"baseKey":"BdzfA2niMiUBbHVPqfvZXo9ZmBVUivpIQRP96B7KjfFC","preKeyId":8540060}}},"version":"v1"}