{"_sessions":{"BdBjq8zoVg8ZlAAUEBu/+TkOSJ9glrzl3WwC25sXSVwH":{"registrationId":253083662,"currentRatchet":{"ephemeralKeyPair":{"pubKey":"BcyflLPOMOMz/ZIhmWlAsq+fBHL8hc7ULkgfdpjJg1gX","privKey":"EFCF2i7UiM6wxI18V2Fmyv4LBZ3NrYrcCqin9VYXRG8="},"lastRemoteEphemeralKey":"Bec0HsQmHh8wlPNM2+CnSbHa/B0hYKLtX6ZYzcxzxH5Y","previousCounter":0,"rootKey":"oM4iV1r1BOWh1xUXOpDuIi6jClleeb8iPMv8IEvnvZQ="},"indexInfo":{"baseKey":"BdBjq8zoVg8ZlAAUEBu/+TkOSJ9glrzl3WwC25sXSVwH","baseKeyType":1,"closed":-1,"used":1690512637171,"created":1690512637171,"remoteIdentityKey":"BWkL0KxYajTrgEAq/G0HOvDHKut+df6FlX7veSSckBgY"},"_chains":{"BcyflLPOMOMz/ZIhmWlAsq+fBHL8hc7ULkgfdpjJg1gX":{"chainKey":{"counter":11,"key":"UhFgBbs93mMVQ83ijq2AKkQDVhqHpJTtL3ys2iYfCvU="},"chainType":1,"messageKeys":{}}},"pendingPreKey":{"signedKeyId":1,"baseKey":"BdBjq8zoVg8ZlAAUEBu/+TkOSJ9glrzl3WwC25sXSVwH","preKeyId":11476920}}},"version":"v1"}