{"_sessions":{"BXzYYDP2n0B4L/fq2LvRms1aob8BBQdMYx56yHnqQJ0+":{"registrationId":201369952,"currentRatchet":{"ephemeralKeyPair":{"pubKey":"BbZop4J328WBhhxMZNhQgA2zZpAIlkmCVStoBUmIKOtF","privKey":"QLsWLdJ5/hAAJbogocv+kNaztqzn/WUqrvZ5oc+jqEA="},"lastRemoteEphemeralKey":"BRRQjHITrlLJ8sj+xkfGH3xKjRmIl1yjbM6Ot+JWZIMu","previousCounter":0,"rootKey":"XeYW7wxVbI9lvHytw1eSiG/yf/skK1DTn2/i5HrPWd8="},"indexInfo":{"baseKey":"BXzYYDP2n0B4L/fq2LvRms1aob8BBQdMYx56yHnqQJ0+","baseKeyType":1,"closed":-1,"used":1690523856267,"created":1690523856267,"remoteIdentityKey":"BS/wv85d3qzwZbGww0ULp5Gt4pbwtrDluzgRt/8iIcNp"},"_chains":{"BbZop4J328WBhhxMZNhQgA2zZpAIlkmCVStoBUmIKOtF":{"chainKey":{"counter":197,"key":"bnnM99+mTmjI4GztsaPnEYkpQmXnlnwEM4mNgSROuH4="},"chainType":1,"messageKeys":{}}},"pendingPreKey":{"signedKeyId":1,"baseKey":"BXzYYDP2n0B4L/fq2LvRms1aob8BBQdMYx56yHnqQJ0+","preKeyId":6412113}}},"version":"v1"}