{"_sessions":{"BddsSJtVoekaZzhz2WhFa1ORu5DbU/mx2SzaE5ShvBUA":{"registrationId":539353366,"currentRatchet":{"ephemeralKeyPair":{"pubKey":"BRokw8SmqGm3qm3Vk5+0lM61hDkdg4pnKIMZYnZotA4W","privKey":"yEp7Q4dSVmdDhwBzlAtSWaJ3Y+TWIyE+20GY13QEfFA="},"lastRemoteEphemeralKey":"BZeJk2UdEYYVm4riuCVRvlLQvVFiV2jCbttgrXa5/bQs","previousCounter":0,"rootKey":"6eSxsWrfnuj3jvzbt9kh3/6DuYYEnbu9OUTHTjQPTo8="},"indexInfo":{"baseKey":"BddsSJtVoekaZzhz2WhFa1ORu5DbU/mx2SzaE5ShvBUA","baseKeyType":1,"closed":-1,"used":1690512846921,"created":1690512846921,"remoteIdentityKey":"BWnP/mHpzZhc2jXp7LILMQhbmlCSFsTakv3qB9MH5gpa"},"_chains":{"BRokw8SmqGm3qm3Vk5+0lM61hDkdg4pnKIMZYnZotA4W":{"chainKey":{"counter":2,"key":"FO8M8/MExE8KOY9YZVQ44dmjVqrfNHRQfVft6PywBUA="},"chainType":1,"messageKeys":{}}},"pendingPreKey":{"signedKeyId":10667141,"baseKey":"BddsSJtVoekaZzhz2WhFa1ORu5DbU/mx2SzaE5ShvBUA","preKeyId":659}}},"version":"v1"}