{"_sessions":{"BTie6YO1YDz3EY2engCWLRLwLh9L443CS9ze8SBG+WFT":{"registrationId":458,"currentRatchet":{"ephemeralKeyPair":{"pubKey":"BZps/rfJPj38oAHIlviC4yp0Sl2JzjcA+GcTINxIyLha","privKey":"AKhBqfQEr1BngBT3yHWe40MsBHbYRsm8kJZ3JScx4l4="},"lastRemoteEphemeralKey":"BcX7wCtOQez5hhh8nesTr133Xzmx59MFDddbVRy6ht0W","previousCounter":0,"rootKey":"DON3ut3e9DaRYdFTRDoMxKM/IbCzwbplpHMBfF9nYB8="},"indexInfo":{"baseKey":"BTie6YO1YDz3EY2engCWLRLwLh9L443CS9ze8SBG+WFT","baseKeyType":1,"closed":-1,"used":1690512845484,"created":1690512845484,"remoteIdentityKey":"BVJJUMMk1y74r+BghDCI5996Mxfxa0YD4oMzFUhlLy0j"},"_chains":{"BZps/rfJPj38oAHIlviC4yp0Sl2JzjcA+GcTINxIyLha":{"chainKey":{"counter":2,"key":"MYpeL4CMnArsbnfLXtsOEfvCU7eLO92VKxfOIiwSxBE="},"chainType":1,"messageKeys":{}}},"pendingPreKey":{"signedKeyId":3,"baseKey":"BTie6YO1YDz3EY2engCWLRLwLh9L443CS9ze8SBG+WFT","preKeyId":3427}}},"version":"v1"}