{"_sessions":{"BR9j2bu9Ibp5Yw26dtzxyieiPy3AzV+2Zc5K6W8Y+MBA":{"registrationId":1174689317,"currentRatchet":{"ephemeralKeyPair":{"pubKey":"BXvs3mW4PXpbc/uyS6X897/lLyl2dKdaHRyFrNmO24kE","privKey":"CEBOeuZh4fdxjPUIkEncQYNvqyKhf38nMgH/vEzeFkM="},"lastRemoteEphemeralKey":"BRshtQOQCdwBVs6K7UNbP8M4TxQnaSP4QaHBlih44q9o","previousCounter":0,"rootKey":"NNWqUoTlRj6ep6HY1m7BM69C4+dpdzLXlUJndKZvaRg="},"indexInfo":{"baseKey":"BR9j2bu9Ibp5Yw26dtzxyieiPy3AzV+2Zc5K6W8Y+MBA","baseKeyType":1,"closed":-1,"used":1690512637114,"created":1690512637114,"remoteIdentityKey":"BcsLpBGJtsToa9OIVWM31WRPmjt7hiqId2EWgfEzilBa"},"_chains":{"BXvs3mW4PXpbc/uyS6X897/lLyl2dKdaHRyFrNmO24kE":{"chainKey":{"counter":124,"key":"/4stBCU+Lfv1p0fa774YhGeQGUfvPdVI+tZEBtA9YWA="},"chainType":1,"messageKeys":{}}},"pendingPreKey":{"signedKeyId":1,"baseKey":"BR9j2bu9Ibp5Yw26dtzxyieiPy3AzV+2Zc5K6W8Y+MBA","preKeyId":8438958}}},"version":"v1"}