{"_sessions":{"BQGUjQsMy5hf+XJX0mXdl63q7SCRHiVqIuF70eYd+Xc/":{"registrationId":1434517813,"currentRatchet":{"ephemeralKeyPair":{"pubKey":"BcpPZpZY/31VhHOjSXCLkfVdccOOiVtjImCJiToPCsBz","privKey":"GO0Qjv1pYN5e9xHZHClIHAb0xXzXnVmP6/nzbZeReHE="},"lastRemoteEphemeralKey":"BfkHHienALo4aW82F4gW+FZFlhJ2yysOJqWMvqseqA9u","previousCounter":0,"rootKey":"yOTe86S9ra2za3ZkXo/6giyKat875IId9luhxYXz2L0="},"indexInfo":{"baseKey":"BQGUjQsMy5hf+XJX0mXdl63q7SCRHiVqIuF70eYd+Xc/","baseKeyType":1,"closed":-1,"used":1690523856765,"created":1690523856765,"remoteIdentityKey":"BTj3WTQ492xafWotlx66e67otkum/v7NfT6qk8JMG2At"},"_chains":{"BcpPZpZY/31VhHOjSXCLkfVdccOOiVtjImCJiToPCsBz":{"chainKey":{"counter":197,"key":"K6CtQh+aVG3W++sP9meII82fhgXXt9loeKQ83muqZQg="},"chainType":1,"messageKeys":{}}},"pendingPreKey":{"signedKeyId":1,"baseKey":"BQGUjQsMy5hf+XJX0mXdl63q7SCRHiVqIuF70eYd+Xc/","preKeyId":15655124}}},"version":"v1"}