{"_sessions":{"BfNzmxIgL98wOkQ8xUGdaSxwCjYMrhNw9GySNbOTWaVd":{"registrationId":913082438,"currentRatchet":{"ephemeralKeyPair":{"pubKey":"BRHGRELup0SeDjqqb9A7MHPb19bNkLBEhSY9/H41n1Qt","privKey":"MPTp+BFsVTVIrVNem8v0BKUdCm8una3wtiabNZGkxVo="},"lastRemoteEphemeralKey":"BVe5yiQLBsdCKr7jqj5fHvOECNFuJ4yltO/1LGh4Sb1F","previousCounter":0,"rootKey":"lxjuQq2/JyKnz24JDu/ValnbXA9aI2tkljzgGYQyg/k="},"indexInfo":{"baseKey":"BfNzmxIgL98wOkQ8xUGdaSxwCjYMrhNw9GySNbOTWaVd","baseKeyType":1,"closed":-1,"used":1690512846720,"created":1690512846720,"remoteIdentityKey":"BXTlCWcs+Fimoqv1q+y8EvAb/9exeGzK6ldU8r7XSAYS"},"_chains":{"BRHGRELup0SeDjqqb9A7MHPb19bNkLBEhSY9/H41n1Qt":{"chainKey":{"counter":2,"key":"5ZE/eVAe38oW3OqvoqgaiA86HunK3MEOErETiQtdfyk="},"chainType":1,"messageKeys":{}}},"pendingPreKey":{"signedKeyId":6,"baseKey":"BfNzmxIgL98wOkQ8xUGdaSxwCjYMrhNw9GySNbOTWaVd","preKeyId":12939406}}},"version":"v1"}