{"_sessions":{"BU2uI9O9JAxyB9VRJIoHPUMW6G0MsP8BvOc6PlW6s8pA":{"registrationId":66,"currentRatchet":{"ephemeralKeyPair":{"pubKey":"BVBHVQKRLyT78pPFlyNnAiRF75ofnXZ6H0gyq9Pdhkcu","privKey":"AHyiGlghi6/UbvrOrxG9tLNTkS68hRZmyBw2DlZxt0s="},"lastRemoteEphemeralKey":"BWbLs4ZfyKmFpcg7nX594y+NT4S1NUDUJWLISEsJ9Zhm","previousCounter":0,"rootKey":"1V/Usx2C1PxtW1DXY1RNyJ3MW678b86xqgQSfbNsNHM="},"indexInfo":{"baseKey":"BU2uI9O9JAxyB9VRJIoHPUMW6G0MsP8BvOc6PlW6s8pA","baseKeyType":1,"closed":-1,"used":1690523854648,"created":1690523854648,"remoteIdentityKey":"BYyY3hcq5qSygsG704bHBe2/IpKyhd+38WLfoKvgcadK"},"_chains":{"BVBHVQKRLyT78pPFlyNnAiRF75ofnXZ6H0gyq9Pdhkcu":{"chainKey":{"counter":197,"key":"PxEwYfVHvpBdF5YfsK+oZHqWahaFMN+vQv82CI2Igl4="},"chainType":1,"messageKeys":{}}},"pendingPreKey":{"signedKeyId":1,"baseKey":"BU2uI9O9JAxyB9VRJIoHPUMW6G0MsP8BvOc6PlW6s8pA"}}},"version":"v1"}