{"_sessions":{"BSDAXcpTdPKsi8r6BzIyJrr9lXUBwB5v8mbiVlBhENIr":{"registrationId":463566167,"currentRatchet":{"ephemeralKeyPair":{"pubKey":"Bc2mZUKGRorADYx+6bTOI/SV9xnjzM+Ennvvt8VV3ZVf","privKey":"sOKfsP4RnkIbyPsfRDjQ8BzK55GFF7EOUeeG9+reVnQ="},"lastRemoteEphemeralKey":"BSNc6Z2D3GAOEwcjKtm942nlfcCkUBapDgW9aclPBEhw","previousCounter":0,"rootKey":"UBxFTDQqSI5PzSn4SLusML33VUoQLq3txyyWHExTLwQ="},"indexInfo":{"baseKey":"BSDAXcpTdPKsi8r6BzIyJrr9lXUBwB5v8mbiVlBhENIr","baseKeyType":1,"closed":-1,"used":1690523855841,"created":1690523855841,"remoteIdentityKey":"BSIhKtl35reC6lyKhttXscHfd6kCpi/3oHwfXZ0HzMwa"},"_chains":{"Bc2mZUKGRorADYx+6bTOI/SV9xnjzM+Ennvvt8VV3ZVf":{"chainKey":{"counter":197,"key":"7cmymsoXgMTvGtSYcqVFIvGfB7HcgyJ7B38l02vs2aA="},"chainType":1,"messageKeys":{}}},"pendingPreKey":{"signedKeyId":0,"baseKey":"BSDAXcpTdPKsi8r6BzIyJrr9lXUBwB5v8mbiVlBhENIr"}}},"version":"v1"}