{"_sessions":{"BV4ikr4kU1W3OP0koL64v7iqZFavYjGI16dGImWM13Az":{"registrationId":410180076,"currentRatchet":{"ephemeralKeyPair":{"pubKey":"BTdou6icoFotB02GNc9t6Zjk5RVSBtjvU6rvYti36a4F","privKey":"4K76RBHz2i/JJONOQp9+58nt7Mww1HRGDnRHnkshhF4="},"lastRemoteEphemeralKey":"Bb4kOzRVCMFbQfFhcH2wU2aOkGGGEyDFeQZJPvPaVrsE","previousCounter":0,"rootKey":"TC84XWv8xe/LCBVL+9U6b9piD7cI9RF8JyY/08DY7m0="},"indexInfo":{"baseKey":"BV4ikr4kU1W3OP0koL64v7iqZFavYjGI16dGImWM13Az","baseKeyType":1,"closed":-1,"used":1690512846109,"created":1690512846109,"remoteIdentityKey":"BQ7CAY4kuQxFkKzKMn4ksMuhGo/K+FhaMpwEwgiwXa1e"},"_chains":{"BTdou6icoFotB02GNc9t6Zjk5RVSBtjvU6rvYti36a4F":{"chainKey":{"counter":2,"key":"KLN2pyD7HLBDiRDhIBrer/WcgkpsrhINZEFA708qq5U="},"chainType":1,"messageKeys":{}}},"pendingPreKey":{"signedKeyId":5,"baseKey":"BV4ikr4kU1W3OP0koL64v7iqZFavYjGI16dGImWM13Az","preKeyId":12672616}}},"version":"v1"}